INDEX_NAME,OPEN_INDEX_VAL,HIGH_INDEX_VAL,CLOSE_INDEX_VAL,LOW_INDEX_VAL,TURN_OVER,TRADED_QTY,TIMESTAMP
NIFTY200 MOMENTUM 30,,,3981.7459,,,,2008-01-01
NIFTY200 MOMENTUM 30,,,4050.9695,,,,2008-01-02
NIFTY200 MOMENTUM 30,,,4086.153,,,,2008-01-03
NIFTY200 MOMENTUM 30,,,4150.3238,,,,2008-01-04
NIFTY200 MOMENTUM 30,,,4156.0901,,,,2008-01-07
NIFTY200 MOMENTUM 30,,,4129.4955,,,,2008-01-08
NIFTY200 MOMENTUM 30,,,4092.3347,,,,2008-01-09
NIFTY200 MOMENTUM 30,,,3945.6723,,,,2008-01-10
NIFTY200 MOMENTUM 30,,,3967.0028,,,,2008-01-11
NIFTY200 MOMENTUM 30,,,4063.5644,,,,2008-01-14
NIFTY200 MOMENTUM 30,,,3976.1452,,,,2008-01-15
NIFTY200 MOMENTUM 30,,,3912.5859,,,,2008-01-16
NIFTY200 MOMENTUM 30,,,3899.918,,,,2008-01-17
NIFTY200 MOMENTUM 30,,,3692.0214,,,,2008-01-18
NIFTY200 MOMENTUM 30,,,3174.9266,,,,2008-01-21
NIFTY200 MOMENTUM 30,,,2972.2349,,,,2008-01-22
NIFTY200 MOMENTUM 30,,,3242.5805,,,,2008-01-23
NIFTY200 MOMENTUM 30,,,3081.1739,,,,2008-01-24
NIFTY200 MOMENTUM 30,,,3376.6975,,,,2008-01-25
NIFTY200 MOMENTUM 30,,,3352.3723,,,,2008-01-28
NIFTY200 MOMENTUM 30,,,3334.0221,,,,2008-01-29
NIFTY200 MOMENTUM 30,,,3221.5999,,,,2008-01-30
NIFTY200 MOMENTUM 30,,,3187.6896,,,,2008-01-31
NIFTY200 MOMENTUM 30,,,3225.4178,,,,2008-02-01
NIFTY200 MOMENTUM 30,,,3321.2456,,,,2008-02-04
NIFTY200 MOMENTUM 30,,,3393.291,,,,2008-02-05
NIFTY200 MOMENTUM 30,,,3319.2242,,,,2008-02-06
NIFTY200 MOMENTUM 30,,,3187.7346,,,,2008-02-07
NIFTY200 MOMENTUM 30,,,3125.5303,,,,2008-02-08
NIFTY200 MOMENTUM 30,,,2874.4613,,,,2008-02-11
NIFTY200 MOMENTUM 30,,,2868.3652,,,,2008-02-12
NIFTY200 MOMENTUM 30,,,2907.8302,,,,2008-02-13
NIFTY200 MOMENTUM 30,,,3125.1116,,,,2008-02-14
NIFTY200 MOMENTUM 30,,,3192.8565,,,,2008-02-15
NIFTY200 MOMENTUM 30,,,3187.247,,,,2008-02-18
NIFTY200 MOMENTUM 30,,,3191.9144,,,,2008-02-19
NIFTY200 MOMENTUM 30,,,3082.4163,,,,2008-02-20
NIFTY200 MOMENTUM 30,,,3114.8875,,,,2008-02-21
NIFTY200 MOMENTUM 30,,,3055.1658,,,,2008-02-22
NIFTY200 MOMENTUM 30,,,3095.3234,,,,2008-02-25
NIFTY200 MOMENTUM 30,,,3149.1227,,,,2008-02-26
NIFTY200 MOMENTUM 30,,,3153.9127,,,,2008-02-27
NIFTY200 MOMENTUM 30,,,3136.5657,,,,2008-02-28
NIFTY200 MOMENTUM 30,,,3104.6713,,,,2008-02-29
NIFTY200 MOMENTUM 30,,,2897.3826,,,,2008-03-03
NIFTY200 MOMENTUM 30,,,2821.4058,,,,2008-03-04
NIFTY200 MOMENTUM 30,,,2812.2957,,,,2008-03-05
NIFTY200 MOMENTUM 30,,,2665.1961,,,,2008-03-07
NIFTY200 MOMENTUM 30,,,2673.6341,,,,2008-03-10
NIFTY200 MOMENTUM 30,,,2774.8919,,,,2008-03-11
NIFTY200 MOMENTUM 30,,,2780.4847,,,,2008-03-12
NIFTY200 MOMENTUM 30,,,2565.9496,,,,2008-03-13
NIFTY200 MOMENTUM 30,,,2652.9081,,,,2008-03-14
NIFTY200 MOMENTUM 30,,,2463.0083,,,,2008-03-17
NIFTY200 MOMENTUM 30,,,2445.0365,,,,2008-03-18
NIFTY200 MOMENTUM 30,,,2449.4949,,,,2008-03-19
NIFTY200 MOMENTUM 30,,,2397.6208,,,,2008-03-24
NIFTY200 MOMENTUM 30,,,2594.9732,,,,2008-03-25
NIFTY200 MOMENTUM 30,,,2580.7682,,,,2008-03-26
NIFTY200 MOMENTUM 30,,,2561.5922,,,,2008-03-27
NIFTY200 MOMENTUM 30,,,2679.5112,,,,2008-03-28
NIFTY200 MOMENTUM 30,,,2558.9628,,,,2008-03-31
NIFTY200 MOMENTUM 30,,,2540.2064,,,,2008-04-01
NIFTY200 MOMENTUM 30,,,2518.5901,,,,2008-04-02
NIFTY200 MOMENTUM 30,,,2521.1663,,,,2008-04-03
NIFTY200 MOMENTUM 30,,,2444.2911,,,,2008-04-04
NIFTY200 MOMENTUM 30,,,2508.1239,,,,2008-04-07
NIFTY200 MOMENTUM 30,,,2476.5066,,,,2008-04-08
NIFTY200 MOMENTUM 30,,,2519.8515,,,,2008-04-09
NIFTY200 MOMENTUM 30,,,2547.5685,,,,2008-04-10
NIFTY200 MOMENTUM 30,,,2599.4652,,,,2008-04-11
NIFTY200 MOMENTUM 30,,,2646.7971,,,,2008-04-15
NIFTY200 MOMENTUM 30,,,2667.1424,,,,2008-04-16
NIFTY200 MOMENTUM 30,,,2715.5504,,,,2008-04-17
NIFTY200 MOMENTUM 30,,,2792.6111,,,,2008-04-21
NIFTY200 MOMENTUM 30,,,2844.0248,,,,2008-04-22
NIFTY200 MOMENTUM 30,,,2818.5373,,,,2008-04-23
NIFTY200 MOMENTUM 30,,,2815.6702,,,,2008-04-24
NIFTY200 MOMENTUM 30,,,2873.5777,,,,2008-04-25
NIFTY200 MOMENTUM 30,,,2867.2763,,,,2008-04-28
NIFTY200 MOMENTUM 30,,,2937.1768,,,,2008-04-29
NIFTY200 MOMENTUM 30,,,2922.6713,,,,2008-04-30
NIFTY200 MOMENTUM 30,,,2979.4933,,,,2008-05-02
NIFTY200 MOMENTUM 30,,,2967.4111,,,,2008-05-05
NIFTY200 MOMENTUM 30,,,2905.7059,,,,2008-05-06
NIFTY200 MOMENTUM 30,,,2895.69,,,,2008-05-07
NIFTY200 MOMENTUM 30,,,2851.6705,,,,2008-05-08
NIFTY200 MOMENTUM 30,,,2739.9344,,,,2008-05-09
NIFTY200 MOMENTUM 30,,,2768.4254,,,,2008-05-12
NIFTY200 MOMENTUM 30,,,2754.5005,,,,2008-05-13
NIFTY200 MOMENTUM 30,,,2804.3218,,,,2008-05-14
NIFTY200 MOMENTUM 30,,,2877.6047,,,,2008-05-15
NIFTY200 MOMENTUM 30,,,2924.739,,,,2008-05-16
NIFTY200 MOMENTUM 30,,,2894.9576,,,,2008-05-20
NIFTY200 MOMENTUM 30,,,2940.2677,,,,2008-05-21
NIFTY200 MOMENTUM 30,,,2874.5503,,,,2008-05-22
NIFTY200 MOMENTUM 30,,,2810.3021,,,,2008-05-23
NIFTY200 MOMENTUM 30,,,2730.5597,,,,2008-05-26
NIFTY200 MOMENTUM 30,,,2695.4572,,,,2008-05-27
NIFTY200 MOMENTUM 30,,,2727.1303,,,,2008-05-28
NIFTY200 MOMENTUM 30,,,2707.9762,,,,2008-05-29
NIFTY200 MOMENTUM 30,,,2706.5617,,,,2008-05-30
NIFTY200 MOMENTUM 30,,,2610.9127,,,,2008-06-02
NIFTY200 MOMENTUM 30,,,2597.4037,,,,2008-06-03
NIFTY200 MOMENTUM 30,,,2479.0148,,,,2008-06-04
NIFTY200 MOMENTUM 30,,,2540.6938,,,,2008-06-05
NIFTY200 MOMENTUM 30,,,2512.5725,,,,2008-06-06
NIFTY200 MOMENTUM 30,,,2451.2613,,,,2008-06-09
NIFTY200 MOMENTUM 30,,,2432.9364,,,,2008-06-10
NIFTY200 MOMENTUM 30,,,2469.001,,,,2008-06-11
NIFTY200 MOMENTUM 30,,,2506.4953,,,,2008-06-12
NIFTY200 MOMENTUM 30,,,2479.4985,,,,2008-06-13
NIFTY200 MOMENTUM 30,,,2506.1598,,,,2008-06-16
NIFTY200 MOMENTUM 30,,,2572.6902,,,,2008-06-17
NIFTY200 MOMENTUM 30,,,2515.2679,,,,2008-06-18
NIFTY200 MOMENTUM 30,,,2460.9118,,,,2008-06-19
NIFTY200 MOMENTUM 30,,,2350.5728,,,,2008-06-20
NIFTY200 MOMENTUM 30,,,2251.092,,,,2008-06-23
NIFTY200 MOMENTUM 30,,,2200.283,,,,2008-06-24
NIFTY200 MOMENTUM 30,,,2250.7089,,,,2008-06-25
NIFTY200 MOMENTUM 30,,,2271.541,,,,2008-06-26
NIFTY200 MOMENTUM 30,,,2174.6668,,,,2008-06-27
NIFTY200 MOMENTUM 30,,,2091.2637,,,,2008-06-30
NIFTY200 MOMENTUM 30,,,1987.4937,,,,2008-07-01
NIFTY200 MOMENTUM 30,,,2113.1963,,,,2008-07-02
NIFTY200 MOMENTUM 30,,,1999.0246,,,,2008-07-03
NIFTY200 MOMENTUM 30,,,2077.5166,,,,2008-07-04
NIFTY200 MOMENTUM 30,,,2082.969,,,,2008-07-07
NIFTY200 MOMENTUM 30,,,2068.704,,,,2008-07-08
NIFTY200 MOMENTUM 30,,,2173.349,,,,2008-07-09
NIFTY200 MOMENTUM 30,,,2188.4232,,,,2008-07-10
NIFTY200 MOMENTUM 30,,,2120.7506,,,,2008-07-11
NIFTY200 MOMENTUM 30,,,2122.3778,,,,2008-07-14
NIFTY200 MOMENTUM 30,,,2027.7903,,,,2008-07-15
NIFTY200 MOMENTUM 30,,,1977.1057,,,,2008-07-16
NIFTY200 MOMENTUM 30,,,2025.0681,,,,2008-07-17
NIFTY200 MOMENTUM 30,,,2105.3553,,,,2008-07-18
NIFTY200 MOMENTUM 30,,,2113.6793,,,,2008-07-21
NIFTY200 MOMENTUM 30,,,2198.5248,,,,2008-07-22
NIFTY200 MOMENTUM 30,,,2374.9075,,,,2008-07-23
NIFTY200 MOMENTUM 30,,,2356.9333,,,,2008-07-24
NIFTY200 MOMENTUM 30,,,2293.6297,,,,2008-07-25
NIFTY200 MOMENTUM 30,,,2305.6037,,,,2008-07-28
NIFTY200 MOMENTUM 30,,,2211.5292,,,,2008-07-29
NIFTY200 MOMENTUM 30,,,2308.5018,,,,2008-07-30
NIFTY200 MOMENTUM 30,,,2320.034,,,,2008-07-31
NIFTY200 MOMENTUM 30,,,2388.2173,,,,2008-08-01
NIFTY200 MOMENTUM 30,,,2436.5089,,,,2008-08-04
NIFTY200 MOMENTUM 30,,,2470.9587,,,,2008-08-05
NIFTY200 MOMENTUM 30,,,2426.4016,,,,2008-08-06
NIFTY200 MOMENTUM 30,,,2430.3901,,,,2008-08-07
NIFTY200 MOMENTUM 30,,,2436.4222,,,,2008-08-08
NIFTY200 MOMENTUM 30,,,2492.927,,,,2008-08-11
NIFTY200 MOMENTUM 30,,,2445.7754,,,,2008-08-12
NIFTY200 MOMENTUM 30,,,2432.9012,,,,2008-08-13
NIFTY200 MOMENTUM 30,,,2356.7776,,,,2008-08-14
NIFTY200 MOMENTUM 30,,,2318.3626,,,,2008-08-18
NIFTY200 MOMENTUM 30,,,2318.8065,,,,2008-08-19
NIFTY200 MOMENTUM 30,,,2354.5859,,,,2008-08-20
NIFTY200 MOMENTUM 30,,,2277.0135,,,,2008-08-21
NIFTY200 MOMENTUM 30,,,2309.4743,,,,2008-08-22
NIFTY200 MOMENTUM 30,,,2300.6213,,,,2008-08-25
NIFTY200 MOMENTUM 30,,,2306.8804,,,,2008-08-26
NIFTY200 MOMENTUM 30,,,2277.7223,,,,2008-08-27
NIFTY200 MOMENTUM 30,,,2236.1248,,,,2008-08-28
NIFTY200 MOMENTUM 30,,,2325.4201,,,,2008-08-29
NIFTY200 MOMENTUM 30,,,2322.9868,,,,2008-09-01
NIFTY200 MOMENTUM 30,,,2385.5604,,,,2008-09-02
NIFTY200 MOMENTUM 30,,,2354.7827,,,,2008-09-04
NIFTY200 MOMENTUM 30,,,2290.5411,,,,2008-09-05
NIFTY200 MOMENTUM 30,,,2348.6615,,,,2008-09-08
NIFTY200 MOMENTUM 30,,,2326.5592,,,,2008-09-09
NIFTY200 MOMENTUM 30,,,2298.5921,,,,2008-09-10
NIFTY200 MOMENTUM 30,,,2260.5231,,,,2008-09-11
NIFTY200 MOMENTUM 30,,,2237.0423,,,,2008-09-12
NIFTY200 MOMENTUM 30,,,2143.5558,,,,2008-09-15
NIFTY200 MOMENTUM 30,,,2126.8133,,,,2008-09-16
NIFTY200 MOMENTUM 30,,,2088.7188,,,,2008-09-17
NIFTY200 MOMENTUM 30,,,2077.7212,,,,2008-09-18
NIFTY200 MOMENTUM 30,,,2163.9476,,,,2008-09-19
NIFTY200 MOMENTUM 30,,,2168.1759,,,,2008-09-22
NIFTY200 MOMENTUM 30,,,2147.5094,,,,2008-09-23
NIFTY200 MOMENTUM 30,,,2166.7266,,,,2008-09-24
NIFTY200 MOMENTUM 30,,,2139.4809,,,,2008-09-25
NIFTY200 MOMENTUM 30,,,2081.6769,,,,2008-09-26
NIFTY200 MOMENTUM 30,,,2009.8687,,,,2008-09-29
NIFTY200 MOMENTUM 30,,,2037.1029,,,,2008-09-30
NIFTY200 MOMENTUM 30,,,2046.7163,,,,2008-10-01
NIFTY200 MOMENTUM 30,,,1982.2716,,,,2008-10-03
NIFTY200 MOMENTUM 30,,,1856.2746,,,,2008-10-06
NIFTY200 MOMENTUM 30,,,1849.3529,,,,2008-10-07
NIFTY200 MOMENTUM 30,,,1810.5222,,,,2008-10-08
NIFTY200 MOMENTUM 30,,,1696.1023,,,,2008-10-10
NIFTY200 MOMENTUM 30,,,1756.7977,,,,2008-10-13
NIFTY200 MOMENTUM 30,,,1792.954,,,,2008-10-14
NIFTY200 MOMENTUM 30,,,1711.3946,,,,2008-10-15
NIFTY200 MOMENTUM 30,,,1676.8307,,,,2008-10-16
NIFTY200 MOMENTUM 30,,,1608.9344,,,,2008-10-17
NIFTY200 MOMENTUM 30,,,1616.4952,,,,2008-10-20
NIFTY200 MOMENTUM 30,,,1672.5963,,,,2008-10-21
NIFTY200 MOMENTUM 30,,,1611.7437,,,,2008-10-22
NIFTY200 MOMENTUM 30,,,1532.6222,,,,2008-10-23
NIFTY200 MOMENTUM 30,,,1392.4604,,,,2008-10-24
NIFTY200 MOMENTUM 30,,,1334.5384,,,,2008-10-27
NIFTY200 MOMENTUM 30,,,1408.5394,,,,2008-10-28
NIFTY200 MOMENTUM 30,,,1404.2656,,,,2008-10-29
NIFTY200 MOMENTUM 30,,,1480.3607,,,,2008-10-31
NIFTY200 MOMENTUM 30,,,1537.6077,,,,2008-11-03
NIFTY200 MOMENTUM 30,,,1574.4305,,,,2008-11-04
NIFTY200 MOMENTUM 30,,,1544.3596,,,,2008-11-05
NIFTY200 MOMENTUM 30,,,1510.7613,,,,2008-11-06
NIFTY200 MOMENTUM 30,,,1544.2084,,,,2008-11-07
NIFTY200 MOMENTUM 30,,,1624.2634,,,,2008-11-10
NIFTY200 MOMENTUM 30,,,1547.2925,,,,2008-11-11
NIFTY200 MOMENTUM 30,,,1516.1347,,,,2008-11-12
NIFTY200 MOMENTUM 30,,,1502.6581,,,,2008-11-14
NIFTY200 MOMENTUM 30,,,1488.277,,,,2008-11-17
NIFTY200 MOMENTUM 30,,,1449.2873,,,,2008-11-18
NIFTY200 MOMENTUM 30,,,1431.0897,,,,2008-11-19
NIFTY200 MOMENTUM 30,,,1386.6914,,,,2008-11-20
NIFTY200 MOMENTUM 30,,,1418.0847,,,,2008-11-21
NIFTY200 MOMENTUM 30,,,1426.59,,,,2008-11-24
NIFTY200 MOMENTUM 30,,,1427.5883,,,,2008-11-25
NIFTY200 MOMENTUM 30,,,1461.8367,,,,2008-11-26
NIFTY200 MOMENTUM 30,,,1473.2993,,,,2008-11-28
NIFTY200 MOMENTUM 30,,,1435.5295,,,,2008-12-01
NIFTY200 MOMENTUM 30,,,1424.6921,,,,2008-12-02
NIFTY200 MOMENTUM 30,,,1424.097,,,,2008-12-03
NIFTY200 MOMENTUM 30,,,1460.055,,,,2008-12-04
NIFTY200 MOMENTUM 30,,,1435.6432,,,,2008-12-05
NIFTY200 MOMENTUM 30,,,1459.0812,,,,2008-12-08
NIFTY200 MOMENTUM 30,,,1501.1525,,,,2008-12-10
NIFTY200 MOMENTUM 30,,,1509.8277,,,,2008-12-11
NIFTY200 MOMENTUM 30,,,1502.9129,,,,2008-12-12
NIFTY200 MOMENTUM 30,,,1536.0255,,,,2008-12-15
NIFTY200 MOMENTUM 30,,,1576.9102,,,,2008-12-16
NIFTY200 MOMENTUM 30,,,1536.1369,,,,2008-12-17
NIFTY200 MOMENTUM 30,,,1577.7928,,,,2008-12-18
NIFTY200 MOMENTUM 30,,,1585.1595,,,,2008-12-19
NIFTY200 MOMENTUM 30,,,1569.6098,,,,2008-12-22
NIFTY200 MOMENTUM 30,,,1542.015,,,,2008-12-23
NIFTY200 MOMENTUM 30,,,1527.1387,,,,2008-12-24
NIFTY200 MOMENTUM 30,,,1516.3762,,,,2008-12-26
NIFTY200 MOMENTUM 30,,,1550.3265,,,,2008-12-29
NIFTY200 MOMENTUM 30,,,1569.0879,,,,2008-12-30
NIFTY200 MOMENTUM 30,,,1572.8222,,,,2008-12-31
NIFTY200 MOMENTUM 30,,,1608.0734,,,,2009-01-01
NIFTY200 MOMENTUM 30,,,1607.946,,,,2009-01-02
NIFTY200 MOMENTUM 30,,,1635.1006,,,,2009-01-05
NIFTY200 MOMENTUM 30,,,1632.2539,,,,2009-01-06
NIFTY200 MOMENTUM 30,,,1569.1352,,,,2009-01-07
NIFTY200 MOMENTUM 30,,,1546.9357,,,,2009-01-09
NIFTY200 MOMENTUM 30,,,1513.6932,,,,2009-01-12
NIFTY200 MOMENTUM 30,,,1499.524,,,,2009-01-13
NIFTY200 MOMENTUM 30,,,1539.113,,,,2009-01-14
NIFTY200 MOMENTUM 30,,,1507.5744,,,,2009-01-15
NIFTY200 MOMENTUM 30,,,1543.7808,,,,2009-01-16
NIFTY200 MOMENTUM 30,,,1551.3488,,,,2009-01-19
NIFTY200 MOMENTUM 30,,,1538.3315,,,,2009-01-20
NIFTY200 MOMENTUM 30,,,1502.4666,,,,2009-01-21
NIFTY200 MOMENTUM 30,,,1500.2539,,,,2009-01-22
NIFTY200 MOMENTUM 30,,,1484.0473,,,,2009-01-23
NIFTY200 MOMENTUM 30,,,1517.0364,,,,2009-01-27
NIFTY200 MOMENTUM 30,,,1559.4665,,,,2009-01-28
NIFTY200 MOMENTUM 30,,,1542.0045,,,,2009-01-29
NIFTY200 MOMENTUM 30,,,1563.8351,,,,2009-01-30
NIFTY200 MOMENTUM 30,,,1527.1547,,,,2009-02-02
NIFTY200 MOMENTUM 30,,,1525.3694,,,,2009-02-03
NIFTY200 MOMENTUM 30,,,1530.3408,,,,2009-02-04
NIFTY200 MOMENTUM 30,,,1530.9,,,,2009-02-05
NIFTY200 MOMENTUM 30,,,1558.6472,,,,2009-02-06
NIFTY200 MOMENTUM 30,,,1585.5362,,,,2009-02-09
NIFTY200 MOMENTUM 30,,,1596.0302,,,,2009-02-10
NIFTY200 MOMENTUM 30,,,1587.3056,,,,2009-02-11
NIFTY200 MOMENTUM 30,,,1585.0894,,,,2009-02-12
NIFTY200 MOMENTUM 30,,,1603.287,,,,2009-02-13
NIFTY200 MOMENTUM 30,,,1556.605,,,,2009-02-16
NIFTY200 MOMENTUM 30,,,1528.7935,,,,2009-02-17
NIFTY200 MOMENTUM 30,,,1527.1353,,,,2009-02-18
NIFTY200 MOMENTUM 30,,,1527.5066,,,,2009-02-19
NIFTY200 MOMENTUM 30,,,1504.485,,,,2009-02-20
NIFTY200 MOMENTUM 30,,,1501.0942,,,,2009-02-24
NIFTY200 MOMENTUM 30,,,1517.0273,,,,2009-02-25
NIFTY200 MOMENTUM 30,,,1517.8878,,,,2009-02-26
NIFTY200 MOMENTUM 30,,,1512.5213,,,,2009-02-27
NIFTY200 MOMENTUM 30,,,1471.997,,,,2009-03-02
NIFTY200 MOMENTUM 30,,,1445.3245,,,,2009-03-03
NIFTY200 MOMENTUM 30,,,1463.2711,,,,2009-03-04
NIFTY200 MOMENTUM 30,,,1437.3293,,,,2009-03-05
NIFTY200 MOMENTUM 30,,,1441.02,,,,2009-03-06
NIFTY200 MOMENTUM 30,,,1428.7147,,,,2009-03-09
NIFTY200 MOMENTUM 30,,,1450.2755,,,,2009-03-12
NIFTY200 MOMENTUM 30,,,1495.6664,,,,2009-03-13
NIFTY200 MOMENTUM 30,,,1532.5139,,,,2009-03-16
NIFTY200 MOMENTUM 30,,,1538.7488,,,,2009-03-17
NIFTY200 MOMENTUM 30,,,1569.2936,,,,2009-03-18
NIFTY200 MOMENTUM 30,,,1575.4221,,,,2009-03-19
NIFTY200 MOMENTUM 30,,,1559.0145,,,,2009-03-20
NIFTY200 MOMENTUM 30,,,1611.8335,,,,2009-03-23
NIFTY200 MOMENTUM 30,,,1603.6977,,,,2009-03-24
NIFTY200 MOMENTUM 30,,,1620.9597,,,,2009-03-25
NIFTY200 MOMENTUM 30,,,1627.5075,,,,2009-03-26
NIFTY200 MOMENTUM 30,,,1646.3883,,,,2009-03-27
NIFTY200 MOMENTUM 30,,,1623.9457,,,,2009-03-30
NIFTY200 MOMENTUM 30,,,1650.9469,,,,2009-03-31
NIFTY200 MOMENTUM 30,,,1638.7537,,,,2009-04-01
NIFTY200 MOMENTUM 30,,,1667.8683,,,,2009-04-02
NIFTY200 MOMENTUM 30,,,1662.5004,,,,2009-04-06
NIFTY200 MOMENTUM 30,,,1706.945,,,,2009-04-08
NIFTY200 MOMENTUM 30,,,1702.2719,,,,2009-04-09
NIFTY200 MOMENTUM 30,,,1698.9979,,,,2009-04-13
NIFTY200 MOMENTUM 30,,,1728.942,,,,2009-04-15
NIFTY200 MOMENTUM 30,,,1719.851,,,,2009-04-16
NIFTY200 MOMENTUM 30,,,1730.269,,,,2009-04-17
NIFTY200 MOMENTUM 30,,,1739.9019,,,,2009-04-20
NIFTY200 MOMENTUM 30,,,1735.6723,,,,2009-04-21
NIFTY200 MOMENTUM 30,,,1719.7976,,,,2009-04-22
NIFTY200 MOMENTUM 30,,,1748.8448,,,,2009-04-23
NIFTY200 MOMENTUM 30,,,1763.7154,,,,2009-04-24
NIFTY200 MOMENTUM 30,,,1749.3579,,,,2009-04-27
NIFTY200 MOMENTUM 30,,,1725.9548,,,,2009-04-28
NIFTY200 MOMENTUM 30,,,1754.5955,,,,2009-04-29
NIFTY200 MOMENTUM 30,,,1795.6994,,,,2009-05-04
NIFTY200 MOMENTUM 30,,,1788.1819,,,,2009-05-05
NIFTY200 MOMENTUM 30,,,1768.0241,,,,2009-05-06
NIFTY200 MOMENTUM 30,,,1776.4944,,,,2009-05-07
NIFTY200 MOMENTUM 30,,,1762.9598,,,,2009-05-08
NIFTY200 MOMENTUM 30,,,1746.0417,,,,2009-05-11
NIFTY200 MOMENTUM 30,,,1773.2973,,,,2009-05-12
NIFTY200 MOMENTUM 30,,,1767.639,,,,2009-05-13
NIFTY200 MOMENTUM 30,,,1766.8465,,,,2009-05-14
NIFTY200 MOMENTUM 30,,,1779.5413,,,,2009-05-15
NIFTY200 MOMENTUM 30,,,2003.0288,,,,2009-05-18
NIFTY200 MOMENTUM 30,,,1935.5248,,,,2009-05-19
NIFTY200 MOMENTUM 30,,,1956.8897,,,,2009-05-20
NIFTY200 MOMENTUM 30,,,1949.5968,,,,2009-05-21
NIFTY200 MOMENTUM 30,,,1954.5683,,,,2009-05-22
NIFTY200 MOMENTUM 30,,,1986.1128,,,,2009-05-25
NIFTY200 MOMENTUM 30,,,1938.1158,,,,2009-05-26
NIFTY200 MOMENTUM 30,,,1964.5529,,,,2009-05-27
NIFTY200 MOMENTUM 30,,,1961.8877,,,,2009-05-28
NIFTY200 MOMENTUM 30,,,1998.0215,,,,2009-05-29
NIFTY200 MOMENTUM 30,,,2044.9951,,,,2009-06-01
NIFTY200 MOMENTUM 30,,,2038.2452,,,,2009-06-02
NIFTY200 MOMENTUM 30,,,2059.8945,,,,2009-06-03
NIFTY200 MOMENTUM 30,,,2086.4678,,,,2009-06-04
NIFTY200 MOMENTUM 30,,,2107.0091,,,,2009-06-05
NIFTY200 MOMENTUM 30,,,2043.1833,,,,2009-06-08
NIFTY200 MOMENTUM 30,,,2067.8351,,,,2009-06-09
NIFTY200 MOMENTUM 30,,,2105.8259,,,,2009-06-10
NIFTY200 MOMENTUM 30,,,2100.4214,,,,2009-06-11
NIFTY200 MOMENTUM 30,,,2073.2226,,,,2009-06-12
NIFTY200 MOMENTUM 30,,,2065.4803,,,,2009-06-15
NIFTY200 MOMENTUM 30,,,2095.4787,,,,2009-06-16
NIFTY200 MOMENTUM 30,,,2043.5916,,,,2009-06-17
NIFTY200 MOMENTUM 30,,,2003.9259,,,,2009-06-18
NIFTY200 MOMENTUM 30,,,2024.7795,,,,2009-06-19
NIFTY200 MOMENTUM 30,,,2015.2299,,,,2009-06-22
NIFTY200 MOMENTUM 30,,,2012.6349,,,,2009-06-23
NIFTY200 MOMENTUM 30,,,2042.7139,,,,2009-06-24
NIFTY200 MOMENTUM 30,,,2020.1888,,,,2009-06-25
NIFTY200 MOMENTUM 30,,,2046.0107,,,,2009-06-26
NIFTY200 MOMENTUM 30,,,2053.0649,,,,2009-06-29
NIFTY200 MOMENTUM 30,,,2031.8016,,,,2009-06-30
NIFTY200 MOMENTUM 30,,,2057.4137,,,,2009-07-01
NIFTY200 MOMENTUM 30,,,2073.3963,,,,2009-07-02
NIFTY200 MOMENTUM 30,,,2096.9272,,,,2009-07-03
NIFTY200 MOMENTUM 30,,,2025.0294,,,,2009-07-06
NIFTY200 MOMENTUM 30,,,2050.0517,,,,2009-07-07
NIFTY200 MOMENTUM 30,,,2038.5274,,,,2009-07-08
NIFTY200 MOMENTUM 30,,,2058.812,,,,2009-07-09
NIFTY200 MOMENTUM 30,,,2041.4498,,,,2009-07-10
NIFTY200 MOMENTUM 30,,,2025.7731,,,,2009-07-13
NIFTY200 MOMENTUM 30,,,2076.1461,,,,2009-07-14
NIFTY200 MOMENTUM 30,,,2118.8822,,,,2009-07-15
NIFTY200 MOMENTUM 30,,,2119.8306,,,,2009-07-16
NIFTY200 MOMENTUM 30,,,2164.394,,,,2009-07-17
NIFTY200 MOMENTUM 30,,,2198.7613,,,,2009-07-20
NIFTY200 MOMENTUM 30,,,2184.615,,,,2009-07-21
NIFTY200 MOMENTUM 30,,,2158.5114,,,,2009-07-22
NIFTY200 MOMENTUM 30,,,2211.1584,,,,2009-07-23
NIFTY200 MOMENTUM 30,,,2222.6744,,,,2009-07-24
NIFTY200 MOMENTUM 30,,,2232.5371,,,,2009-07-27
NIFTY200 MOMENTUM 30,,,2239.439,,,,2009-07-28
NIFTY200 MOMENTUM 30,,,2223.9128,,,,2009-07-29
NIFTY200 MOMENTUM 30,,,2255.4802,,,,2009-07-30
NIFTY200 MOMENTUM 30,,,2260.149,,,,2009-07-31
NIFTY200 MOMENTUM 30,,,2273.1155,,,,2009-08-03
NIFTY200 MOMENTUM 30,,,2274.7101,,,,2009-08-04
NIFTY200 MOMENTUM 30,,,2275.5196,,,,2009-08-05
NIFTY200 MOMENTUM 30,,,2233.0725,,,,2009-08-06
NIFTY200 MOMENTUM 30,,,2207.882,,,,2009-08-07
NIFTY200 MOMENTUM 30,,,2159.9125,,,,2009-08-10
NIFTY200 MOMENTUM 30,,,2173.8535,,,,2009-08-11
NIFTY200 MOMENTUM 30,,,2168.7618,,,,2009-08-12
NIFTY200 MOMENTUM 30,,,2224.785,,,,2009-08-13
NIFTY200 MOMENTUM 30,,,2215.2012,,,,2009-08-14
NIFTY200 MOMENTUM 30,,,2143.025,,,,2009-08-17
NIFTY200 MOMENTUM 30,,,2175.8659,,,,2009-08-18
NIFTY200 MOMENTUM 30,,,2146.5316,,,,2009-08-19
NIFTY200 MOMENTUM 30,,,2176.447,,,,2009-08-20
NIFTY200 MOMENTUM 30,,,2199.4623,,,,2009-08-21
NIFTY200 MOMENTUM 30,,,2225.1495,,,,2009-08-24
NIFTY200 MOMENTUM 30,,,2227.8823,,,,2009-08-25
NIFTY200 MOMENTUM 30,,,2236.9769,,,,2009-08-26
NIFTY200 MOMENTUM 30,,,2235.0951,,,,2009-08-27
NIFTY200 MOMENTUM 30,,,2246.5966,,,,2009-08-28
NIFTY200 MOMENTUM 30,,,2252.1096,,,,2009-08-31
NIFTY200 MOMENTUM 30,,,2258.6199,,,,2009-09-01
NIFTY200 MOMENTUM 30,,,2275.244,,,,2009-09-02
NIFTY200 MOMENTUM 30,,,2278.0998,,,,2009-09-03
NIFTY200 MOMENTUM 30,,,2302.5362,,,,2009-09-04
NIFTY200 MOMENTUM 30,,,2341.9385,,,,2009-09-07
NIFTY200 MOMENTUM 30,,,2324.6423,,,,2009-09-08
NIFTY200 MOMENTUM 30,,,2303.6897,,,,2009-09-09
NIFTY200 MOMENTUM 30,,,2306.586,,,,2009-09-10
NIFTY200 MOMENTUM 30,,,2282.1178,,,,2009-09-11
NIFTY200 MOMENTUM 30,,,2285.2992,,,,2009-09-14
NIFTY200 MOMENTUM 30,,,2323.082,,,,2009-09-15
NIFTY200 MOMENTUM 30,,,2351.3543,,,,2009-09-16
NIFTY200 MOMENTUM 30,,,2343.8775,,,,2009-09-17
NIFTY200 MOMENTUM 30,,,2359.0127,,,,2009-09-18
NIFTY200 MOMENTUM 30,,,2387.3696,,,,2009-09-22
NIFTY200 MOMENTUM 30,,,2372.751,,,,2009-09-23
NIFTY200 MOMENTUM 30,,,2377.5531,,,,2009-09-24
NIFTY200 MOMENTUM 30,,,2401.4097,,,,2009-09-25
NIFTY200 MOMENTUM 30,,,2413.5925,,,,2009-09-29
NIFTY200 MOMENTUM 30,,,2425.8483,,,,2009-09-30
NIFTY200 MOMENTUM 30,,,2404.8231,,,,2009-10-01
NIFTY200 MOMENTUM 30,,,2392.5798,,,,2009-10-05
NIFTY200 MOMENTUM 30,,,2398.1257,,,,2009-10-06
NIFTY200 MOMENTUM 30,,,2400.0387,,,,2009-10-07
NIFTY200 MOMENTUM 30,,,2413.5147,,,,2009-10-08
NIFTY200 MOMENTUM 30,,,2392.7301,,,,2009-10-09
NIFTY200 MOMENTUM 30,,,2428.3763,,,,2009-10-12
NIFTY200 MOMENTUM 30,,,2446.6943,,,,2009-10-14
NIFTY200 MOMENTUM 30,,,2440.3151,,,,2009-10-15
NIFTY200 MOMENTUM 30,,,2437.5631,,,,2009-10-16
NIFTY200 MOMENTUM 30,,,2441.6142,,,,2009-10-17
NIFTY200 MOMENTUM 30,,,2439.912,,,,2009-10-20
NIFTY200 MOMENTUM 30,,,2406.1686,,,,2009-10-21
NIFTY200 MOMENTUM 30,,,2377.0816,,,,2009-10-22
NIFTY200 MOMENTUM 30,,,2409.0912,,,,2009-10-23
NIFTY200 MOMENTUM 30,,,2397.6629,,,,2009-10-26
NIFTY200 MOMENTUM 30,,,2355.1683,,,,2009-10-27
NIFTY200 MOMENTUM 30,,,2357.3194,,,,2009-10-28
NIFTY200 MOMENTUM 30,,,2318.3969,,,,2009-10-29
NIFTY200 MOMENTUM 30,,,2313.8644,,,,2009-10-30
NIFTY200 MOMENTUM 30,,,2267.8124,,,,2009-11-03
NIFTY200 MOMENTUM 30,,,2329.9152,,,,2009-11-04
NIFTY200 MOMENTUM 30,,,2375.7299,,,,2009-11-05
NIFTY200 MOMENTUM 30,,,2404.7471,,,,2009-11-06
NIFTY200 MOMENTUM 30,,,2464.2258,,,,2009-11-09
NIFTY200 MOMENTUM 30,,,2438.7514,,,,2009-11-10
NIFTY200 MOMENTUM 30,,,2498.7498,,,,2009-11-11
NIFTY200 MOMENTUM 30,,,2476.7186,,,,2009-11-12
NIFTY200 MOMENTUM 30,,,2495.5256,,,,2009-11-13
NIFTY200 MOMENTUM 30,,,2531.0856,,,,2009-11-16
NIFTY200 MOMENTUM 30,,,2541.473,,,,2009-11-17
NIFTY200 MOMENTUM 30,,,2538.6189,,,,2009-11-18
NIFTY200 MOMENTUM 30,,,2497.9651,,,,2009-11-19
NIFTY200 MOMENTUM 30,,,2523.1352,,,,2009-11-20
NIFTY200 MOMENTUM 30,,,2525.8158,,,,2009-11-23
NIFTY200 MOMENTUM 30,,,2543.0265,,,,2009-11-24
NIFTY200 MOMENTUM 30,,,2545.1701,,,,2009-11-25
NIFTY200 MOMENTUM 30,,,2512.2745,,,,2009-11-26
NIFTY200 MOMENTUM 30,,,2507.0467,,,,2009-11-27
NIFTY200 MOMENTUM 30,,,2538.1461,,,,2009-11-30
NIFTY200 MOMENTUM 30,,,2587.1283,,,,2009-12-01
NIFTY200 MOMENTUM 30,,,2588.6226,,,,2009-12-02
NIFTY200 MOMENTUM 30,,,2617.3253,,,,2009-12-03
NIFTY200 MOMENTUM 30,,,2605.7315,,,,2009-12-04
NIFTY200 MOMENTUM 30,,,2584.7616,,,,2009-12-07
NIFTY200 MOMENTUM 30,,,2597.9511,,,,2009-12-08
NIFTY200 MOMENTUM 30,,,2594.9738,,,,2009-12-09
NIFTY200 MOMENTUM 30,,,2595.4894,,,,2009-12-10
NIFTY200 MOMENTUM 30,,,2590.9024,,,,2009-12-11
NIFTY200 MOMENTUM 30,,,2592.6512,,,,2009-12-14
NIFTY200 MOMENTUM 30,,,2561.1974,,,,2009-12-15
NIFTY200 MOMENTUM 30,,,2567.6977,,,,2009-12-16
NIFTY200 MOMENTUM 30,,,2574.8053,,,,2009-12-17
NIFTY200 MOMENTUM 30,,,2564.5781,,,,2009-12-18
NIFTY200 MOMENTUM 30,,,2545.9993,,,,2009-12-21
NIFTY200 MOMENTUM 30,,,2565.3949,,,,2009-12-22
NIFTY200 MOMENTUM 30,,,2609.5443,,,,2009-12-23
NIFTY200 MOMENTUM 30,,,2614.2085,,,,2009-12-24
NIFTY200 MOMENTUM 30,,,2613.4418,,,,2009-12-29
NIFTY200 MOMENTUM 30,,,2612.5325,,,,2009-12-30
NIFTY200 MOMENTUM 30,,,2630.0632,,,,2009-12-31
NIFTY200 MOMENTUM 30,,,2661.6781,,,,2010-01-04
NIFTY200 MOMENTUM 30,,,2682.396,,,,2010-01-05
NIFTY200 MOMENTUM 30,,,2681.9349,,,,2010-01-06
NIFTY200 MOMENTUM 30,,,2662.7683,,,,2010-01-07
NIFTY200 MOMENTUM 30,,,2658.2467,,,,2010-01-08
NIFTY200 MOMENTUM 30,,,2683.4602,,,,2010-01-11
NIFTY200 MOMENTUM 30,,,2684.7345,,,,2010-01-12
NIFTY200 MOMENTUM 30,,,2706.7085,,,,2010-01-13
NIFTY200 MOMENTUM 30,,,2729.0337,,,,2010-01-14
NIFTY200 MOMENTUM 30,,,2733.0603,,,,2010-01-15
NIFTY200 MOMENTUM 30,,,2739.9456,,,,2010-01-18
NIFTY200 MOMENTUM 30,,,2714.9119,,,,2010-01-19
NIFTY200 MOMENTUM 30,,,2711.0291,,,,2010-01-20
NIFTY200 MOMENTUM 30,,,2670.5797,,,,2010-01-21
NIFTY200 MOMENTUM 30,,,2649.5383,,,,2010-01-22
NIFTY200 MOMENTUM 30,,,2606.4149,,,,2010-01-25
NIFTY200 MOMENTUM 30,,,2481.0874,,,,2010-01-27
NIFTY200 MOMENTUM 30,,,2498.7158,,,,2010-01-28
NIFTY200 MOMENTUM 30,,,2502.3895,,,,2010-01-29
NIFTY200 MOMENTUM 30,,,2555.5194,,,,2010-02-01
NIFTY200 MOMENTUM 30,,,2518.1466,,,,2010-02-02
NIFTY200 MOMENTUM 30,,,2563.4714,,,,2010-02-03
NIFTY200 MOMENTUM 30,,,2519.568,,,,2010-02-04
NIFTY200 MOMENTUM 30,,,2470.611,,,,2010-02-05
NIFTY200 MOMENTUM 30,,,2492.7881,,,,2010-02-06
NIFTY200 MOMENTUM 30,,,2480.6847,,,,2010-02-08
NIFTY200 MOMENTUM 30,,,2499.9647,,,,2010-02-09
NIFTY200 MOMENTUM 30,,,2491.8629,,,,2010-02-10
NIFTY200 MOMENTUM 30,,,2512.2998,,,,2010-02-11
NIFTY200 MOMENTUM 30,,,2513.0689,,,,2010-02-15
NIFTY200 MOMENTUM 30,,,2533.0728,,,,2010-02-16
NIFTY200 MOMENTUM 30,,,2546.4476,,,,2010-02-17
NIFTY200 MOMENTUM 30,,,2527.4352,,,,2010-02-18
NIFTY200 MOMENTUM 30,,,2508.727,,,,2010-02-19
NIFTY200 MOMENTUM 30,,,2507.4398,,,,2010-02-22
NIFTY200 MOMENTUM 30,,,2492.9015,,,,2010-02-23
NIFTY200 MOMENTUM 30,,,2503.1167,,,,2010-02-24
NIFTY200 MOMENTUM 30,,,2483.1477,,,,2010-02-25
NIFTY200 MOMENTUM 30,,,2526.867,,,,2010-02-26
NIFTY200 MOMENTUM 30,,,2553.5035,,,,2010-03-02
NIFTY200 MOMENTUM 30,,,2592.4288,,,,2010-03-03
NIFTY200 MOMENTUM 30,,,2602.9496,,,,2010-03-04
NIFTY200 MOMENTUM 30,,,2616.1783,,,,2010-03-05
NIFTY200 MOMENTUM 30,,,2642.186,,,,2010-03-08
NIFTY200 MOMENTUM 30,,,2629.1786,,,,2010-03-09
NIFTY200 MOMENTUM 30,,,2614.0531,,,,2010-03-10
NIFTY200 MOMENTUM 30,,,2614.7956,,,,2010-03-11
NIFTY200 MOMENTUM 30,,,2625.3633,,,,2010-03-12
NIFTY200 MOMENTUM 30,,,2611.6432,,,,2010-03-15
NIFTY200 MOMENTUM 30,,,2629.6636,,,,2010-03-16
NIFTY200 MOMENTUM 30,,,2639.8487,,,,2010-03-17
NIFTY200 MOMENTUM 30,,,2642.2481,,,,2010-03-18
NIFTY200 MOMENTUM 30,,,2650.1379,,,,2010-03-19
NIFTY200 MOMENTUM 30,,,2635.5693,,,,2010-03-22
NIFTY200 MOMENTUM 30,,,2638.5831,,,,2010-03-23
NIFTY200 MOMENTUM 30,,,2651.6147,,,,2010-03-25
NIFTY200 MOMENTUM 30,,,2671.2951,,,,2010-03-26
NIFTY200 MOMENTUM 30,,,2683.0439,,,,2010-03-29
NIFTY200 MOMENTUM 30,,,2658.1171,,,,2010-03-30
NIFTY200 MOMENTUM 30,,,2655.1636,,,,2010-03-31
NIFTY200 MOMENTUM 30,,,2673.1014,,,,2010-04-01
NIFTY200 MOMENTUM 30,,,2708.8665,,,,2010-04-05
NIFTY200 MOMENTUM 30,,,2707.2666,,,,2010-04-06
NIFTY200 MOMENTUM 30,,,2708.5635,,,,2010-04-07
NIFTY200 MOMENTUM 30,,,2688.6455,,,,2010-04-08
NIFTY200 MOMENTUM 30,,,2696.1161,,,,2010-04-09
NIFTY200 MOMENTUM 30,,,2678.5344,,,,2010-04-12
NIFTY200 MOMENTUM 30,,,2680.421,,,,2010-04-13
NIFTY200 MOMENTUM 30,,,2678.7459,,,,2010-04-15
NIFTY200 MOMENTUM 30,,,2675.2532,,,,2010-04-16
NIFTY200 MOMENTUM 30,,,2646.8631,,,,2010-04-19
NIFTY200 MOMENTUM 30,,,2666.0324,,,,2010-04-20
NIFTY200 MOMENTUM 30,,,2684.1624,,,,2010-04-21
NIFTY200 MOMENTUM 30,,,2694.2572,,,,2010-04-22
NIFTY200 MOMENTUM 30,,,2695.259,,,,2010-04-23
NIFTY200 MOMENTUM 30,,,2715.9358,,,,2010-04-26
NIFTY200 MOMENTUM 30,,,2713.0129,,,,2010-04-27
NIFTY200 MOMENTUM 30,,,2683.7639,,,,2010-04-28
NIFTY200 MOMENTUM 30,,,2703.9924,,,,2010-04-29
NIFTY200 MOMENTUM 30,,,2719.1472,,,,2010-04-30
NIFTY200 MOMENTUM 30,,,2698.3526,,,,2010-05-03
NIFTY200 MOMENTUM 30,,,2646.3512,,,,2010-05-04
NIFTY200 MOMENTUM 30,,,2655.4233,,,,2010-05-05
NIFTY200 MOMENTUM 30,,,2636.7151,,,,2010-05-06
NIFTY200 MOMENTUM 30,,,2580.6635,,,,2010-05-07
NIFTY200 MOMENTUM 30,,,2679.5888,,,,2010-05-10
NIFTY200 MOMENTUM 30,,,2643.6853,,,,2010-05-11
NIFTY200 MOMENTUM 30,,,2658.7009,,,,2010-05-12
NIFTY200 MOMENTUM 30,,,2685.3543,,,,2010-05-13
NIFTY200 MOMENTUM 30,,,2655.518,,,,2010-05-14
NIFTY200 MOMENTUM 30,,,2642.4217,,,,2010-05-17
NIFTY200 MOMENTUM 30,,,2632.103,,,,2010-05-18
NIFTY200 MOMENTUM 30,,,2548.5867,,,,2010-05-19
NIFTY200 MOMENTUM 30,,,2555.5943,,,,2010-05-20
NIFTY200 MOMENTUM 30,,,2536.9169,,,,2010-05-21
NIFTY200 MOMENTUM 30,,,2530.0007,,,,2010-05-24
NIFTY200 MOMENTUM 30,,,2452.1975,,,,2010-05-25
NIFTY200 MOMENTUM 30,,,2503.1377,,,,2010-05-26
NIFTY200 MOMENTUM 30,,,2517.274,,,,2010-05-27
NIFTY200 MOMENTUM 30,,,2576.6641,,,,2010-05-28
NIFTY200 MOMENTUM 30,,,2595.8921,,,,2010-05-31
NIFTY200 MOMENTUM 30,,,2541.8399,,,,2010-06-01
NIFTY200 MOMENTUM 30,,,2557.1318,,,,2010-06-02
NIFTY200 MOMENTUM 30,,,2593.3718,,,,2010-06-03
NIFTY200 MOMENTUM 30,,,2598.9643,,,,2010-06-04
NIFTY200 MOMENTUM 30,,,2556.5291,,,,2010-06-07
NIFTY200 MOMENTUM 30,,,2538.8645,,,,2010-06-08
NIFTY200 MOMENTUM 30,,,2552.5859,,,,2010-06-09
NIFTY200 MOMENTUM 30,,,2599.1664,,,,2010-06-10
NIFTY200 MOMENTUM 30,,,2614.3011,,,,2010-06-11
NIFTY200 MOMENTUM 30,,,2631.027,,,,2010-06-14
NIFTY200 MOMENTUM 30,,,2632.2477,,,,2010-06-15
NIFTY200 MOMENTUM 30,,,2643.822,,,,2010-06-16
NIFTY200 MOMENTUM 30,,,2665.8218,,,,2010-06-17
NIFTY200 MOMENTUM 30,,,2647.0518,,,,2010-06-18
NIFTY200 MOMENTUM 30,,,2696.6674,,,,2010-06-21
NIFTY200 MOMENTUM 30,,,2672.3245,,,,2010-06-22
NIFTY200 MOMENTUM 30,,,2679.3529,,,,2010-06-23
NIFTY200 MOMENTUM 30,,,2679.0524,,,,2010-06-24
NIFTY200 MOMENTUM 30,,,2647.8943,,,,2010-06-25
NIFTY200 MOMENTUM 30,,,2675.9689,,,,2010-06-28
NIFTY200 MOMENTUM 30,,,2646.8075,,,,2010-06-29
NIFTY200 MOMENTUM 30,,,2659.324,,,,2010-06-30
NIFTY200 MOMENTUM 30,,,2632.479,,,,2010-07-01
NIFTY200 MOMENTUM 30,,,2627.0787,,,,2010-07-02
NIFTY200 MOMENTUM 30,,,2634.9518,,,,2010-07-05
NIFTY200 MOMENTUM 30,,,2668.2492,,,,2010-07-06
NIFTY200 MOMENTUM 30,,,2650.3457,,,,2010-07-07
NIFTY200 MOMENTUM 30,,,2672.5102,,,,2010-07-08
NIFTY200 MOMENTUM 30,,,2695.7644,,,,2010-07-09
NIFTY200 MOMENTUM 30,,,2704.9613,,,,2010-07-12
NIFTY200 MOMENTUM 30,,,2713.0418,,,,2010-07-13
NIFTY200 MOMENTUM 30,,,2703.8231,,,,2010-07-14
NIFTY200 MOMENTUM 30,,,2709.4339,,,,2010-07-15
NIFTY200 MOMENTUM 30,,,2728.875,,,,2010-07-16
NIFTY200 MOMENTUM 30,,,2730.2711,,,,2010-07-19
NIFTY200 MOMENTUM 30,,,2718.1127,,,,2010-07-20
NIFTY200 MOMENTUM 30,,,2749.8803,,,,2010-07-21
NIFTY200 MOMENTUM 30,,,2775.2288,,,,2010-07-22
NIFTY200 MOMENTUM 30,,,2769.1937,,,,2010-07-23
NIFTY200 MOMENTUM 30,,,2761.8102,,,,2010-07-26
NIFTY200 MOMENTUM 30,,,2779.3546,,,,2010-07-27
NIFTY200 MOMENTUM 30,,,2797.7144,,,,2010-07-28
NIFTY200 MOMENTUM 30,,,2795.4895,,,,2010-07-29
NIFTY200 MOMENTUM 30,,,2784.4143,,,,2010-07-30
NIFTY200 MOMENTUM 30,,,2812.717,,,,2010-08-02
NIFTY200 MOMENTUM 30,,,2820.2864,,,,2010-08-03
NIFTY200 MOMENTUM 30,,,2829.2949,,,,2010-08-04
NIFTY200 MOMENTUM 30,,,2827.0991,,,,2010-08-05
NIFTY200 MOMENTUM 30,,,2829.506,,,,2010-08-06
NIFTY200 MOMENTUM 30,,,2858.4341,,,,2010-08-09
NIFTY200 MOMENTUM 30,,,2854.2447,,,,2010-08-10
NIFTY200 MOMENTUM 30,,,2838.086,,,,2010-08-11
NIFTY200 MOMENTUM 30,,,2843.3834,,,,2010-08-12
NIFTY200 MOMENTUM 30,,,2865.6474,,,,2010-08-13
NIFTY200 MOMENTUM 30,,,2860.5545,,,,2010-08-16
NIFTY200 MOMENTUM 30,,,2858.9272,,,,2010-08-17
NIFTY200 MOMENTUM 30,,,2900.1923,,,,2010-08-18
NIFTY200 MOMENTUM 30,,,2931.1915,,,,2010-08-19
NIFTY200 MOMENTUM 30,,,2933.8595,,,,2010-08-20
NIFTY200 MOMENTUM 30,,,2949.4693,,,,2010-08-23
NIFTY200 MOMENTUM 30,,,2936.957,,,,2010-08-24
NIFTY200 MOMENTUM 30,,,2905.9063,,,,2010-08-25
NIFTY200 MOMENTUM 30,,,2902.6803,,,,2010-08-26
NIFTY200 MOMENTUM 30,,,2876.8571,,,,2010-08-27
NIFTY200 MOMENTUM 30,,,2882.6279,,,,2010-08-30
NIFTY200 MOMENTUM 30,,,2889.8334,,,,2010-08-31
NIFTY200 MOMENTUM 30,,,2935.0858,,,,2010-09-01
NIFTY200 MOMENTUM 30,,,2940.0382,,,,2010-09-02
NIFTY200 MOMENTUM 30,,,2942.867,,,,2010-09-03
NIFTY200 MOMENTUM 30,,,2999.8705,,,,2010-09-06
NIFTY200 MOMENTUM 30,,,3001.4132,,,,2010-09-07
NIFTY200 MOMENTUM 30,,,2994.7578,,,,2010-09-08
NIFTY200 MOMENTUM 30,,,2996.4516,,,,2010-09-09
NIFTY200 MOMENTUM 30,,,3043.4891,,,,2010-09-13
NIFTY200 MOMENTUM 30,,,3052.3469,,,,2010-09-14
NIFTY200 MOMENTUM 30,,,3073.0934,,,,2010-09-15
NIFTY200 MOMENTUM 30,,,3038.0501,,,,2010-09-16
NIFTY200 MOMENTUM 30,,,3086.2832,,,,2010-09-17
NIFTY200 MOMENTUM 30,,,3110.8544,,,,2010-09-20
NIFTY200 MOMENTUM 30,,,3115.8741,,,,2010-09-21
NIFTY200 MOMENTUM 30,,,3099.444,,,,2010-09-22
NIFTY200 MOMENTUM 30,,,3102.8114,,,,2010-09-23
NIFTY200 MOMENTUM 30,,,3117.8686,,,,2010-09-24
NIFTY200 MOMENTUM 30,,,3140.4409,,,,2010-09-27
NIFTY200 MOMENTUM 30,,,3139.6981,,,,2010-09-28
NIFTY200 MOMENTUM 30,,,3131.3293,,,,2010-09-29
NIFTY200 MOMENTUM 30,,,3122.0829,,,,2010-09-30
NIFTY200 MOMENTUM 30,,,3170.323,,,,2010-10-01
NIFTY200 MOMENTUM 30,,,3190.6587,,,,2010-10-04
NIFTY200 MOMENTUM 30,,,3193.4316,,,,2010-10-05
NIFTY200 MOMENTUM 30,,,3218.6323,,,,2010-10-06
NIFTY200 MOMENTUM 30,,,3203.9327,,,,2010-10-07
NIFTY200 MOMENTUM 30,,,3186.3835,,,,2010-10-08
NIFTY200 MOMENTUM 30,,,3221.4458,,,,2010-10-11
NIFTY200 MOMENTUM 30,,,3198.2367,,,,2010-10-12
NIFTY200 MOMENTUM 30,,,3240.0903,,,,2010-10-13
NIFTY200 MOMENTUM 30,,,3229.3418,,,,2010-10-14
NIFTY200 MOMENTUM 30,,,3175.8784,,,,2010-10-15
NIFTY200 MOMENTUM 30,,,3177.2182,,,,2010-10-18
NIFTY200 MOMENTUM 30,,,3162.5642,,,,2010-10-19
NIFTY200 MOMENTUM 30,,,3153.5346,,,,2010-10-20
NIFTY200 MOMENTUM 30,,,3213.8742,,,,2010-10-21
NIFTY200 MOMENTUM 30,,,3217.3731,,,,2010-10-22
NIFTY200 MOMENTUM 30,,,3247.1366,,,,2010-10-25
NIFTY200 MOMENTUM 30,,,3262.6405,,,,2010-10-26
NIFTY200 MOMENTUM 30,,,3260.8501,,,,2010-10-27
NIFTY200 MOMENTUM 30,,,3250.2294,,,,2010-10-28
NIFTY200 MOMENTUM 30,,,3270.0636,,,,2010-10-29
NIFTY200 MOMENTUM 30,,,3328.0596,,,,2010-11-01
NIFTY200 MOMENTUM 30,,,3341.4305,,,,2010-11-02
NIFTY200 MOMENTUM 30,,,3355.2641,,,,2010-11-03
NIFTY200 MOMENTUM 30,,,3403.3068,,,,2010-11-04
NIFTY200 MOMENTUM 30,,,3417.9224,,,,2010-11-05
NIFTY200 MOMENTUM 30,,,3409.5779,,,,2010-11-08
NIFTY200 MOMENTUM 30,,,3420.236,,,,2010-11-09
NIFTY200 MOMENTUM 30,,,3423.0197,,,,2010-11-10
NIFTY200 MOMENTUM 30,,,3380.6733,,,,2010-11-11
NIFTY200 MOMENTUM 30,,,3318.3524,,,,2010-11-12
NIFTY200 MOMENTUM 30,,,3351.73,,,,2010-11-15
NIFTY200 MOMENTUM 30,,,3289.9175,,,,2010-11-16
NIFTY200 MOMENTUM 30,,,3300.218,,,,2010-11-18
NIFTY200 MOMENTUM 30,,,3244.5113,,,,2010-11-19
NIFTY200 MOMENTUM 30,,,3307.8396,,,,2010-11-22
NIFTY200 MOMENTUM 30,,,3286.1236,,,,2010-11-23
NIFTY200 MOMENTUM 30,,,3221.7096,,,,2010-11-24
NIFTY200 MOMENTUM 30,,,3144.1083,,,,2010-11-25
NIFTY200 MOMENTUM 30,,,3078.7687,,,,2010-11-26
NIFTY200 MOMENTUM 30,,,3122.0536,,,,2010-11-29
NIFTY200 MOMENTUM 30,,,3188.8965,,,,2010-11-30
NIFTY200 MOMENTUM 30,,,3253.6422,,,,2010-12-01
NIFTY200 MOMENTUM 30,,,3275.2844,,,,2010-12-02
NIFTY200 MOMENTUM 30,,,3250.1548,,,,2010-12-03
NIFTY200 MOMENTUM 30,,,3201.1356,,,,2010-12-06
NIFTY200 MOMENTUM 30,,,3150.4746,,,,2010-12-07
NIFTY200 MOMENTUM 30,,,3087.1806,,,,2010-12-08
NIFTY200 MOMENTUM 30,,,2994.8052,,,,2010-12-09
NIFTY200 MOMENTUM 30,,,3031.0393,,,,2010-12-10
NIFTY200 MOMENTUM 30,,,3066.822,,,,2010-12-13
NIFTY200 MOMENTUM 30,,,3105.1787,,,,2010-12-14
NIFTY200 MOMENTUM 30,,,3049.0579,,,,2010-12-15
NIFTY200 MOMENTUM 30,,,3063.003,,,,2010-12-16
NIFTY200 MOMENTUM 30,,,3036.7362,,,,2010-12-20
NIFTY200 MOMENTUM 30,,,3053.6778,,,,2010-12-21
NIFTY200 MOMENTUM 30,,,3060.0597,,,,2010-12-22
NIFTY200 MOMENTUM 30,,,3054.4094,,,,2010-12-23
NIFTY200 MOMENTUM 30,,,3053.7401,,,,2010-12-24
NIFTY200 MOMENTUM 30,,,3043.6429,,,,2010-12-27
NIFTY200 MOMENTUM 30,,,3035.654,,,,2010-12-28
NIFTY200 MOMENTUM 30,,,3067.818,,,,2010-12-29
NIFTY200 MOMENTUM 30,,,3074.7012,,,,2010-12-30
NIFTY200 MOMENTUM 30,,,3113.0048,,,,2010-12-31
NIFTY200 MOMENTUM 30,,,3123.6032,,,,2011-01-03
NIFTY200 MOMENTUM 30,,,3093.4617,,,,2011-01-04
NIFTY200 MOMENTUM 30,,,3060.3949,,,,2011-01-05
NIFTY200 MOMENTUM 30,,,3026.5595,,,,2011-01-06
NIFTY200 MOMENTUM 30,,,2950.6954,,,,2011-01-07
NIFTY200 MOMENTUM 30,,,2882.3686,,,,2011-01-10
NIFTY200 MOMENTUM 30,,,2897.3132,,,,2011-01-11
NIFTY200 MOMENTUM 30,,,2946.6193,,,,2011-01-12
NIFTY200 MOMENTUM 30,,,2908.2968,,,,2011-01-13
NIFTY200 MOMENTUM 30,,,2860.4332,,,,2011-01-14
NIFTY200 MOMENTUM 30,,,2850.597,,,,2011-01-17
NIFTY200 MOMENTUM 30,,,2883.9221,,,,2011-01-18
NIFTY200 MOMENTUM 30,,,2897.0115,,,,2011-01-19
NIFTY200 MOMENTUM 30,,,2907.481,,,,2011-01-20
NIFTY200 MOMENTUM 30,,,2911.001,,,,2011-01-21
NIFTY200 MOMENTUM 30,,,2942.1654,,,,2011-01-24
NIFTY200 MOMENTUM 30,,,2913.468,,,,2011-01-25
NIFTY200 MOMENTUM 30,,,2868.0593,,,,2011-01-27
NIFTY200 MOMENTUM 30,,,2803.3565,,,,2011-01-28
NIFTY200 MOMENTUM 30,,,2819.4151,,,,2011-01-31
NIFTY200 MOMENTUM 30,,,2760.5694,,,,2011-02-01
NIFTY200 MOMENTUM 30,,,2761.2318,,,,2011-02-02
NIFTY200 MOMENTUM 30,,,2791.8427,,,,2011-02-03
NIFTY200 MOMENTUM 30,,,2756.7909,,,,2011-02-04
NIFTY200 MOMENTUM 30,,,2739.6975,,,,2011-02-07
NIFTY200 MOMENTUM 30,,,2694.1337,,,,2011-02-08
NIFTY200 MOMENTUM 30,,,2642.5874,,,,2011-02-09
NIFTY200 MOMENTUM 30,,,2652.7481,,,,2011-02-10
NIFTY200 MOMENTUM 30,,,2714.1365,,,,2011-02-11
NIFTY200 MOMENTUM 30,,,2802.168,,,,2011-02-14
NIFTY200 MOMENTUM 30,,,2837.8942,,,,2011-02-15
NIFTY200 MOMENTUM 30,,,2841.6431,,,,2011-02-16
NIFTY200 MOMENTUM 30,,,2886.0907,,,,2011-02-17
NIFTY200 MOMENTUM 30,,,2837.8683,,,,2011-02-18
NIFTY200 MOMENTUM 30,,,2849.4333,,,,2011-02-21
NIFTY200 MOMENTUM 30,,,2815.8529,,,,2011-02-22
NIFTY200 MOMENTUM 30,,,2788.2285,,,,2011-02-23
NIFTY200 MOMENTUM 30,,,2692.1835,,,,2011-02-24
NIFTY200 MOMENTUM 30,,,2731.5443,,,,2011-02-25
NIFTY200 MOMENTUM 30,,,2748.875,,,,2011-02-28
NIFTY200 MOMENTUM 30,,,2844.9102,,,,2011-03-01
NIFTY200 MOMENTUM 30,,,2855.2824,,,,2011-03-03
NIFTY200 MOMENTUM 30,,,2858.793,,,,2011-03-04
NIFTY200 MOMENTUM 30,,,2822.5906,,,,2011-03-07
NIFTY200 MOMENTUM 30,,,2850.8675,,,,2011-03-08
NIFTY200 MOMENTUM 30,,,2862.8139,,,,2011-03-09
NIFTY200 MOMENTUM 30,,,2846.3696,,,,2011-03-10
NIFTY200 MOMENTUM 30,,,2827.1458,,,,2011-03-11
NIFTY200 MOMENTUM 30,,,2851.817,,,,2011-03-14
NIFTY200 MOMENTUM 30,,,2807.7726,,,,2011-03-15
NIFTY200 MOMENTUM 30,,,2842.9829,,,,2011-03-16
NIFTY200 MOMENTUM 30,,,2832.4671,,,,2011-03-17
NIFTY200 MOMENTUM 30,,,2802.9554,,,,2011-03-18
NIFTY200 MOMENTUM 30,,,2800.4045,,,,2011-03-21
NIFTY200 MOMENTUM 30,,,2828.2953,,,,2011-03-22
NIFTY200 MOMENTUM 30,,,2846.1973,,,,2011-03-23
NIFTY200 MOMENTUM 30,,,2855.9408,,,,2011-03-24
NIFTY200 MOMENTUM 30,,,2902.7902,,,,2011-03-25
NIFTY200 MOMENTUM 30,,,2925.7305,,,,2011-03-28
NIFTY200 MOMENTUM 30,,,2940.8042,,,,2011-03-29
NIFTY200 MOMENTUM 30,,,2969.835,,,,2011-03-30
NIFTY200 MOMENTUM 30,,,2994.0419,,,,2011-03-31
NIFTY200 MOMENTUM 30,,,2986.8501,,,,2011-04-01
NIFTY200 MOMENTUM 30,,,3021.9443,,,,2011-04-04
NIFTY200 MOMENTUM 30,,,3036.6401,,,,2011-04-05
NIFTY200 MOMENTUM 30,,,3033.8015,,,,2011-04-06
NIFTY200 MOMENTUM 30,,,3032.9736,,,,2011-04-07
NIFTY200 MOMENTUM 30,,,3006.981,,,,2011-04-08
NIFTY200 MOMENTUM 30,,,2980.4105,,,,2011-04-11
NIFTY200 MOMENTUM 30,,,3028.7666,,,,2011-04-13
NIFTY200 MOMENTUM 30,,,3001.4133,,,,2011-04-15
NIFTY200 MOMENTUM 30,,,2966.1977,,,,2011-04-18
NIFTY200 MOMENTUM 30,,,2971.3949,,,,2011-04-19
NIFTY200 MOMENTUM 30,,,3040.7639,,,,2011-04-20
NIFTY200 MOMENTUM 30,,,3038.3938,,,,2011-04-21
NIFTY200 MOMENTUM 30,,,3049.825,,,,2011-04-25
NIFTY200 MOMENTUM 30,,,3055.4395,,,,2011-04-26
NIFTY200 MOMENTUM 30,,,3057.0579,,,,2011-04-27
NIFTY200 MOMENTUM 30,,,3031.8778,,,,2011-04-28
NIFTY200 MOMENTUM 30,,,3016.4127,,,,2011-04-29
NIFTY200 MOMENTUM 30,,,2980.0269,,,,2011-05-02
NIFTY200 MOMENTUM 30,,,2908.1937,,,,2011-05-03
NIFTY200 MOMENTUM 30,,,2884.5503,,,,2011-05-04
NIFTY200 MOMENTUM 30,,,2839.2834,,,,2011-05-05
NIFTY200 MOMENTUM 30,,,2897.6067,,,,2011-05-06
NIFTY200 MOMENTUM 30,,,2897.663,,,,2011-05-09
NIFTY200 MOMENTUM 30,,,2901.1381,,,,2011-05-10
NIFTY200 MOMENTUM 30,,,2922.5149,,,,2011-05-11
NIFTY200 MOMENTUM 30,,,2897.2361,,,,2011-05-12
NIFTY200 MOMENTUM 30,,,2924.4084,,,,2011-05-13
NIFTY200 MOMENTUM 30,,,2908.4001,,,,2011-05-16
NIFTY200 MOMENTUM 30,,,2895.5624,,,,2011-05-17
NIFTY200 MOMENTUM 30,,,2876.806,,,,2011-05-18
NIFTY200 MOMENTUM 30,,,2874.0046,,,,2011-05-19
NIFTY200 MOMENTUM 30,,,2894.8447,,,,2011-05-20
NIFTY200 MOMENTUM 30,,,2855.5482,,,,2011-05-23
NIFTY200 MOMENTUM 30,,,2862.4392,,,,2011-05-24
NIFTY200 MOMENTUM 30,,,2850.3492,,,,2011-05-25
NIFTY200 MOMENTUM 30,,,2865.4696,,,,2011-05-26
NIFTY200 MOMENTUM 30,,,2882.8616,,,,2011-05-27
NIFTY200 MOMENTUM 30,,,2893.1854,,,,2011-05-30
NIFTY200 MOMENTUM 30,,,2943.3683,,,,2011-05-31
NIFTY200 MOMENTUM 30,,,2952.9627,,,,2011-06-01
NIFTY200 MOMENTUM 30,,,2945.4627,,,,2011-06-02
NIFTY200 MOMENTUM 30,,,2924.4737,,,,2011-06-03
NIFTY200 MOMENTUM 30,,,2929.387,,,,2011-06-06
NIFTY200 MOMENTUM 30,,,2937.5803,,,,2011-06-07
NIFTY200 MOMENTUM 30,,,2924.3758,,,,2011-06-08
NIFTY200 MOMENTUM 30,,,2915.5154,,,,2011-06-09
NIFTY200 MOMENTUM 30,,,2910.7025,,,,2011-06-10
NIFTY200 MOMENTUM 30,,,2911.2095,,,,2011-06-13
NIFTY200 MOMENTUM 30,,,2920.6772,,,,2011-06-14
NIFTY200 MOMENTUM 30,,,2905.5211,,,,2011-06-15
NIFTY200 MOMENTUM 30,,,2892.9906,,,,2011-06-16
NIFTY200 MOMENTUM 30,,,2865.4283,,,,2011-06-17
NIFTY200 MOMENTUM 30,,,2816.6944,,,,2011-06-20
NIFTY200 MOMENTUM 30,,,2823.1432,,,,2011-06-21
NIFTY200 MOMENTUM 30,,,2807.8442,,,,2011-06-22
NIFTY200 MOMENTUM 30,,,2823.1263,,,,2011-06-23
NIFTY200 MOMENTUM 30,,,2880.3953,,,,2011-06-24
NIFTY200 MOMENTUM 30,,,2898.3618,,,,2011-06-27
NIFTY200 MOMENTUM 30,,,2910.4013,,,,2011-06-28
NIFTY200 MOMENTUM 30,,,2934.3367,,,,2011-06-29
NIFTY200 MOMENTUM 30,,,2951.9476,,,,2011-06-30
NIFTY200 MOMENTUM 30,,,2961.8768,,,,2011-07-01
NIFTY200 MOMENTUM 30,,,2984.024,,,,2011-07-04
NIFTY200 MOMENTUM 30,,,2980.4227,,,,2011-07-05
NIFTY200 MOMENTUM 30,,,2979.1704,,,,2011-07-06
NIFTY200 MOMENTUM 30,,,3026.1573,,,,2011-07-07
NIFTY200 MOMENTUM 30,,,3001.6211,,,,2011-07-08
NIFTY200 MOMENTUM 30,,,2979.4992,,,,2011-07-11
NIFTY200 MOMENTUM 30,,,2946.3486,,,,2011-07-12
NIFTY200 MOMENTUM 30,,,2979.4861,,,,2011-07-13
NIFTY200 MOMENTUM 30,,,2985.9838,,,,2011-07-14
NIFTY200 MOMENTUM 30,,,2983.3979,,,,2011-07-15
NIFTY200 MOMENTUM 30,,,2979.8968,,,,2011-07-18
NIFTY200 MOMENTUM 30,,,3004.3192,,,,2011-07-19
NIFTY200 MOMENTUM 30,,,2976.3535,,,,2011-07-20
NIFTY200 MOMENTUM 30,,,2968.5636,,,,2011-07-21
NIFTY200 MOMENTUM 30,,,3000.716,,,,2011-07-22
NIFTY200 MOMENTUM 30,,,3020.9524,,,,2011-07-25
NIFTY200 MOMENTUM 30,,,2982.596,,,,2011-07-26
NIFTY200 MOMENTUM 30,,,2960.4985,,,,2011-07-27
NIFTY200 MOMENTUM 30,,,2945.0202,,,,2011-07-28
NIFTY200 MOMENTUM 30,,,2939.9719,,,,2011-07-29
NIFTY200 MOMENTUM 30,,,2941.0526,,,,2011-08-01
NIFTY200 MOMENTUM 30,,,2912.8714,,,,2011-08-02
NIFTY200 MOMENTUM 30,,,2886.0929,,,,2011-08-03
NIFTY200 MOMENTUM 30,,,2854.1281,,,,2011-08-04
NIFTY200 MOMENTUM 30,,,2810.7476,,,,2011-08-05
NIFTY200 MOMENTUM 30,,,2760.059,,,,2011-08-08
NIFTY200 MOMENTUM 30,,,2732.4914,,,,2011-08-09
NIFTY200 MOMENTUM 30,,,2787.9026,,,,2011-08-10
NIFTY200 MOMENTUM 30,,,2778.4472,,,,2011-08-11
NIFTY200 MOMENTUM 30,,,2734.6406,,,,2011-08-12
NIFTY200 MOMENTUM 30,,,2718.9925,,,,2011-08-16
NIFTY200 MOMENTUM 30,,,2734.5892,,,,2011-08-17
NIFTY200 MOMENTUM 30,,,2673.1079,,,,2011-08-18
NIFTY200 MOMENTUM 30,,,2632.6872,,,,2011-08-19
NIFTY200 MOMENTUM 30,,,2651.8547,,,,2011-08-22
NIFTY200 MOMENTUM 30,,,2688.7614,,,,2011-08-23
NIFTY200 MOMENTUM 30,,,2663.8556,,,,2011-08-24
NIFTY200 MOMENTUM 30,,,2639.8313,,,,2011-08-25
NIFTY200 MOMENTUM 30,,,2599.2406,,,,2011-08-26
NIFTY200 MOMENTUM 30,,,2675.8743,,,,2011-08-29
NIFTY200 MOMENTUM 30,,,2721.5648,,,,2011-08-30
NIFTY200 MOMENTUM 30,,,2748.3729,,,,2011-09-02
NIFTY200 MOMENTUM 30,,,2747.0182,,,,2011-09-05
NIFTY200 MOMENTUM 30,,,2748.2526,,,,2011-09-06
NIFTY200 MOMENTUM 30,,,2768.5015,,,,2011-09-07
NIFTY200 MOMENTUM 30,,,2775.7885,,,,2011-09-08
NIFTY200 MOMENTUM 30,,,2743.587,,,,2011-09-09
NIFTY200 MOMENTUM 30,,,2689.6144,,,,2011-09-12
NIFTY200 MOMENTUM 30,,,2684.9709,,,,2011-09-13
NIFTY200 MOMENTUM 30,,,2721.1858,,,,2011-09-14
NIFTY200 MOMENTUM 30,,,2751.23,,,,2011-09-15
NIFTY200 MOMENTUM 30,,,2754.6435,,,,2011-09-16
NIFTY200 MOMENTUM 30,,,2731.7381,,,,2011-09-19
NIFTY200 MOMENTUM 30,,,2782.7746,,,,2011-09-20
NIFTY200 MOMENTUM 30,,,2788.6007,,,,2011-09-21
NIFTY200 MOMENTUM 30,,,2688.3262,,,,2011-09-22
NIFTY200 MOMENTUM 30,,,2672.5296,,,,2011-09-23
NIFTY200 MOMENTUM 30,,,2640.8906,,,,2011-09-26
NIFTY200 MOMENTUM 30,,,2701.3451,,,,2011-09-27
NIFTY200 MOMENTUM 30,,,2695.9404,,,,2011-09-28
NIFTY200 MOMENTUM 30,,,2721.2826,,,,2011-09-29
NIFTY200 MOMENTUM 30,,,2693.9742,,,,2011-09-30
NIFTY200 MOMENTUM 30,,,2652.5349,,,,2011-10-03
NIFTY200 MOMENTUM 30,,,2613.1544,,,,2011-10-04
NIFTY200 MOMENTUM 30,,,2602.2842,,,,2011-10-05
NIFTY200 MOMENTUM 30,,,2650.563,,,,2011-10-07
NIFTY200 MOMENTUM 30,,,2676.3722,,,,2011-10-10
NIFTY200 MOMENTUM 30,,,2694.7253,,,,2011-10-11
NIFTY200 MOMENTUM 30,,,2728.5913,,,,2011-10-12
NIFTY200 MOMENTUM 30,,,2714.1768,,,,2011-10-13
NIFTY200 MOMENTUM 30,,,2739.2219,,,,2011-10-14
NIFTY200 MOMENTUM 30,,,2749.6104,,,,2011-10-17
NIFTY200 MOMENTUM 30,,,2710.5106,,,,2011-10-18
NIFTY200 MOMENTUM 30,,,2753.1553,,,,2011-10-19
NIFTY200 MOMENTUM 30,,,2734.7067,,,,2011-10-20
NIFTY200 MOMENTUM 30,,,2722.8985,,,,2011-10-21
NIFTY200 MOMENTUM 30,,,2749.49,,,,2011-10-24
NIFTY200 MOMENTUM 30,,,2774.1694,,,,2011-10-25
NIFTY200 MOMENTUM 30,,,2790.2185,,,,2011-10-26
NIFTY200 MOMENTUM 30,,,2821.7695,,,,2011-10-28
NIFTY200 MOMENTUM 30,,,2830.1642,,,,2011-10-31
NIFTY200 MOMENTUM 30,,,2819.8616,,,,2011-11-01
NIFTY200 MOMENTUM 30,,,2821.4945,,,,2011-11-02
NIFTY200 MOMENTUM 30,,,2824.9811,,,,2011-11-03
NIFTY200 MOMENTUM 30,,,2844.0721,,,,2011-11-04
NIFTY200 MOMENTUM 30,,,2836.0372,,,,2011-11-08
NIFTY200 MOMENTUM 30,,,2817.3636,,,,2011-11-09
NIFTY200 MOMENTUM 30,,,2824.1421,,,,2011-11-11
NIFTY200 MOMENTUM 30,,,2819.4213,,,,2011-11-14
NIFTY200 MOMENTUM 30,,,2772.8908,,,,2011-11-15
NIFTY200 MOMENTUM 30,,,2769.6025,,,,2011-11-16
NIFTY200 MOMENTUM 30,,,2735.1311,,,,2011-11-17
NIFTY200 MOMENTUM 30,,,2727.9776,,,,2011-11-18
NIFTY200 MOMENTUM 30,,,2680.7972,,,,2011-11-21
NIFTY200 MOMENTUM 30,,,2666.7924,,,,2011-11-22
NIFTY200 MOMENTUM 30,,,2626.3013,,,,2011-11-23
NIFTY200 MOMENTUM 30,,,2660.838,,,,2011-11-24
NIFTY200 MOMENTUM 30,,,2647.6829,,,,2011-11-25
NIFTY200 MOMENTUM 30,,,2692.3881,,,,2011-11-28
NIFTY200 MOMENTUM 30,,,2686.7091,,,,2011-11-29
NIFTY200 MOMENTUM 30,,,2698.3436,,,,2011-11-30
NIFTY200 MOMENTUM 30,,,2701.7694,,,,2011-12-01
NIFTY200 MOMENTUM 30,,,2755.7286,,,,2011-12-02
NIFTY200 MOMENTUM 30,,,2749.779,,,,2011-12-05
NIFTY200 MOMENTUM 30,,,2728.0827,,,,2011-12-07
NIFTY200 MOMENTUM 30,,,2691.0168,,,,2011-12-08
NIFTY200 MOMENTUM 30,,,2657.5266,,,,2011-12-09
NIFTY200 MOMENTUM 30,,,2601.8233,,,,2011-12-12
NIFTY200 MOMENTUM 30,,,2620.0022,,,,2011-12-13
NIFTY200 MOMENTUM 30,,,2609.1846,,,,2011-12-14
NIFTY200 MOMENTUM 30,,,2608.2909,,,,2011-12-15
NIFTY200 MOMENTUM 30,,,2569.9481,,,,2011-12-16
NIFTY200 MOMENTUM 30,,,2547.7781,,,,2011-12-19
NIFTY200 MOMENTUM 30,,,2521.5589,,,,2011-12-20
NIFTY200 MOMENTUM 30,,,2572.2908,,,,2011-12-21
NIFTY200 MOMENTUM 30,,,2591.0765,,,,2011-12-22
NIFTY200 MOMENTUM 30,,,2577.9172,,,,2011-12-23
NIFTY200 MOMENTUM 30,,,2609.7453,,,,2011-12-26
NIFTY200 MOMENTUM 30,,,2603.5337,,,,2011-12-27
NIFTY200 MOMENTUM 30,,,2584.4045,,,,2011-12-28
NIFTY200 MOMENTUM 30,,,2573.3504,,,,2011-12-29
NIFTY200 MOMENTUM 30,,,2574.1033,,,,2011-12-30
NIFTY200 MOMENTUM 30,,,2552.4302,,,,2012-01-02
NIFTY200 MOMENTUM 30,,,2590.6531,,,,2012-01-03
NIFTY200 MOMENTUM 30,,,2563.9525,,,,2012-01-04
NIFTY200 MOMENTUM 30,,,2573.421,,,,2012-01-05
NIFTY200 MOMENTUM 30,,,2563.1574,,,,2012-01-06
NIFTY200 MOMENTUM 30,,,2562.7475,,,,2012-01-07
NIFTY200 MOMENTUM 30,,,2557.8233,,,,2012-01-09
NIFTY200 MOMENTUM 30,,,2595.8195,,,,2012-01-10
NIFTY200 MOMENTUM 30,,,2600.3911,,,,2012-01-11
NIFTY200 MOMENTUM 30,,,2605.0511,,,,2012-01-12
NIFTY200 MOMENTUM 30,,,2607.1249,,,,2012-01-13
NIFTY200 MOMENTUM 30,,,2604.4557,,,,2012-01-16
NIFTY200 MOMENTUM 30,,,2638.7895,,,,2012-01-17
NIFTY200 MOMENTUM 30,,,2626.1645,,,,2012-01-18
NIFTY200 MOMENTUM 30,,,2640.9875,,,,2012-01-19
NIFTY200 MOMENTUM 30,,,2644.1979,,,,2012-01-20
NIFTY200 MOMENTUM 30,,,2656.8151,,,,2012-01-23
NIFTY200 MOMENTUM 30,,,2684.4125,,,,2012-01-24
NIFTY200 MOMENTUM 30,,,2705.2262,,,,2012-01-25
NIFTY200 MOMENTUM 30,,,2719.1969,,,,2012-01-27
NIFTY200 MOMENTUM 30,,,2690.5659,,,,2012-01-30
NIFTY200 MOMENTUM 30,,,2740.9042,,,,2012-01-31
NIFTY200 MOMENTUM 30,,,2744.7204,,,,2012-02-01
NIFTY200 MOMENTUM 30,,,2769.1678,,,,2012-02-02
NIFTY200 MOMENTUM 30,,,2795.395,,,,2012-02-03
NIFTY200 MOMENTUM 30,,,2813.7359,,,,2012-02-06
NIFTY200 MOMENTUM 30,,,2788.9956,,,,2012-02-07
NIFTY200 MOMENTUM 30,,,2801.5883,,,,2012-02-08
NIFTY200 MOMENTUM 30,,,2827.6032,,,,2012-02-09
NIFTY200 MOMENTUM 30,,,2815.1131,,,,2012-02-10
NIFTY200 MOMENTUM 30,,,2827.8162,,,,2012-02-13
NIFTY200 MOMENTUM 30,,,2830.0272,,,,2012-02-14
NIFTY200 MOMENTUM 30,,,2871.8682,,,,2012-02-15
NIFTY200 MOMENTUM 30,,,2879.418,,,,2012-02-16
NIFTY200 MOMENTUM 30,,,2886.4687,,,,2012-02-17
NIFTY200 MOMENTUM 30,,,2902.799,,,,2012-02-21
NIFTY200 MOMENTUM 30,,,2863.7779,,,,2012-02-22
NIFTY200 MOMENTUM 30,,,2858.6803,,,,2012-02-23
NIFTY200 MOMENTUM 30,,,2851.0501,,,,2012-02-24
NIFTY200 MOMENTUM 30,,,2814.8807,,,,2012-02-27
NIFTY200 MOMENTUM 30,,,2856.3468,,,,2012-02-28
NIFTY200 MOMENTUM 30,,,2855.5532,,,,2012-02-29
NIFTY200 MOMENTUM 30,,,2842.0634,,,,2012-03-01
NIFTY200 MOMENTUM 30,,,2849.4276,,,,2012-03-02
NIFTY200 MOMENTUM 30,,,2845.757,,,,2012-03-03
NIFTY200 MOMENTUM 30,,,2822.4063,,,,2012-03-05
NIFTY200 MOMENTUM 30,,,2819.3228,,,,2012-03-06
NIFTY200 MOMENTUM 30,,,2819.2691,,,,2012-03-07
NIFTY200 MOMENTUM 30,,,2861.9161,,,,2012-03-09
NIFTY200 MOMENTUM 30,,,2872.0336,,,,2012-03-12
NIFTY200 MOMENTUM 30,,,2891.8313,,,,2012-03-13
NIFTY200 MOMENTUM 30,,,2898.4875,,,,2012-03-14
NIFTY200 MOMENTUM 30,,,2873.3102,,,,2012-03-15
NIFTY200 MOMENTUM 30,,,2859.9587,,,,2012-03-16
NIFTY200 MOMENTUM 30,,,2844.4732,,,,2012-03-19
NIFTY200 MOMENTUM 30,,,2864.6237,,,,2012-03-20
NIFTY200 MOMENTUM 30,,,2907.9786,,,,2012-03-21
NIFTY200 MOMENTUM 30,,,2864.7955,,,,2012-03-22
NIFTY200 MOMENTUM 30,,,2899.8684,,,,2012-03-23
NIFTY200 MOMENTUM 30,,,2878.5458,,,,2012-03-26
NIFTY200 MOMENTUM 30,,,2903.6098,,,,2012-03-27
NIFTY200 MOMENTUM 30,,,2888.5586,,,,2012-03-28
NIFTY200 MOMENTUM 30,,,2887.1576,,,,2012-03-29
NIFTY200 MOMENTUM 30,,,2944.4281,,,,2012-03-30
NIFTY200 MOMENTUM 30,,,2966.9726,,,,2012-04-02
NIFTY200 MOMENTUM 30,,,2968.4928,,,,2012-04-03
NIFTY200 MOMENTUM 30,,,2957.7044,,,,2012-04-04
NIFTY200 MOMENTUM 30,,,2928.932,,,,2012-04-09
NIFTY200 MOMENTUM 30,,,2929.836,,,,2012-04-10
NIFTY200 MOMENTUM 30,,,2922.2344,,,,2012-04-11
NIFTY200 MOMENTUM 30,,,2926.8244,,,,2012-04-12
NIFTY200 MOMENTUM 30,,,2932.8858,,,,2012-04-13
NIFTY200 MOMENTUM 30,,,2936.1872,,,,2012-04-16
NIFTY200 MOMENTUM 30,,,2958.0197,,,,2012-04-17
NIFTY200 MOMENTUM 30,,,2968.3432,,,,2012-04-18
NIFTY200 MOMENTUM 30,,,2977.2168,,,,2012-04-19
NIFTY200 MOMENTUM 30,,,2966.8414,,,,2012-04-20
NIFTY200 MOMENTUM 30,,,2929.5797,,,,2012-04-23
NIFTY200 MOMENTUM 30,,,2935.3565,,,,2012-04-24
NIFTY200 MOMENTUM 30,,,2932.8389,,,,2012-04-25
NIFTY200 MOMENTUM 30,,,2924.2776,,,,2012-04-26
NIFTY200 MOMENTUM 30,,,2920.98,,,,2012-04-27
NIFTY200 MOMENTUM 30,,,2926.6751,,,,2012-04-28
NIFTY200 MOMENTUM 30,,,2949.8662,,,,2012-04-30
NIFTY200 MOMENTUM 30,,,2942.7003,,,,2012-05-02
NIFTY200 MOMENTUM 30,,,2929.6267,,,,2012-05-03
NIFTY200 MOMENTUM 30,,,2890.7835,,,,2012-05-04
NIFTY200 MOMENTUM 30,,,2926.8988,,,,2012-05-07
NIFTY200 MOMENTUM 30,,,2880.0277,,,,2012-05-08
NIFTY200 MOMENTUM 30,,,2874.2123,,,,2012-05-09
NIFTY200 MOMENTUM 30,,,2877.4375,,,,2012-05-10
NIFTY200 MOMENTUM 30,,,2857.1467,,,,2012-05-11
NIFTY200 MOMENTUM 30,,,2854.6269,,,,2012-05-14
NIFTY200 MOMENTUM 30,,,2867.1061,,,,2012-05-15
NIFTY200 MOMENTUM 30,,,2839.707,,,,2012-05-16
NIFTY200 MOMENTUM 30,,,2836.3522,,,,2012-05-17
NIFTY200 MOMENTUM 30,,,2828.2056,,,,2012-05-18
NIFTY200 MOMENTUM 30,,,2842.4589,,,,2012-05-21
NIFTY200 MOMENTUM 30,,,2813.7644,,,,2012-05-22
NIFTY200 MOMENTUM 30,,,2797.8791,,,,2012-05-23
NIFTY200 MOMENTUM 30,,,2824.8902,,,,2012-05-24
NIFTY200 MOMENTUM 30,,,2825.6761,,,,2012-05-25
NIFTY200 MOMENTUM 30,,,2867.6218,,,,2012-05-28
NIFTY200 MOMENTUM 30,,,2855.2379,,,,2012-05-29
NIFTY200 MOMENTUM 30,,,2819.9154,,,,2012-05-30
NIFTY200 MOMENTUM 30,,,2827.757,,,,2012-05-31
NIFTY200 MOMENTUM 30,,,2786.4037,,,,2012-06-01
NIFTY200 MOMENTUM 30,,,2756.1296,,,,2012-06-04
NIFTY200 MOMENTUM 30,,,2757.4811,,,,2012-06-05
NIFTY200 MOMENTUM 30,,,2823.4968,,,,2012-06-06
NIFTY200 MOMENTUM 30,,,2833.0869,,,,2012-06-07
NIFTY200 MOMENTUM 30,,,2846.3512,,,,2012-06-08
NIFTY200 MOMENTUM 30,,,2840.9532,,,,2012-06-11
NIFTY200 MOMENTUM 30,,,2863.4278,,,,2012-06-12
NIFTY200 MOMENTUM 30,,,2862.3219,,,,2012-06-13
NIFTY200 MOMENTUM 30,,,2832.6764,,,,2012-06-14
NIFTY200 MOMENTUM 30,,,2876.3912,,,,2012-06-15
NIFTY200 MOMENTUM 30,,,2848.3109,,,,2012-06-18
NIFTY200 MOMENTUM 30,,,2861.4807,,,,2012-06-19
NIFTY200 MOMENTUM 30,,,2878.7181,,,,2012-06-20
NIFTY200 MOMENTUM 30,,,2897.8699,,,,2012-06-21
NIFTY200 MOMENTUM 30,,,2893.8675,,,,2012-06-22
NIFTY200 MOMENTUM 30,,,2875.6194,,,,2012-06-25
NIFTY200 MOMENTUM 30,,,2886.2824,,,,2012-06-26
NIFTY200 MOMENTUM 30,,,2891.3335,,,,2012-06-27
NIFTY200 MOMENTUM 30,,,2905.718,,,,2012-06-28
NIFTY200 MOMENTUM 30,,,2970.0754,,,,2012-06-29
NIFTY200 MOMENTUM 30,,,2979.7428,,,,2012-07-02
NIFTY200 MOMENTUM 30,,,2985.5026,,,,2012-07-03
NIFTY200 MOMENTUM 30,,,2984.0456,,,,2012-07-04
NIFTY200 MOMENTUM 30,,,2992.8859,,,,2012-07-05
NIFTY200 MOMENTUM 30,,,2985.021,,,,2012-07-06
NIFTY200 MOMENTUM 30,,,2960.1022,,,,2012-07-09
NIFTY200 MOMENTUM 30,,,2984.3919,,,,2012-07-10
NIFTY200 MOMENTUM 30,,,2971.6536,,,,2012-07-11
NIFTY200 MOMENTUM 30,,,2954.1066,,,,2012-07-12
NIFTY200 MOMENTUM 30,,,2954.7013,,,,2012-07-13
NIFTY200 MOMENTUM 30,,,2943.9315,,,,2012-07-16
NIFTY200 MOMENTUM 30,,,2936.6153,,,,2012-07-17
NIFTY200 MOMENTUM 30,,,2953.0837,,,,2012-07-18
NIFTY200 MOMENTUM 30,,,2958.1262,,,,2012-07-19
NIFTY200 MOMENTUM 30,,,2958.9255,,,,2012-07-20
NIFTY200 MOMENTUM 30,,,2922.2321,,,,2012-07-23
NIFTY200 MOMENTUM 30,,,2940.1551,,,,2012-07-24
NIFTY200 MOMENTUM 30,,,2934.9985,,,,2012-07-25
NIFTY200 MOMENTUM 30,,,2904.5655,,,,2012-07-26
NIFTY200 MOMENTUM 30,,,2931.9328,,,,2012-07-27
NIFTY200 MOMENTUM 30,,,2976.0353,,,,2012-07-30
NIFTY200 MOMENTUM 30,,,2992.8244,,,,2012-07-31
NIFTY200 MOMENTUM 30,,,3001.1626,,,,2012-08-01
NIFTY200 MOMENTUM 30,,,3007.1674,,,,2012-08-02
NIFTY200 MOMENTUM 30,,,3015.7322,,,,2012-08-03
NIFTY200 MOMENTUM 30,,,3038.168,,,,2012-08-06
NIFTY200 MOMENTUM 30,,,3056.4785,,,,2012-08-07
NIFTY200 MOMENTUM 30,,,3056.7982,,,,2012-08-08
NIFTY200 MOMENTUM 30,,,3067.3833,,,,2012-08-09
NIFTY200 MOMENTUM 30,,,3071.6733,,,,2012-08-10
NIFTY200 MOMENTUM 30,,,3090.1156,,,,2012-08-13
NIFTY200 MOMENTUM 30,,,3097.4869,,,,2012-08-14
NIFTY200 MOMENTUM 30,,,3075.4414,,,,2012-08-16
NIFTY200 MOMENTUM 30,,,3084.9415,,,,2012-08-17
NIFTY200 MOMENTUM 30,,,3103.5981,,,,2012-08-21
NIFTY200 MOMENTUM 30,,,3110.1485,,,,2012-08-22
NIFTY200 MOMENTUM 30,,,3108.942,,,,2012-08-23
NIFTY200 MOMENTUM 30,,,3100.8743,,,,2012-08-24
NIFTY200 MOMENTUM 30,,,3094.6076,,,,2012-08-27
NIFTY200 MOMENTUM 30,,,3088.0794,,,,2012-08-28
NIFTY200 MOMENTUM 30,,,3069.0933,,,,2012-08-29
NIFTY200 MOMENTUM 30,,,3090.6227,,,,2012-08-30
NIFTY200 MOMENTUM 30,,,3069.0762,,,,2012-08-31
NIFTY200 MOMENTUM 30,,,3073.2688,,,,2012-09-03
NIFTY200 MOMENTUM 30,,,3077.8196,,,,2012-09-04
NIFTY200 MOMENTUM 30,,,3068.3326,,,,2012-09-05
NIFTY200 MOMENTUM 30,,,3080.0918,,,,2012-09-06
NIFTY200 MOMENTUM 30,,,3125.3667,,,,2012-09-07
NIFTY200 MOMENTUM 30,,,3133.0893,,,,2012-09-08
NIFTY200 MOMENTUM 30,,,3143.253,,,,2012-09-10
NIFTY200 MOMENTUM 30,,,3156.6644,,,,2012-09-11
NIFTY200 MOMENTUM 30,,,3181.0715,,,,2012-09-12
NIFTY200 MOMENTUM 30,,,3173.3508,,,,2012-09-13
NIFTY200 MOMENTUM 30,,,3206.5298,,,,2012-09-14
NIFTY200 MOMENTUM 30,,,3188.5191,,,,2012-09-17
NIFTY200 MOMENTUM 30,,,3182.7238,,,,2012-09-18
NIFTY200 MOMENTUM 30,,,3188.9541,,,,2012-09-20
NIFTY200 MOMENTUM 30,,,3226.0753,,,,2012-09-21
NIFTY200 MOMENTUM 30,,,3215.3664,,,,2012-09-24
NIFTY200 MOMENTUM 30,,,3228.4533,,,,2012-09-25
NIFTY200 MOMENTUM 30,,,3235.4391,,,,2012-09-26
NIFTY200 MOMENTUM 30,,,3262.0936,,,,2012-09-27
NIFTY200 MOMENTUM 30,,,3310.3522,,,,2012-09-28
NIFTY200 MOMENTUM 30,,,3342.9966,,,,2012-10-01
NIFTY200 MOMENTUM 30,,,3355.9453,,,,2012-10-03
NIFTY200 MOMENTUM 30,,,3355.5119,,,,2012-10-04
NIFTY200 MOMENTUM 30,,,3329.4237,,,,2012-10-05
NIFTY200 MOMENTUM 30,,,3312.6863,,,,2012-10-08
NIFTY200 MOMENTUM 30,,,3345.2351,,,,2012-10-09
NIFTY200 MOMENTUM 30,,,3322.4496,,,,2012-10-10
NIFTY200 MOMENTUM 30,,,3332.6725,,,,2012-10-11
NIFTY200 MOMENTUM 30,,,3352.692,,,,2012-10-12
NIFTY200 MOMENTUM 30,,,3350.4914,,,,2012-10-15
NIFTY200 MOMENTUM 30,,,3333.5537,,,,2012-10-16
NIFTY200 MOMENTUM 30,,,3337.9007,,,,2012-10-17
NIFTY200 MOMENTUM 30,,,3352.688,,,,2012-10-18
NIFTY200 MOMENTUM 30,,,3331.6307,,,,2012-10-19
NIFTY200 MOMENTUM 30,,,3347.7581,,,,2012-10-22
NIFTY200 MOMENTUM 30,,,3329.5422,,,,2012-10-23
NIFTY200 MOMENTUM 30,,,3323.1158,,,,2012-10-25
NIFTY200 MOMENTUM 30,,,3298.9732,,,,2012-10-26
NIFTY200 MOMENTUM 30,,,3282.1194,,,,2012-10-29
NIFTY200 MOMENTUM 30,,,3259.036,,,,2012-10-30
NIFTY200 MOMENTUM 30,,,3284.2647,,,,2012-10-31
NIFTY200 MOMENTUM 30,,,3306.0866,,,,2012-11-01
NIFTY200 MOMENTUM 30,,,3324.6215,,,,2012-11-02
NIFTY200 MOMENTUM 30,,,3338.4011,,,,2012-11-05
NIFTY200 MOMENTUM 30,,,3363.9933,,,,2012-11-06
NIFTY200 MOMENTUM 30,,,3388.268,,,,2012-11-07
NIFTY200 MOMENTUM 30,,,3398.8692,,,,2012-11-08
NIFTY200 MOMENTUM 30,,,3381.4887,,,,2012-11-09
NIFTY200 MOMENTUM 30,,,3425.117,,,,2012-11-12
NIFTY200 MOMENTUM 30,,,3416.7072,,,,2012-11-13
NIFTY200 MOMENTUM 30,,,3396.5372,,,,2012-11-15
NIFTY200 MOMENTUM 30,,,3346.5534,,,,2012-11-16
NIFTY200 MOMENTUM 30,,,3323.3974,,,,2012-11-19
NIFTY200 MOMENTUM 30,,,3318.778,,,,2012-11-20
NIFTY200 MOMENTUM 30,,,3359.5874,,,,2012-11-21
NIFTY200 MOMENTUM 30,,,3367.7117,,,,2012-11-22
NIFTY200 MOMENTUM 30,,,3374.7053,,,,2012-11-23
NIFTY200 MOMENTUM 30,,,3388.6509,,,,2012-11-26
NIFTY200 MOMENTUM 30,,,3439.1941,,,,2012-11-27
NIFTY200 MOMENTUM 30,,,3497.3127,,,,2012-11-29
NIFTY200 MOMENTUM 30,,,3503.3408,,,,2012-11-30
NIFTY200 MOMENTUM 30,,,3508.3736,,,,2012-12-03
NIFTY200 MOMENTUM 30,,,3507.2969,,,,2012-12-04
NIFTY200 MOMENTUM 30,,,3515.6184,,,,2012-12-05
NIFTY200 MOMENTUM 30,,,3515.553,,,,2012-12-06
NIFTY200 MOMENTUM 30,,,3494.6766,,,,2012-12-07
NIFTY200 MOMENTUM 30,,,3503.6129,,,,2012-12-10
NIFTY200 MOMENTUM 30,,,3508.2195,,,,2012-12-11
NIFTY200 MOMENTUM 30,,,3502.663,,,,2012-12-12
NIFTY200 MOMENTUM 30,,,3470.1015,,,,2012-12-13
NIFTY200 MOMENTUM 30,,,3489.1373,,,,2012-12-14
NIFTY200 MOMENTUM 30,,,3476.4876,,,,2012-12-17
NIFTY200 MOMENTUM 30,,,3514.6396,,,,2012-12-18
NIFTY200 MOMENTUM 30,,,3552.4358,,,,2012-12-19
NIFTY200 MOMENTUM 30,,,3555.1351,,,,2012-12-20
NIFTY200 MOMENTUM 30,,,3504.8593,,,,2012-12-21
NIFTY200 MOMENTUM 30,,,3515.0909,,,,2012-12-24
NIFTY200 MOMENTUM 30,,,3526.4716,,,,2012-12-26
NIFTY200 MOMENTUM 30,,,3504.4313,,,,2012-12-27
NIFTY200 MOMENTUM 30,,,3517.8858,,,,2012-12-28
NIFTY200 MOMENTUM 30,,,3530.1537,,,,2012-12-31
NIFTY200 MOMENTUM 30,,,3555.6291,,,,2013-01-01
NIFTY200 MOMENTUM 30,,,3574.7159,,,,2013-01-02
NIFTY200 MOMENTUM 30,,,3568.1004,,,,2013-01-03
NIFTY200 MOMENTUM 30,,,3561.3335,,,,2013-01-04
NIFTY200 MOMENTUM 30,,,3544.1284,,,,2013-01-07
NIFTY200 MOMENTUM 30,,,3549.9631,,,,2013-01-08
NIFTY200 MOMENTUM 30,,,3535.9384,,,,2013-01-09
NIFTY200 MOMENTUM 30,,,3524.5244,,,,2013-01-10
NIFTY200 MOMENTUM 30,,,3483.9904,,,,2013-01-11
NIFTY200 MOMENTUM 30,,,3490.0755,,,,2013-01-14
NIFTY200 MOMENTUM 30,,,3503.0258,,,,2013-01-15
NIFTY200 MOMENTUM 30,,,3468.934,,,,2013-01-16
NIFTY200 MOMENTUM 30,,,3475.2518,,,,2013-01-17
NIFTY200 MOMENTUM 30,,,3466.6127,,,,2013-01-18
NIFTY200 MOMENTUM 30,,,3460.3724,,,,2013-01-21
NIFTY200 MOMENTUM 30,,,3450.437,,,,2013-01-22
NIFTY200 MOMENTUM 30,,,3447.858,,,,2013-01-23
NIFTY200 MOMENTUM 30,,,3416.7051,,,,2013-01-24
NIFTY200 MOMENTUM 30,,,3454.166,,,,2013-01-25
NIFTY200 MOMENTUM 30,,,3461.7813,,,,2013-01-28
NIFTY200 MOMENTUM 30,,,3437.1161,,,,2013-01-29
NIFTY200 MOMENTUM 30,,,3451.4057,,,,2013-01-30
NIFTY200 MOMENTUM 30,,,3458.322,,,,2013-01-31
NIFTY200 MOMENTUM 30,,,3449.0269,,,,2013-02-01
NIFTY200 MOMENTUM 30,,,3446.9869,,,,2013-02-04
NIFTY200 MOMENTUM 30,,,3456.5461,,,,2013-02-05
NIFTY200 MOMENTUM 30,,,3473.8104,,,,2013-02-06
NIFTY200 MOMENTUM 30,,,3463.9444,,,,2013-02-07
NIFTY200 MOMENTUM 30,,,3429.0313,,,,2013-02-08
NIFTY200 MOMENTUM 30,,,3441.6823,,,,2013-02-11
NIFTY200 MOMENTUM 30,,,3459.9856,,,,2013-02-12
NIFTY200 MOMENTUM 30,,,3452.5088,,,,2013-02-13
NIFTY200 MOMENTUM 30,,,3448.3544,,,,2013-02-14
NIFTY200 MOMENTUM 30,,,3451.5577,,,,2013-02-15
NIFTY200 MOMENTUM 30,,,3444.7742,,,,2013-02-18
NIFTY200 MOMENTUM 30,,,3478.9382,,,,2013-02-19
NIFTY200 MOMENTUM 30,,,3481.5195,,,,2013-02-20
NIFTY200 MOMENTUM 30,,,3434.8528,,,,2013-02-21
NIFTY200 MOMENTUM 30,,,3435.4579,,,,2013-02-22
NIFTY200 MOMENTUM 30,,,3437.1379,,,,2013-02-25
NIFTY200 MOMENTUM 30,,,3396.6679,,,,2013-02-26
NIFTY200 MOMENTUM 30,,,3392.0351,,,,2013-02-27
NIFTY200 MOMENTUM 30,,,3350.3731,,,,2013-02-28
NIFTY200 MOMENTUM 30,,,3378.1305,,,,2013-03-01
NIFTY200 MOMENTUM 30,,,3357.3309,,,,2013-03-04
NIFTY200 MOMENTUM 30,,,3415.415,,,,2013-03-05
NIFTY200 MOMENTUM 30,,,3417.8873,,,,2013-03-06
NIFTY200 MOMENTUM 30,,,3434.163,,,,2013-03-07
NIFTY200 MOMENTUM 30,,,3468.3109,,,,2013-03-08
NIFTY200 MOMENTUM 30,,,3469.7155,,,,2013-03-11
NIFTY200 MOMENTUM 30,,,3473.1371,,,,2013-03-12
NIFTY200 MOMENTUM 30,,,3445.2352,,,,2013-03-13
NIFTY200 MOMENTUM 30,,,3475.0246,,,,2013-03-14
NIFTY200 MOMENTUM 30,,,3471.1848,,,,2013-03-15
NIFTY200 MOMENTUM 30,,,3464.4743,,,,2013-03-18
NIFTY200 MOMENTUM 30,,,3419.2959,,,,2013-03-19
NIFTY200 MOMENTUM 30,,,3396.3223,,,,2013-03-20
NIFTY200 MOMENTUM 30,,,3368.2854,,,,2013-03-21
NIFTY200 MOMENTUM 30,,,3367.149,,,,2013-03-22
NIFTY200 MOMENTUM 30,,,3359.54,,,,2013-03-25
NIFTY200 MOMENTUM 30,,,3367.7003,,,,2013-03-26
NIFTY200 MOMENTUM 30,,,3387.3933,,,,2013-03-28
NIFTY200 MOMENTUM 30,,,3399.6118,,,,2013-04-01
NIFTY200 MOMENTUM 30,,,3415.0543,,,,2013-04-02
NIFTY200 MOMENTUM 30,,,3366.1289,,,,2013-04-03
NIFTY200 MOMENTUM 30,,,3299.2919,,,,2013-04-04
NIFTY200 MOMENTUM 30,,,3283.1185,,,,2013-04-05
NIFTY200 MOMENTUM 30,,,3273.7875,,,,2013-04-08
NIFTY200 MOMENTUM 30,,,3263.732,,,,2013-04-09
NIFTY200 MOMENTUM 30,,,3302.849,,,,2013-04-10
NIFTY200 MOMENTUM 30,,,3340.7796,,,,2013-04-11
NIFTY200 MOMENTUM 30,,,3354.8685,,,,2013-04-12
NIFTY200 MOMENTUM 30,,,3359.6987,,,,2013-04-15
NIFTY200 MOMENTUM 30,,,3421.0511,,,,2013-04-16
NIFTY200 MOMENTUM 30,,,3449.2586,,,,2013-04-17
NIFTY200 MOMENTUM 30,,,3498.5595,,,,2013-04-18
NIFTY200 MOMENTUM 30,,,3519.323,,,,2013-04-22
NIFTY200 MOMENTUM 30,,,3522.4157,,,,2013-04-23
NIFTY200 MOMENTUM 30,,,3567.3658,,,,2013-04-25
NIFTY200 MOMENTUM 30,,,3552.9052,,,,2013-04-26
NIFTY200 MOMENTUM 30,,,3579.6905,,,,2013-04-29
NIFTY200 MOMENTUM 30,,,3616.1085,,,,2013-04-30
NIFTY200 MOMENTUM 30,,,3658.812,,,,2013-05-02
NIFTY200 MOMENTUM 30,,,3636.4448,,,,2013-05-03
NIFTY200 MOMENTUM 30,,,3652.2078,,,,2013-05-06
NIFTY200 MOMENTUM 30,,,3699.5464,,,,2013-05-07
NIFTY200 MOMENTUM 30,,,3708.9439,,,,2013-05-08
NIFTY200 MOMENTUM 30,,,3685.5528,,,,2013-05-09
NIFTY200 MOMENTUM 30,,,3717.277,,,,2013-05-10
NIFTY200 MOMENTUM 30,,,3734.7204,,,,2013-05-11
NIFTY200 MOMENTUM 30,,,3670.383,,,,2013-05-13
NIFTY200 MOMENTUM 30,,,3681.2345,,,,2013-05-14
NIFTY200 MOMENTUM 30,,,3764.1757,,,,2013-05-15
NIFTY200 MOMENTUM 30,,,3773.6458,,,,2013-05-16
NIFTY200 MOMENTUM 30,,,3775.0527,,,,2013-05-17
NIFTY200 MOMENTUM 30,,,3752.9454,,,,2013-05-20
NIFTY200 MOMENTUM 30,,,3717.1609,,,,2013-05-21
NIFTY200 MOMENTUM 30,,,3727.7281,,,,2013-05-22
NIFTY200 MOMENTUM 30,,,3680.4484,,,,2013-05-23
NIFTY200 MOMENTUM 30,,,3694.591,,,,2013-05-24
NIFTY200 MOMENTUM 30,,,3748.9084,,,,2013-05-27
NIFTY200 MOMENTUM 30,,,3741.5816,,,,2013-05-28
NIFTY200 MOMENTUM 30,,,3748.2618,,,,2013-05-29
NIFTY200 MOMENTUM 30,,,3778.2364,,,,2013-05-30
NIFTY200 MOMENTUM 30,,,3700.2817,,,,2013-05-31
NIFTY200 MOMENTUM 30,,,3684.6242,,,,2013-06-03
NIFTY200 MOMENTUM 30,,,3686.5557,,,,2013-06-04
NIFTY200 MOMENTUM 30,,,3686.7006,,,,2013-06-05
NIFTY200 MOMENTUM 30,,,3691.109,,,,2013-06-06
NIFTY200 MOMENTUM 30,,,3659.3175,,,,2013-06-07
NIFTY200 MOMENTUM 30,,,3644.1712,,,,2013-06-10
NIFTY200 MOMENTUM 30,,,3592.1628,,,,2013-06-11
NIFTY200 MOMENTUM 30,,,3573.3793,,,,2013-06-12
NIFTY200 MOMENTUM 30,,,3517.3772,,,,2013-06-13
NIFTY200 MOMENTUM 30,,,3577.4908,,,,2013-06-14
NIFTY200 MOMENTUM 30,,,3627.0187,,,,2013-06-17
NIFTY200 MOMENTUM 30,,,3618.6234,,,,2013-06-18
NIFTY200 MOMENTUM 30,,,3629.8655,,,,2013-06-19
NIFTY200 MOMENTUM 30,,,3541.6393,,,,2013-06-20
NIFTY200 MOMENTUM 30,,,3538.324,,,,2013-06-21
NIFTY200 MOMENTUM 30,,,3467.7672,,,,2013-06-24
NIFTY200 MOMENTUM 30,,,3487.0181,,,,2013-06-25
NIFTY200 MOMENTUM 30,,,3466.2366,,,,2013-06-26
NIFTY200 MOMENTUM 30,,,3526.009,,,,2013-06-27
NIFTY200 MOMENTUM 30,,,3596.7469,,,,2013-06-28
NIFTY200 MOMENTUM 30,,,3655.2773,,,,2013-07-01
NIFTY200 MOMENTUM 30,,,3627.7469,,,,2013-07-02
NIFTY200 MOMENTUM 30,,,3607.0567,,,,2013-07-03
NIFTY200 MOMENTUM 30,,,3648.9023,,,,2013-07-04
NIFTY200 MOMENTUM 30,,,3655.4036,,,,2013-07-05
NIFTY200 MOMENTUM 30,,,3652.2569,,,,2013-07-08
NIFTY200 MOMENTUM 30,,,3705.145,,,,2013-07-09
NIFTY200 MOMENTUM 30,,,3693.29,,,,2013-07-10
NIFTY200 MOMENTUM 30,,,3743.4352,,,,2013-07-11
NIFTY200 MOMENTUM 30,,,3766.6776,,,,2013-07-12
NIFTY200 MOMENTUM 30,,,3800.0548,,,,2013-07-15
NIFTY200 MOMENTUM 30,,,3743.2677,,,,2013-07-16
NIFTY200 MOMENTUM 30,,,3720.5299,,,,2013-07-17
NIFTY200 MOMENTUM 30,,,3761.592,,,,2013-07-18
NIFTY200 MOMENTUM 30,,,3746.6106,,,,2013-07-19
NIFTY200 MOMENTUM 30,,,3769.4576,,,,2013-07-22
NIFTY200 MOMENTUM 30,,,3790.7135,,,,2013-07-23
NIFTY200 MOMENTUM 30,,,3731.421,,,,2013-07-24
NIFTY200 MOMENTUM 30,,,3716.0083,,,,2013-07-25
NIFTY200 MOMENTUM 30,,,3704.0171,,,,2013-07-26
NIFTY200 MOMENTUM 30,,,3680.0731,,,,2013-07-29
NIFTY200 MOMENTUM 30,,,3625.8988,,,,2013-07-30
NIFTY200 MOMENTUM 30,,,3615.4323,,,,2013-07-31
NIFTY200 MOMENTUM 30,,,3602.1449,,,,2013-08-01
NIFTY200 MOMENTUM 30,,,3564.6772,,,,2013-08-02
NIFTY200 MOMENTUM 30,,,3570.0514,,,,2013-08-05
NIFTY200 MOMENTUM 30,,,3463.9922,,,,2013-08-06
NIFTY200 MOMENTUM 30,,,3420.1013,,,,2013-08-07
NIFTY200 MOMENTUM 30,,,3441.3444,,,,2013-08-08
NIFTY200 MOMENTUM 30,,,3495.4108,,,,2013-08-12
NIFTY200 MOMENTUM 30,,,3578.6128,,,,2013-08-13
NIFTY200 MOMENTUM 30,,,3614.0594,,,,2013-08-14
NIFTY200 MOMENTUM 30,,,3476.3588,,,,2013-08-16
NIFTY200 MOMENTUM 30,,,3391.6539,,,,2013-08-19
NIFTY200 MOMENTUM 30,,,3355.0004,,,,2013-08-20
NIFTY200 MOMENTUM 30,,,3304.915,,,,2013-08-21
NIFTY200 MOMENTUM 30,,,3341.967,,,,2013-08-22
NIFTY200 MOMENTUM 30,,,3391.9278,,,,2013-08-23
NIFTY200 MOMENTUM 30,,,3406.0129,,,,2013-08-26
NIFTY200 MOMENTUM 30,,,3283.6803,,,,2013-08-27
NIFTY200 MOMENTUM 30,,,3266.2285,,,,2013-08-28
NIFTY200 MOMENTUM 30,,,3347.0725,,,,2013-08-29
NIFTY200 MOMENTUM 30,,,3400.1766,,,,2013-08-30
NIFTY200 MOMENTUM 30,,,3436.7162,,,,2013-09-02
NIFTY200 MOMENTUM 30,,,3322.9992,,,,2013-09-03
NIFTY200 MOMENTUM 30,,,3395.015,,,,2013-09-04
NIFTY200 MOMENTUM 30,,,3487.1974,,,,2013-09-05
NIFTY200 MOMENTUM 30,,,3516.5853,,,,2013-09-06
NIFTY200 MOMENTUM 30,,,3648.7706,,,,2013-09-10
NIFTY200 MOMENTUM 30,,,3678.3846,,,,2013-09-11
NIFTY200 MOMENTUM 30,,,3632.7684,,,,2013-09-12
NIFTY200 MOMENTUM 30,,,3637.1712,,,,2013-09-13
NIFTY200 MOMENTUM 30,,,3629.2435,,,,2013-09-16
NIFTY200 MOMENTUM 30,,,3635.1802,,,,2013-09-17
NIFTY200 MOMENTUM 30,,,3667.0125,,,,2013-09-18
NIFTY200 MOMENTUM 30,,,3794.9613,,,,2013-09-19
NIFTY200 MOMENTUM 30,,,3750.2451,,,,2013-09-20
NIFTY200 MOMENTUM 30,,,3686.7517,,,,2013-09-23
NIFTY200 MOMENTUM 30,,,3695.0197,,,,2013-09-24
NIFTY200 MOMENTUM 30,,,3691.6461,,,,2013-09-25
NIFTY200 MOMENTUM 30,,,3694.0467,,,,2013-09-26
NIFTY200 MOMENTUM 30,,,3692.7967,,,,2013-09-27
NIFTY200 MOMENTUM 30,,,3662.9891,,,,2013-09-30
NIFTY200 MOMENTUM 30,,,3668.9654,,,,2013-10-01
NIFTY200 MOMENTUM 30,,,3742.8372,,,,2013-10-03
NIFTY200 MOMENTUM 30,,,3735.1258,,,,2013-10-04
NIFTY200 MOMENTUM 30,,,3759.2862,,,,2013-10-07
NIFTY200 MOMENTUM 30,,,3766.8703,,,,2013-10-08
NIFTY200 MOMENTUM 30,,,3812.9341,,,,2013-10-09
NIFTY200 MOMENTUM 30,,,3836.0519,,,,2013-10-10
NIFTY200 MOMENTUM 30,,,3864.3844,,,,2013-10-11
NIFTY200 MOMENTUM 30,,,3878.3339,,,,2013-10-14
NIFTY200 MOMENTUM 30,,,3869.8767,,,,2013-10-15
NIFTY200 MOMENTUM 30,,,3812.3902,,,,2013-10-17
NIFTY200 MOMENTUM 30,,,3873.1447,,,,2013-10-18
NIFTY200 MOMENTUM 30,,,3891.3798,,,,2013-10-21
NIFTY200 MOMENTUM 30,,,3903.0702,,,,2013-10-22
NIFTY200 MOMENTUM 30,,,3880.0372,,,,2013-10-23
NIFTY200 MOMENTUM 30,,,3845.6978,,,,2013-10-24
NIFTY200 MOMENTUM 30,,,3835.4127,,,,2013-10-25
NIFTY200 MOMENTUM 30,,,3784.3682,,,,2013-10-28
NIFTY200 MOMENTUM 30,,,3839.3311,,,,2013-10-29
NIFTY200 MOMENTUM 30,,,3869.0322,,,,2013-10-30
NIFTY200 MOMENTUM 30,,,3870.8835,,,,2013-10-31
NIFTY200 MOMENTUM 30,,,3875.3769,,,,2013-11-01
NIFTY200 MOMENTUM 30,,,3892.4577,,,,2013-11-03
NIFTY200 MOMENTUM 30,,,3842.9476,,,,2013-11-05
NIFTY200 MOMENTUM 30,,,3841.047,,,,2013-11-06
NIFTY200 MOMENTUM 30,,,3831.4943,,,,2013-11-07
NIFTY200 MOMENTUM 30,,,3839.8116,,,,2013-11-08
NIFTY200 MOMENTUM 30,,,3814.1258,,,,2013-11-11
NIFTY200 MOMENTUM 30,,,3784.6269,,,,2013-11-12
NIFTY200 MOMENTUM 30,,,3777.5637,,,,2013-11-13
NIFTY200 MOMENTUM 30,,,3803.9515,,,,2013-11-14
NIFTY200 MOMENTUM 30,,,3849.1264,,,,2013-11-18
NIFTY200 MOMENTUM 30,,,3851.4036,,,,2013-11-19
NIFTY200 MOMENTUM 30,,,3799.5069,,,,2013-11-20
NIFTY200 MOMENTUM 30,,,3732.807,,,,2013-11-21
NIFTY200 MOMENTUM 30,,,3727.3703,,,,2013-11-22
NIFTY200 MOMENTUM 30,,,3776.0225,,,,2013-11-25
NIFTY200 MOMENTUM 30,,,3774.6934,,,,2013-11-26
NIFTY200 MOMENTUM 30,,,3774.9506,,,,2013-11-27
NIFTY200 MOMENTUM 30,,,3783.7306,,,,2013-11-28
NIFTY200 MOMENTUM 30,,,3817.2345,,,,2013-11-29
NIFTY200 MOMENTUM 30,,,3852.5487,,,,2013-12-02
NIFTY200 MOMENTUM 30,,,3829.5752,,,,2013-12-03
NIFTY200 MOMENTUM 30,,,3812.196,,,,2013-12-04
NIFTY200 MOMENTUM 30,,,3796.9716,,,,2013-12-05
NIFTY200 MOMENTUM 30,,,3814.0442,,,,2013-12-06
NIFTY200 MOMENTUM 30,,,3848.5761,,,,2013-12-09
NIFTY200 MOMENTUM 30,,,3879.5533,,,,2013-12-10
NIFTY200 MOMENTUM 30,,,3861.8691,,,,2013-12-11
NIFTY200 MOMENTUM 30,,,3820.9803,,,,2013-12-12
NIFTY200 MOMENTUM 30,,,3805.777,,,,2013-12-13
NIFTY200 MOMENTUM 30,,,3818.6236,,,,2013-12-16
NIFTY200 MOMENTUM 30,,,3828.8253,,,,2013-12-17
NIFTY200 MOMENTUM 30,,,3869.7836,,,,2013-12-18
NIFTY200 MOMENTUM 30,,,3895.1848,,,,2013-12-19
NIFTY200 MOMENTUM 30,,,3940.8955,,,,2013-12-20
NIFTY200 MOMENTUM 30,,,3933.31,,,,2013-12-23
NIFTY200 MOMENTUM 30,,,3920.818,,,,2013-12-24
NIFTY200 MOMENTUM 30,,,3913.3047,,,,2013-12-26
NIFTY200 MOMENTUM 30,,,3942.5893,,,,2013-12-27
NIFTY200 MOMENTUM 30,,,3930.8074,,,,2013-12-30
NIFTY200 MOMENTUM 30,,,3939.0795,,,,2013-12-31
NIFTY200 MOMENTUM 30,,,3947.4387,,,,2014-01-01
NIFTY200 MOMENTUM 30,,,3901.7842,,,,2014-01-02
NIFTY200 MOMENTUM 30,,,3935.9007,,,,2014-01-03
NIFTY200 MOMENTUM 30,,,3937.2466,,,,2014-01-06
NIFTY200 MOMENTUM 30,,,3923.6968,,,,2014-01-07
NIFTY200 MOMENTUM 30,,,3937.8765,,,,2014-01-08
NIFTY200 MOMENTUM 30,,,3942.697,,,,2014-01-09
NIFTY200 MOMENTUM 30,,,3968.9766,,,,2014-01-10
NIFTY200 MOMENTUM 30,,,3998.2174,,,,2014-01-13
NIFTY200 MOMENTUM 30,,,3991.762,,,,2014-01-14
NIFTY200 MOMENTUM 30,,,4018.2127,,,,2014-01-15
NIFTY200 MOMENTUM 30,,,4003.7988,,,,2014-01-16
NIFTY200 MOMENTUM 30,,,3960.1206,,,,2014-01-17
NIFTY200 MOMENTUM 30,,,4028.3679,,,,2014-01-20
NIFTY200 MOMENTUM 30,,,4023.6234,,,,2014-01-21
NIFTY200 MOMENTUM 30,,,4045.3436,,,,2014-01-22
NIFTY200 MOMENTUM 30,,,4032.0384,,,,2014-01-23
NIFTY200 MOMENTUM 30,,,3980.4466,,,,2014-01-24
NIFTY200 MOMENTUM 30,,,3912.4011,,,,2014-01-27
NIFTY200 MOMENTUM 30,,,3894.9377,,,,2014-01-28
NIFTY200 MOMENTUM 30,,,3905.019,,,,2014-01-29
NIFTY200 MOMENTUM 30,,,3873.9315,,,,2014-01-30
NIFTY200 MOMENTUM 30,,,3905.9825,,,,2014-01-31
NIFTY200 MOMENTUM 30,,,3884.3164,,,,2014-02-03
NIFTY200 MOMENTUM 30,,,3882.5967,,,,2014-02-04
NIFTY200 MOMENTUM 30,,,3901.2947,,,,2014-02-05
NIFTY200 MOMENTUM 30,,,3911.2247,,,,2014-02-06
NIFTY200 MOMENTUM 30,,,3915.4954,,,,2014-02-07
NIFTY200 MOMENTUM 30,,,3895.7465,,,,2014-02-10
NIFTY200 MOMENTUM 30,,,3909.0007,,,,2014-02-11
NIFTY200 MOMENTUM 30,,,3910.4408,,,,2014-02-12
NIFTY200 MOMENTUM 30,,,3861.461,,,,2014-02-13
NIFTY200 MOMENTUM 30,,,3882.3083,,,,2014-02-14
NIFTY200 MOMENTUM 30,,,3886.6978,,,,2014-02-17
NIFTY200 MOMENTUM 30,,,3903.515,,,,2014-02-18
NIFTY200 MOMENTUM 30,,,3923.5306,,,,2014-02-19
NIFTY200 MOMENTUM 30,,,3899.5493,,,,2014-02-20
NIFTY200 MOMENTUM 30,,,3927.1243,,,,2014-02-21
NIFTY200 MOMENTUM 30,,,3938.9204,,,,2014-02-24
NIFTY200 MOMENTUM 30,,,3958.0159,,,,2014-02-25
NIFTY200 MOMENTUM 30,,,3973.8826,,,,2014-02-26
NIFTY200 MOMENTUM 30,,,4026.9475,,,,2014-02-28
NIFTY200 MOMENTUM 30,,,3976.2871,,,,2014-03-03
NIFTY200 MOMENTUM 30,,,3997.1896,,,,2014-03-04
NIFTY200 MOMENTUM 30,,,4004.0744,,,,2014-03-05
NIFTY200 MOMENTUM 30,,,4023.6031,,,,2014-03-06
NIFTY200 MOMENTUM 30,,,4001.9649,,,,2014-03-07
NIFTY200 MOMENTUM 30,,,3979.4825,,,,2014-03-10
NIFTY200 MOMENTUM 30,,,3968.1053,,,,2014-03-11
NIFTY200 MOMENTUM 30,,,3991.4139,,,,2014-03-12
NIFTY200 MOMENTUM 30,,,3951.9544,,,,2014-03-13
NIFTY200 MOMENTUM 30,,,3948.1644,,,,2014-03-14
NIFTY200 MOMENTUM 30,,,3954.3169,,,,2014-03-18
NIFTY200 MOMENTUM 30,,,3961.7147,,,,2014-03-19
NIFTY200 MOMENTUM 30,,,3975.1681,,,,2014-03-20
NIFTY200 MOMENTUM 30,,,3990.6058,,,,2014-03-21
NIFTY200 MOMENTUM 30,,,4002.5331,,,,2014-03-22
NIFTY200 MOMENTUM 30,,,4015.368,,,,2014-03-24
NIFTY200 MOMENTUM 30,,,4012.4495,,,,2014-03-25
NIFTY200 MOMENTUM 30,,,3989.3182,,,,2014-03-26
NIFTY200 MOMENTUM 30,,,3999.1633,,,,2014-03-27
NIFTY200 MOMENTUM 30,,,4042.0966,,,,2014-03-28
NIFTY200 MOMENTUM 30,,,4056.3871,,,,2014-03-31
NIFTY200 MOMENTUM 30,,,4088.673,,,,2014-04-01
NIFTY200 MOMENTUM 30,,,4139.0194,,,,2014-04-02
NIFTY200 MOMENTUM 30,,,4146.585,,,,2014-04-03
NIFTY200 MOMENTUM 30,,,4129.7158,,,,2014-04-04
NIFTY200 MOMENTUM 30,,,4125.5088,,,,2014-04-07
NIFTY200 MOMENTUM 30,,,4167.2892,,,,2014-04-09
NIFTY200 MOMENTUM 30,,,4193.0402,,,,2014-04-10
NIFTY200 MOMENTUM 30,,,4201.2578,,,,2014-04-11
NIFTY200 MOMENTUM 30,,,4196.8107,,,,2014-04-15
NIFTY200 MOMENTUM 30,,,4152.5979,,,,2014-04-16
NIFTY200 MOMENTUM 30,,,4221.0467,,,,2014-04-17
NIFTY200 MOMENTUM 30,,,4248.2042,,,,2014-04-21
NIFTY200 MOMENTUM 30,,,4230.6699,,,,2014-04-22
NIFTY200 MOMENTUM 30,,,4228.2521,,,,2014-04-23
NIFTY200 MOMENTUM 30,,,4227.1873,,,,2014-04-25
NIFTY200 MOMENTUM 30,,,4258.0476,,,,2014-04-28
NIFTY200 MOMENTUM 30,,,4216.3963,,,,2014-04-29
NIFTY200 MOMENTUM 30,,,4182.0255,,,,2014-04-30
NIFTY200 MOMENTUM 30,,,4216.6243,,,,2014-05-02
NIFTY200 MOMENTUM 30,,,4193.1652,,,,2014-05-05
NIFTY200 MOMENTUM 30,,,4201.7553,,,,2014-05-06
NIFTY200 MOMENTUM 30,,,4174.8854,,,,2014-05-07
NIFTY200 MOMENTUM 30,,,4179.3096,,,,2014-05-08
NIFTY200 MOMENTUM 30,,,4218.8555,,,,2014-05-09
NIFTY200 MOMENTUM 30,,,4264.6313,,,,2014-05-12
NIFTY200 MOMENTUM 30,,,4324.4203,,,,2014-05-13
NIFTY200 MOMENTUM 30,,,4338.4605,,,,2014-05-14
NIFTY200 MOMENTUM 30,,,4299.6039,,,,2014-05-15
NIFTY200 MOMENTUM 30,,,4313.5787,,,,2014-05-16
NIFTY200 MOMENTUM 30,,,4315.9573,,,,2014-05-19
NIFTY200 MOMENTUM 30,,,4344.153,,,,2014-05-20
NIFTY200 MOMENTUM 30,,,4344.204,,,,2014-05-21
NIFTY200 MOMENTUM 30,,,4338.0278,,,,2014-05-22
NIFTY200 MOMENTUM 30,,,4377.2557,,,,2014-05-23
NIFTY200 MOMENTUM 30,,,4356.1517,,,,2014-05-26
NIFTY200 MOMENTUM 30,,,4362.3749,,,,2014-05-27
NIFTY200 MOMENTUM 30,,,4378.37,,,,2014-05-28
NIFTY200 MOMENTUM 30,,,4326.0911,,,,2014-05-29
NIFTY200 MOMENTUM 30,,,4379.649,,,,2014-05-30
NIFTY200 MOMENTUM 30,,,4397.8757,,,,2014-06-02
NIFTY200 MOMENTUM 30,,,4412.7158,,,,2014-06-03
NIFTY200 MOMENTUM 30,,,4432.0548,,,,2014-06-04
NIFTY200 MOMENTUM 30,,,4503.6376,,,,2014-06-05
NIFTY200 MOMENTUM 30,,,4545.2989,,,,2014-06-06
NIFTY200 MOMENTUM 30,,,4600.2403,,,,2014-06-09
NIFTY200 MOMENTUM 30,,,4647.0472,,,,2014-06-10
NIFTY200 MOMENTUM 30,,,4635.2333,,,,2014-06-11
NIFTY200 MOMENTUM 30,,,4664.0874,,,,2014-06-12
NIFTY200 MOMENTUM 30,,,4596.4799,,,,2014-06-13
NIFTY200 MOMENTUM 30,,,4616.9907,,,,2014-06-16
NIFTY200 MOMENTUM 30,,,4670.1804,,,,2014-06-17
NIFTY200 MOMENTUM 30,,,4643.36,,,,2014-06-18
NIFTY200 MOMENTUM 30,,,4642.0139,,,,2014-06-19
NIFTY200 MOMENTUM 30,,,4606.2987,,,,2014-06-20
NIFTY200 MOMENTUM 30,,,4630.0779,,,,2014-06-23
NIFTY200 MOMENTUM 30,,,4661.8227,,,,2014-06-24
NIFTY200 MOMENTUM 30,,,4672.5484,,,,2014-06-25
NIFTY200 MOMENTUM 30,,,4672.7871,,,,2014-06-26
NIFTY200 MOMENTUM 30,,,4744.3314,,,,2014-06-27
NIFTY200 MOMENTUM 30,,,4821.3295,,,,2014-06-30
NIFTY200 MOMENTUM 30,,,4833.0929,,,,2014-07-01
NIFTY200 MOMENTUM 30,,,4897.5137,,,,2014-07-02
NIFTY200 MOMENTUM 30,,,4935.0784,,,,2014-07-03
NIFTY200 MOMENTUM 30,,,4954.2579,,,,2014-07-04
NIFTY200 MOMENTUM 30,,,4987.4293,,,,2014-07-07
NIFTY200 MOMENTUM 30,,,4816.2639,,,,2014-07-08
NIFTY200 MOMENTUM 30,,,4721.2035,,,,2014-07-09
NIFTY200 MOMENTUM 30,,,4702.4402,,,,2014-07-10
NIFTY200 MOMENTUM 30,,,4660.9477,,,,2014-07-11
NIFTY200 MOMENTUM 30,,,4654.0316,,,,2014-07-14
NIFTY200 MOMENTUM 30,,,4733.08,,,,2014-07-15
NIFTY200 MOMENTUM 30,,,4792.8258,,,,2014-07-16
NIFTY200 MOMENTUM 30,,,4856.3856,,,,2014-07-17
NIFTY200 MOMENTUM 30,,,4858.3473,,,,2014-07-18
NIFTY200 MOMENTUM 30,,,4851.2683,,,,2014-07-21
NIFTY200 MOMENTUM 30,,,4880.6087,,,,2014-07-22
NIFTY200 MOMENTUM 30,,,4891.8091,,,,2014-07-23
NIFTY200 MOMENTUM 30,,,4898.5555,,,,2014-07-24
NIFTY200 MOMENTUM 30,,,4836.2264,,,,2014-07-25
NIFTY200 MOMENTUM 30,,,4824.1239,,,,2014-07-28
NIFTY200 MOMENTUM 30,,,4854.338,,,,2014-07-30
NIFTY200 MOMENTUM 30,,,4843.7867,,,,2014-07-31
NIFTY200 MOMENTUM 30,,,4777.2739,,,,2014-08-01
NIFTY200 MOMENTUM 30,,,4858.8531,,,,2014-08-04
NIFTY200 MOMENTUM 30,,,4884.4706,,,,2014-08-05
NIFTY200 MOMENTUM 30,,,4860.5859,,,,2014-08-06
NIFTY200 MOMENTUM 30,,,4839.9151,,,,2014-08-07
NIFTY200 MOMENTUM 30,,,4785.8421,,,,2014-08-08
NIFTY200 MOMENTUM 30,,,4834.1263,,,,2014-08-11
NIFTY200 MOMENTUM 30,,,4872.0025,,,,2014-08-12
NIFTY200 MOMENTUM 30,,,4867.8945,,,,2014-08-13
NIFTY200 MOMENTUM 30,,,4934.0772,,,,2014-08-14
NIFTY200 MOMENTUM 30,,,5007.4296,,,,2014-08-18
NIFTY200 MOMENTUM 30,,,5034.7257,,,,2014-08-19
NIFTY200 MOMENTUM 30,,,5070.7461,,,,2014-08-20
NIFTY200 MOMENTUM 30,,,5087.6812,,,,2014-08-21
NIFTY200 MOMENTUM 30,,,5128.2182,,,,2014-08-22
NIFTY200 MOMENTUM 30,,,5122.8584,,,,2014-08-25
NIFTY200 MOMENTUM 30,,,5146.2305,,,,2014-08-26
NIFTY200 MOMENTUM 30,,,5164.9781,,,,2014-08-27
NIFTY200 MOMENTUM 30,,,5155.6888,,,,2014-08-28
NIFTY200 MOMENTUM 30,,,5220.4608,,,,2014-09-01
NIFTY200 MOMENTUM 30,,,5250.9352,,,,2014-09-02
NIFTY200 MOMENTUM 30,,,5320.2048,,,,2014-09-03
NIFTY200 MOMENTUM 30,,,5359.9358,,,,2014-09-04
NIFTY200 MOMENTUM 30,,,5390.6262,,,,2014-09-05
NIFTY200 MOMENTUM 30,,,5473.7722,,,,2014-09-08
NIFTY200 MOMENTUM 30,,,5473.7524,,,,2014-09-09
NIFTY200 MOMENTUM 30,,,5469.2667,,,,2014-09-10
NIFTY200 MOMENTUM 30,,,5455.8325,,,,2014-09-11
NIFTY200 MOMENTUM 30,,,5449.179,,,,2014-09-12
NIFTY200 MOMENTUM 30,,,5436.9691,,,,2014-09-15
NIFTY200 MOMENTUM 30,,,5280.9549,,,,2014-09-16
NIFTY200 MOMENTUM 30,,,5352.6639,,,,2014-09-17
NIFTY200 MOMENTUM 30,,,5460.4697,,,,2014-09-18
NIFTY200 MOMENTUM 30,,,5385.2838,,,,2014-09-19
NIFTY200 MOMENTUM 30,,,5385.4497,,,,2014-09-22
NIFTY200 MOMENTUM 30,,,5263.4222,,,,2014-09-23
NIFTY200 MOMENTUM 30,,,5212.7064,,,,2014-09-24
NIFTY200 MOMENTUM 30,,,5132.3449,,,,2014-09-25
NIFTY200 MOMENTUM 30,,,5246.9223,,,,2014-09-26
NIFTY200 MOMENTUM 30,,,5291.4322,,,,2014-09-29
NIFTY200 MOMENTUM 30,,,5300.3997,,,,2014-09-30
NIFTY200 MOMENTUM 30,,,5281.1914,,,,2014-10-01
NIFTY200 MOMENTUM 30,,,5216.1804,,,,2014-10-07
NIFTY200 MOMENTUM 30,,,5233.7424,,,,2014-10-08
NIFTY200 MOMENTUM 30,,,5307.2725,,,,2014-10-09
NIFTY200 MOMENTUM 30,,,5198.9878,,,,2014-10-10
NIFTY200 MOMENTUM 30,,,5220.132,,,,2014-10-13
NIFTY200 MOMENTUM 30,,,5207.1109,,,,2014-10-14
NIFTY200 MOMENTUM 30,,,5085.2055,,,,2014-10-16
NIFTY200 MOMENTUM 30,,,5155.2981,,,,2014-10-17
NIFTY200 MOMENTUM 30,,,5286.6832,,,,2014-10-20
NIFTY200 MOMENTUM 30,,,5320.8765,,,,2014-10-21
NIFTY200 MOMENTUM 30,,,5386.5734,,,,2014-10-22
NIFTY200 MOMENTUM 30,,,5402.4172,,,,2014-10-23
NIFTY200 MOMENTUM 30,,,5397.3891,,,,2014-10-27
NIFTY200 MOMENTUM 30,,,5419.992,,,,2014-10-28
NIFTY200 MOMENTUM 30,,,5453.1252,,,,2014-10-29
NIFTY200 MOMENTUM 30,,,5496.5358,,,,2014-10-30
NIFTY200 MOMENTUM 30,,,5611.1398,,,,2014-10-31
NIFTY200 MOMENTUM 30,,,5639.9891,,,,2014-11-03
NIFTY200 MOMENTUM 30,,,5663.615,,,,2014-11-05
NIFTY200 MOMENTUM 30,,,5691.2169,,,,2014-11-07
NIFTY200 MOMENTUM 30,,,5718.221,,,,2014-11-10
NIFTY200 MOMENTUM 30,,,5772.4867,,,,2014-11-11
NIFTY200 MOMENTUM 30,,,5822.6967,,,,2014-11-12
NIFTY200 MOMENTUM 30,,,5791.3077,,,,2014-11-13
NIFTY200 MOMENTUM 30,,,5841.8668,,,,2014-11-14
NIFTY200 MOMENTUM 30,,,5842.1722,,,,2014-11-17
NIFTY200 MOMENTUM 30,,,5892.3116,,,,2014-11-18
NIFTY200 MOMENTUM 30,,,5829.9849,,,,2014-11-19
NIFTY200 MOMENTUM 30,,,5811.0162,,,,2014-11-20
NIFTY200 MOMENTUM 30,,,5830.5633,,,,2014-11-21
NIFTY200 MOMENTUM 30,,,5847.4704,,,,2014-11-24
NIFTY200 MOMENTUM 30,,,5744.5048,,,,2014-11-25
NIFTY200 MOMENTUM 30,,,5743.9141,,,,2014-11-26
NIFTY200 MOMENTUM 30,,,5775.6405,,,,2014-11-27
NIFTY200 MOMENTUM 30,,,5881.9643,,,,2014-11-28
NIFTY200 MOMENTUM 30,,,5879.494,,,,2014-12-01
NIFTY200 MOMENTUM 30,,,5893.7005,,,,2014-12-02
NIFTY200 MOMENTUM 30,,,5979.5799,,,,2014-12-03
NIFTY200 MOMENTUM 30,,,5970.8845,,,,2014-12-04
NIFTY200 MOMENTUM 30,,,5931.5352,,,,2014-12-05
NIFTY200 MOMENTUM 30,,,5857.0974,,,,2014-12-08
NIFTY200 MOMENTUM 30,,,5749.909,,,,2014-12-09
NIFTY200 MOMENTUM 30,,,5769.6527,,,,2014-12-10
NIFTY200 MOMENTUM 30,,,5712.8315,,,,2014-12-11
NIFTY200 MOMENTUM 30,,,5682.6552,,,,2014-12-12
NIFTY200 MOMENTUM 30,,,5650.6497,,,,2014-12-15
NIFTY200 MOMENTUM 30,,,5544.111,,,,2014-12-16
NIFTY200 MOMENTUM 30,,,5484.2175,,,,2014-12-17
NIFTY200 MOMENTUM 30,,,5666.7615,,,,2014-12-18
NIFTY200 MOMENTUM 30,,,5691.8752,,,,2014-12-19
NIFTY200 MOMENTUM 30,,,5740.4896,,,,2014-12-22
NIFTY200 MOMENTUM 30,,,5684.8853,,,,2014-12-23
NIFTY200 MOMENTUM 30,,,5654.8126,,,,2014-12-24
NIFTY200 MOMENTUM 30,,,5687.9891,,,,2014-12-26
NIFTY200 MOMENTUM 30,,,5759.8923,,,,2014-12-29
NIFTY200 MOMENTUM 30,,,5805.8854,,,,2014-12-30
NIFTY200 MOMENTUM 30,,,5826.1009,,,,2014-12-31
NIFTY200 MOMENTUM 30,,,5841.2761,,,,2015-01-01
NIFTY200 MOMENTUM 30,,,5868.9282,,,,2015-01-02
NIFTY200 MOMENTUM 30,,,5898.2469,,,,2015-01-05
NIFTY200 MOMENTUM 30,,,5732.0094,,,,2015-01-06
NIFTY200 MOMENTUM 30,,,5746.8961,,,,2015-01-07
NIFTY200 MOMENTUM 30,,,5878.8978,,,,2015-01-08
NIFTY200 MOMENTUM 30,,,5866.0235,,,,2015-01-09
NIFTY200 MOMENTUM 30,,,5924.7516,,,,2015-01-12
NIFTY200 MOMENTUM 30,,,5904.9698,,,,2015-01-13
NIFTY200 MOMENTUM 30,,,5876.2655,,,,2015-01-14
NIFTY200 MOMENTUM 30,,,5979.159,,,,2015-01-15
NIFTY200 MOMENTUM 30,,,6026.0713,,,,2015-01-16
NIFTY200 MOMENTUM 30,,,6062.5694,,,,2015-01-19
NIFTY200 MOMENTUM 30,,,6110.436,,,,2015-01-20
NIFTY200 MOMENTUM 30,,,6130.9437,,,,2015-01-21
NIFTY200 MOMENTUM 30,,,6165.0249,,,,2015-01-22
NIFTY200 MOMENTUM 30,,,6226.9052,,,,2015-01-23
NIFTY200 MOMENTUM 30,,,6292.5446,,,,2015-01-27
NIFTY200 MOMENTUM 30,,,6302.6313,,,,2015-01-28
NIFTY200 MOMENTUM 30,,,6362.1621,,,,2015-01-29
NIFTY200 MOMENTUM 30,,,6361.3202,,,,2015-01-30
NIFTY200 MOMENTUM 30,,,6388.7736,,,,2015-02-02
NIFTY200 MOMENTUM 30,,,6288.7313,,,,2015-02-03
NIFTY200 MOMENTUM 30,,,6246.3285,,,,2015-02-04
NIFTY200 MOMENTUM 30,,,6177.235,,,,2015-02-05
NIFTY200 MOMENTUM 30,,,6089.7139,,,,2015-02-06
NIFTY200 MOMENTUM 30,,,5952.7173,,,,2015-02-09
NIFTY200 MOMENTUM 30,,,6013.5888,,,,2015-02-10
NIFTY200 MOMENTUM 30,,,6188.0769,,,,2015-02-11
NIFTY200 MOMENTUM 30,,,6282.2536,,,,2015-02-12
NIFTY200 MOMENTUM 30,,,6331.369,,,,2015-02-13
NIFTY200 MOMENTUM 30,,,6251.5107,,,,2015-02-16
NIFTY200 MOMENTUM 30,,,6302.6532,,,,2015-02-18
NIFTY200 MOMENTUM 30,,,6346.4469,,,,2015-02-19
NIFTY200 MOMENTUM 30,,,6332.004,,,,2015-02-20
NIFTY200 MOMENTUM 30,,,6248.5682,,,,2015-02-23
NIFTY200 MOMENTUM 30,,,6267.2996,,,,2015-02-24
NIFTY200 MOMENTUM 30,,,6234.4628,,,,2015-02-25
NIFTY200 MOMENTUM 30,,,6163.6873,,,,2015-02-26
NIFTY200 MOMENTUM 30,,,6325.2552,,,,2015-02-27
NIFTY200 MOMENTUM 30,,,6405.1334,,,,2015-02-28
NIFTY200 MOMENTUM 30,,,6557.1263,,,,2015-03-02
NIFTY200 MOMENTUM 30,,,6571.1287,,,,2015-03-03
NIFTY200 MOMENTUM 30,,,6487.8065,,,,2015-03-04
NIFTY200 MOMENTUM 30,,,6557.0521,,,,2015-03-05
NIFTY200 MOMENTUM 30,,,6449.1969,,,,2015-03-09
NIFTY200 MOMENTUM 30,,,6468.3064,,,,2015-03-10
NIFTY200 MOMENTUM 30,,,6444.972,,,,2015-03-11
NIFTY200 MOMENTUM 30,,,6530.2116,,,,2015-03-12
NIFTY200 MOMENTUM 30,,,6400.5066,,,,2015-03-13
NIFTY200 MOMENTUM 30,,,6413.1806,,,,2015-03-16
NIFTY200 MOMENTUM 30,,,6491.8501,,,,2015-03-17
NIFTY200 MOMENTUM 30,,,6507.9309,,,,2015-03-18
NIFTY200 MOMENTUM 30,,,6461.0303,,,,2015-03-19
NIFTY200 MOMENTUM 30,,,6350.5057,,,,2015-03-20
NIFTY200 MOMENTUM 30,,,6335.2248,,,,2015-03-23
NIFTY200 MOMENTUM 30,,,6343.681,,,,2015-03-24
NIFTY200 MOMENTUM 30,,,6349.5931,,,,2015-03-25
NIFTY200 MOMENTUM 30,,,6266.7774,,,,2015-03-26
NIFTY200 MOMENTUM 30,,,6295.9937,,,,2015-03-27
NIFTY200 MOMENTUM 30,,,6427.6344,,,,2015-03-30
NIFTY200 MOMENTUM 30,,,6441.1167,,,,2015-03-31
NIFTY200 MOMENTUM 30,,,6536.9119,,,,2015-04-01
NIFTY200 MOMENTUM 30,,,6595.1217,,,,2015-04-06
NIFTY200 MOMENTUM 30,,,6595.0103,,,,2015-04-07
NIFTY200 MOMENTUM 30,,,6618.0433,,,,2015-04-08
NIFTY200 MOMENTUM 30,,,6667.9602,,,,2015-04-09
NIFTY200 MOMENTUM 30,,,6662.0333,,,,2015-04-10
NIFTY200 MOMENTUM 30,,,6678.6925,,,,2015-04-13
NIFTY200 MOMENTUM 30,,,6607.7616,,,,2015-04-15
NIFTY200 MOMENTUM 30,,,6549.9411,,,,2015-04-16
NIFTY200 MOMENTUM 30,,,6359.5182,,,,2015-04-17
NIFTY200 MOMENTUM 30,,,6235.7192,,,,2015-04-20
NIFTY200 MOMENTUM 30,,,6177.4707,,,,2015-04-21
NIFTY200 MOMENTUM 30,,,6208.5358,,,,2015-04-22
NIFTY200 MOMENTUM 30,,,6243.6921,,,,2015-04-23
NIFTY200 MOMENTUM 30,,,6128.2282,,,,2015-04-24
NIFTY200 MOMENTUM 30,,,6007.9823,,,,2015-04-27
NIFTY200 MOMENTUM 30,,,6133.4178,,,,2015-04-28
NIFTY200 MOMENTUM 30,,,6159.2235,,,,2015-04-29
NIFTY200 MOMENTUM 30,,,6207.5931,,,,2015-04-30
NIFTY200 MOMENTUM 30,,,6311.403,,,,2015-05-04
NIFTY200 MOMENTUM 30,,,6346.8518,,,,2015-05-05
NIFTY200 MOMENTUM 30,,,6083.9716,,,,2015-05-06
NIFTY200 MOMENTUM 30,,,5953.5079,,,,2015-05-07
NIFTY200 MOMENTUM 30,,,6128.9779,,,,2015-05-08
NIFTY200 MOMENTUM 30,,,6245.7209,,,,2015-05-11
NIFTY200 MOMENTUM 30,,,6110.6892,,,,2015-05-12
NIFTY200 MOMENTUM 30,,,6214.6361,,,,2015-05-13
NIFTY200 MOMENTUM 30,,,6266.9129,,,,2015-05-14
NIFTY200 MOMENTUM 30,,,6303.7848,,,,2015-05-15
NIFTY200 MOMENTUM 30,,,6368.9442,,,,2015-05-18
NIFTY200 MOMENTUM 30,,,6350.11,,,,2015-05-19
NIFTY200 MOMENTUM 30,,,6366.7459,,,,2015-05-20
NIFTY200 MOMENTUM 30,,,6374.7459,,,,2015-05-21
NIFTY200 MOMENTUM 30,,,6379.4595,,,,2015-05-22
NIFTY200 MOMENTUM 30,,,6371.1294,,,,2015-05-25
NIFTY200 MOMENTUM 30,,,6386.5279,,,,2015-05-26
NIFTY200 MOMENTUM 30,,,6399.2462,,,,2015-05-27
NIFTY200 MOMENTUM 30,,,6342.1523,,,,2015-05-28
NIFTY200 MOMENTUM 30,,,6493.3479,,,,2015-05-29
NIFTY200 MOMENTUM 30,,,6494.3311,,,,2015-06-01
NIFTY200 MOMENTUM 30,,,6313.2882,,,,2015-06-02
NIFTY200 MOMENTUM 30,,,6253.6908,,,,2015-06-03
NIFTY200 MOMENTUM 30,,,6246.8257,,,,2015-06-04
NIFTY200 MOMENTUM 30,,,6225.537,,,,2015-06-05
NIFTY200 MOMENTUM 30,,,6148.1746,,,,2015-06-08
NIFTY200 MOMENTUM 30,,,6083.0324,,,,2015-06-09
NIFTY200 MOMENTUM 30,,,6170.7967,,,,2015-06-10
NIFTY200 MOMENTUM 30,,,6014.0963,,,,2015-06-11
NIFTY200 MOMENTUM 30,,,6047.2969,,,,2015-06-12
NIFTY200 MOMENTUM 30,,,6037.4728,,,,2015-06-15
NIFTY200 MOMENTUM 30,,,6087.7949,,,,2015-06-16
NIFTY200 MOMENTUM 30,,,6185.2457,,,,2015-06-17
NIFTY200 MOMENTUM 30,,,6257.9319,,,,2015-06-18
NIFTY200 MOMENTUM 30,,,6309.361,,,,2015-06-19
NIFTY200 MOMENTUM 30,,,6411.4568,,,,2015-06-22
NIFTY200 MOMENTUM 30,,,6442.1187,,,,2015-06-23
NIFTY200 MOMENTUM 30,,,6427.4241,,,,2015-06-24
NIFTY200 MOMENTUM 30,,,6457.728,,,,2015-06-25
NIFTY200 MOMENTUM 30,,,6459.3897,,,,2015-06-26
NIFTY200 MOMENTUM 30,,,6375.7761,,,,2015-06-29
NIFTY200 MOMENTUM 30,,,6454.9252,,,,2015-06-30
NIFTY200 MOMENTUM 30,,,6555.1496,,,,2015-07-01
NIFTY200 MOMENTUM 30,,,6614.5906,,,,2015-07-02
NIFTY200 MOMENTUM 30,,,6595.1443,,,,2015-07-03
NIFTY200 MOMENTUM 30,,,6655.3785,,,,2015-07-06
NIFTY200 MOMENTUM 30,,,6653.8668,,,,2015-07-07
NIFTY200 MOMENTUM 30,,,6546.739,,,,2015-07-08
NIFTY200 MOMENTUM 30,,,6542.1683,,,,2015-07-09
NIFTY200 MOMENTUM 30,,,6564.5132,,,,2015-07-10
NIFTY200 MOMENTUM 30,,,6685.8848,,,,2015-07-13
NIFTY200 MOMENTUM 30,,,6701.8607,,,,2015-07-14
NIFTY200 MOMENTUM 30,,,6722.393,,,,2015-07-15
NIFTY200 MOMENTUM 30,,,6831.6994,,,,2015-07-16
NIFTY200 MOMENTUM 30,,,6837.4249,,,,2015-07-17
NIFTY200 MOMENTUM 30,,,6878.0205,,,,2015-07-20
NIFTY200 MOMENTUM 30,,,6753.3959,,,,2015-07-21
NIFTY200 MOMENTUM 30,,,6862.671,,,,2015-07-22
NIFTY200 MOMENTUM 30,,,6833.9143,,,,2015-07-23
NIFTY200 MOMENTUM 30,,,6795.1122,,,,2015-07-24
NIFTY200 MOMENTUM 30,,,6711.9872,,,,2015-07-27
NIFTY200 MOMENTUM 30,,,6731.7668,,,,2015-07-28
NIFTY200 MOMENTUM 30,,,6788.148,,,,2015-07-29
NIFTY200 MOMENTUM 30,,,6800.5022,,,,2015-07-30
NIFTY200 MOMENTUM 30,,,6890.0331,,,,2015-07-31
NIFTY200 MOMENTUM 30,,,6918.2186,,,,2015-08-03
NIFTY200 MOMENTUM 30,,,7013.2603,,,,2015-08-04
NIFTY200 MOMENTUM 30,,,7077.4507,,,,2015-08-05
NIFTY200 MOMENTUM 30,,,7097.1202,,,,2015-08-06
NIFTY200 MOMENTUM 30,,,7054.2084,,,,2015-08-07
NIFTY200 MOMENTUM 30,,,7055.9132,,,,2015-08-10
NIFTY200 MOMENTUM 30,,,7006.1499,,,,2015-08-11
NIFTY200 MOMENTUM 30,,,6834.1235,,,,2015-08-12
NIFTY200 MOMENTUM 30,,,6860.8782,,,,2015-08-13
NIFTY200 MOMENTUM 30,,,7029.5506,,,,2015-08-14
NIFTY200 MOMENTUM 30,,,7024.506,,,,2015-08-17
NIFTY200 MOMENTUM 30,,,7055.8625,,,,2015-08-18
NIFTY200 MOMENTUM 30,,,7081.0306,,,,2015-08-19
NIFTY200 MOMENTUM 30,,,6960.9343,,,,2015-08-20
NIFTY200 MOMENTUM 30,,,6870.4771,,,,2015-08-21
NIFTY200 MOMENTUM 30,,,6325.9789,,,,2015-08-24
NIFTY200 MOMENTUM 30,,,6449.9913,,,,2015-08-25
NIFTY200 MOMENTUM 30,,,6405.4775,,,,2015-08-26
NIFTY200 MOMENTUM 30,,,6560.511,,,,2015-08-27
NIFTY200 MOMENTUM 30,,,6570.7425,,,,2015-08-28
NIFTY200 MOMENTUM 30,,,6562.2032,,,,2015-08-31
NIFTY200 MOMENTUM 30,,,6362.3565,,,,2015-09-01
NIFTY200 MOMENTUM 30,,,6290.5296,,,,2015-09-02
NIFTY200 MOMENTUM 30,,,6386.8566,,,,2015-09-03
NIFTY200 MOMENTUM 30,,,6259.6755,,,,2015-09-04
NIFTY200 MOMENTUM 30,,,6117.9024,,,,2015-09-07
NIFTY200 MOMENTUM 30,,,6211.3325,,,,2015-09-08
NIFTY200 MOMENTUM 30,,,6339.27,,,,2015-09-09
NIFTY200 MOMENTUM 30,,,6343.0242,,,,2015-09-10
NIFTY200 MOMENTUM 30,,,6371.2101,,,,2015-09-11
NIFTY200 MOMENTUM 30,,,6467.9154,,,,2015-09-14
NIFTY200 MOMENTUM 30,,,6399.0959,,,,2015-09-15
NIFTY200 MOMENTUM 30,,,6383.8695,,,,2015-09-16
NIFTY200 MOMENTUM 30,,,6448.3772,,,,2015-09-18
NIFTY200 MOMENTUM 30,,,6461.4745,,,,2015-09-21
NIFTY200 MOMENTUM 30,,,6353.6451,,,,2015-09-22
NIFTY200 MOMENTUM 30,,,6412.2064,,,,2015-09-23
NIFTY200 MOMENTUM 30,,,6424.3337,,,,2015-09-24
NIFTY200 MOMENTUM 30,,,6418.7482,,,,2015-09-28
NIFTY200 MOMENTUM 30,,,6451.9282,,,,2015-09-29
NIFTY200 MOMENTUM 30,,,6579.2311,,,,2015-09-30
NIFTY200 MOMENTUM 30,,,6616.8903,,,,2015-10-01
NIFTY200 MOMENTUM 30,,,6668.9743,,,,2015-10-05
NIFTY200 MOMENTUM 30,,,6700.6892,,,,2015-10-06
NIFTY200 MOMENTUM 30,,,6684.0557,,,,2015-10-07
NIFTY200 MOMENTUM 30,,,6615.2656,,,,2015-10-08
NIFTY200 MOMENTUM 30,,,6610.8988,,,,2015-10-09
NIFTY200 MOMENTUM 30,,,6600.4768,,,,2015-10-12
NIFTY200 MOMENTUM 30,,,6600.3294,,,,2015-10-13
NIFTY200 MOMENTUM 30,,,6620.3938,,,,2015-10-14
NIFTY200 MOMENTUM 30,,,6645.8016,,,,2015-10-15
NIFTY200 MOMENTUM 30,,,6684.6713,,,,2015-10-16
NIFTY200 MOMENTUM 30,,,6748.7407,,,,2015-10-19
NIFTY200 MOMENTUM 30,,,6752.0875,,,,2015-10-20
NIFTY200 MOMENTUM 30,,,6721.879,,,,2015-10-21
NIFTY200 MOMENTUM 30,,,6723.0718,,,,2015-10-23
NIFTY200 MOMENTUM 30,,,6657.5336,,,,2015-10-26
NIFTY200 MOMENTUM 30,,,6660.0543,,,,2015-10-27
NIFTY200 MOMENTUM 30,,,6603.2748,,,,2015-10-28
NIFTY200 MOMENTUM 30,,,6573.401,,,,2015-10-29
NIFTY200 MOMENTUM 30,,,6586.362,,,,2015-10-30
NIFTY200 MOMENTUM 30,,,6566.9121,,,,2015-11-02
NIFTY200 MOMENTUM 30,,,6571.701,,,,2015-11-03
NIFTY200 MOMENTUM 30,,,6552.1461,,,,2015-11-04
NIFTY200 MOMENTUM 30,,,6462.4593,,,,2015-11-05
NIFTY200 MOMENTUM 30,,,6371.5298,,,,2015-11-06
NIFTY200 MOMENTUM 30,,,6392.6389,,,,2015-11-09
NIFTY200 MOMENTUM 30,,,6278.1059,,,,2015-11-10
NIFTY200 MOMENTUM 30,,,6329.174,,,,2015-11-11
NIFTY200 MOMENTUM 30,,,6229.287,,,,2015-11-13
NIFTY200 MOMENTUM 30,,,6239.1523,,,,2015-11-16
NIFTY200 MOMENTUM 30,,,6272.5441,,,,2015-11-17
NIFTY200 MOMENTUM 30,,,6233.6638,,,,2015-11-18
NIFTY200 MOMENTUM 30,,,6313.0956,,,,2015-11-19
NIFTY200 MOMENTUM 30,,,6376.7077,,,,2015-11-20
NIFTY200 MOMENTUM 30,,,6412.9168,,,,2015-11-23
NIFTY200 MOMENTUM 30,,,6389.4492,,,,2015-11-24
NIFTY200 MOMENTUM 30,,,6317.2843,,,,2015-11-26
NIFTY200 MOMENTUM 30,,,6354.6733,,,,2015-11-27
NIFTY200 MOMENTUM 30,,,6348.9034,,,,2015-11-30
NIFTY200 MOMENTUM 30,,,6386.6258,,,,2015-12-01
NIFTY200 MOMENTUM 30,,,6404.1458,,,,2015-12-02
NIFTY200 MOMENTUM 30,,,6360.4593,,,,2015-12-03
NIFTY200 MOMENTUM 30,,,6299.6943,,,,2015-12-04
NIFTY200 MOMENTUM 30,,,6302.7382,,,,2015-12-07
NIFTY200 MOMENTUM 30,,,6256.0372,,,,2015-12-08
NIFTY200 MOMENTUM 30,,,6116.9958,,,,2015-12-09
NIFTY200 MOMENTUM 30,,,6179.5153,,,,2015-12-10
NIFTY200 MOMENTUM 30,,,6128.2073,,,,2015-12-11
NIFTY200 MOMENTUM 30,,,6145.4296,,,,2015-12-14
NIFTY200 MOMENTUM 30,,,6204.6744,,,,2015-12-15
NIFTY200 MOMENTUM 30,,,6231.4224,,,,2015-12-16
NIFTY200 MOMENTUM 30,,,6309.2483,,,,2015-12-17
NIFTY200 MOMENTUM 30,,,6290.819,,,,2015-12-18
NIFTY200 MOMENTUM 30,,,6326.7218,,,,2015-12-21
NIFTY200 MOMENTUM 30,,,6312.6047,,,,2015-12-22
NIFTY200 MOMENTUM 30,,,6350.8869,,,,2015-12-23
NIFTY200 MOMENTUM 30,,,6350.28,,,,2015-12-24
NIFTY200 MOMENTUM 30,,,6403.0939,,,,2015-12-28
NIFTY200 MOMENTUM 30,,,6438.4307,,,,2015-12-29
NIFTY200 MOMENTUM 30,,,6417.7439,,,,2015-12-30
NIFTY200 MOMENTUM 30,,,6403.9439,,,,2015-12-31
NIFTY200 MOMENTUM 30,,,6450.9915,,,,2016-01-01
NIFTY200 MOMENTUM 30,,,6381.0324,,,,2016-01-04
NIFTY200 MOMENTUM 30,,,6395.0961,,,,2016-01-05
NIFTY200 MOMENTUM 30,,,6410.0405,,,,2016-01-06
NIFTY200 MOMENTUM 30,,,6236.0063,,,,2016-01-07
NIFTY200 MOMENTUM 30,,,6272.6829,,,,2016-01-08
NIFTY200 MOMENTUM 30,,,6236.345,,,,2016-01-11
NIFTY200 MOMENTUM 30,,,6208.2499,,,,2016-01-12
NIFTY200 MOMENTUM 30,,,6174.8188,,,,2016-01-13
NIFTY200 MOMENTUM 30,,,6151.0404,,,,2016-01-14
NIFTY200 MOMENTUM 30,,,6026.8323,,,,2016-01-15
NIFTY200 MOMENTUM 30,,,5848.4612,,,,2016-01-18
NIFTY200 MOMENTUM 30,,,5931.2106,,,,2016-01-19
NIFTY200 MOMENTUM 30,,,5826.3737,,,,2016-01-20
NIFTY200 MOMENTUM 30,,,5765.9043,,,,2016-01-21
NIFTY200 MOMENTUM 30,,,5914.2467,,,,2016-01-22
NIFTY200 MOMENTUM 30,,,5934.5625,,,,2016-01-25
NIFTY200 MOMENTUM 30,,,5948.427,,,,2016-01-27
NIFTY200 MOMENTUM 30,,,5934.3593,,,,2016-01-28
NIFTY200 MOMENTUM 30,,,6045.8075,,,,2016-01-29
NIFTY200 MOMENTUM 30,,,6070.938,,,,2016-02-01
NIFTY200 MOMENTUM 30,,,5958.5086,,,,2016-02-02
NIFTY200 MOMENTUM 30,,,5892.1862,,,,2016-02-03
NIFTY200 MOMENTUM 30,,,5843.4486,,,,2016-02-04
NIFTY200 MOMENTUM 30,,,5979.7161,,,,2016-02-05
NIFTY200 MOMENTUM 30,,,5939.6101,,,,2016-02-08
NIFTY200 MOMENTUM 30,,,5841.5443,,,,2016-02-09
NIFTY200 MOMENTUM 30,,,5756.7772,,,,2016-02-10
NIFTY200 MOMENTUM 30,,,5580.0583,,,,2016-02-11
NIFTY200 MOMENTUM 30,,,5520.0563,,,,2016-02-12
NIFTY200 MOMENTUM 30,,,5695.6213,,,,2016-02-15
NIFTY200 MOMENTUM 30,,,5578.5513,,,,2016-02-16
NIFTY200 MOMENTUM 30,,,5636.2141,,,,2016-02-17
NIFTY200 MOMENTUM 30,,,5668.5805,,,,2016-02-18
NIFTY200 MOMENTUM 30,,,5670.3773,,,,2016-02-19
NIFTY200 MOMENTUM 30,,,5707.7663,,,,2016-02-22
NIFTY200 MOMENTUM 30,,,5639.2998,,,,2016-02-23
NIFTY200 MOMENTUM 30,,,5550.6898,,,,2016-02-24
NIFTY200 MOMENTUM 30,,,5482.9598,,,,2016-02-25
NIFTY200 MOMENTUM 30,,,5514.0935,,,,2016-02-26
NIFTY200 MOMENTUM 30,,,5552.9103,,,,2016-02-29
NIFTY200 MOMENTUM 30,,,5736.9524,,,,2016-03-01
NIFTY200 MOMENTUM 30,,,5833.7288,,,,2016-03-02
NIFTY200 MOMENTUM 30,,,5882.5797,,,,2016-03-03
NIFTY200 MOMENTUM 30,,,5943.6816,,,,2016-03-04
NIFTY200 MOMENTUM 30,,,5953.024,,,,2016-03-08
NIFTY200 MOMENTUM 30,,,6016.1527,,,,2016-03-09
NIFTY200 MOMENTUM 30,,,6018.4905,,,,2016-03-10
NIFTY200 MOMENTUM 30,,,6030.3993,,,,2016-03-11
NIFTY200 MOMENTUM 30,,,6051.7644,,,,2016-03-14
NIFTY200 MOMENTUM 30,,,5944.7397,,,,2016-03-15
NIFTY200 MOMENTUM 30,,,5924.8518,,,,2016-03-16
NIFTY200 MOMENTUM 30,,,5907.0714,,,,2016-03-17
NIFTY200 MOMENTUM 30,,,5921.4668,,,,2016-03-18
NIFTY200 MOMENTUM 30,,,5999.7315,,,,2016-03-21
NIFTY200 MOMENTUM 30,,,5997.4334,,,,2016-03-22
NIFTY200 MOMENTUM 30,,,6015.8132,,,,2016-03-23
NIFTY200 MOMENTUM 30,,,5944.6546,,,,2016-03-28
NIFTY200 MOMENTUM 30,,,5920.7536,,,,2016-03-29
NIFTY200 MOMENTUM 30,,,6027.2205,,,,2016-03-30
NIFTY200 MOMENTUM 30,,,6084.3532,,,,2016-03-31
NIFTY200 MOMENTUM 30,,,6078.1396,,,,2016-04-01
NIFTY200 MOMENTUM 30,,,6103.9481,,,,2016-04-04
NIFTY200 MOMENTUM 30,,,6040.1724,,,,2016-04-05
NIFTY200 MOMENTUM 30,,,6114.1464,,,,2016-04-06
NIFTY200 MOMENTUM 30,,,6083.7198,,,,2016-04-07
NIFTY200 MOMENTUM 30,,,6121.0691,,,,2016-04-08
NIFTY200 MOMENTUM 30,,,6192.7182,,,,2016-04-11
NIFTY200 MOMENTUM 30,,,6260.7472,,,,2016-04-12
NIFTY200 MOMENTUM 30,,,6307.7954,,,,2016-04-13
NIFTY200 MOMENTUM 30,,,6389.95,,,,2016-04-18
NIFTY200 MOMENTUM 30,,,6373.7928,,,,2016-04-20
NIFTY200 MOMENTUM 30,,,6314.0498,,,,2016-04-21
NIFTY200 MOMENTUM 30,,,6301.6201,,,,2016-04-22
NIFTY200 MOMENTUM 30,,,6253.0023,,,,2016-04-25
NIFTY200 MOMENTUM 30,,,6321.7788,,,,2016-04-26
NIFTY200 MOMENTUM 30,,,6309.1262,,,,2016-04-27
NIFTY200 MOMENTUM 30,,,6244.9542,,,,2016-04-28
NIFTY200 MOMENTUM 30,,,6265.7949,,,,2016-04-29
NIFTY200 MOMENTUM 30,,,6306.4595,,,,2016-05-02
NIFTY200 MOMENTUM 30,,,6255.129,,,,2016-05-03
NIFTY200 MOMENTUM 30,,,6206.2521,,,,2016-05-04
NIFTY200 MOMENTUM 30,,,6217.0226,,,,2016-05-05
NIFTY200 MOMENTUM 30,,,6253.3042,,,,2016-05-06
NIFTY200 MOMENTUM 30,,,6317.2087,,,,2016-05-09
NIFTY200 MOMENTUM 30,,,6294.1227,,,,2016-05-10
NIFTY200 MOMENTUM 30,,,6328.8996,,,,2016-05-11
NIFTY200 MOMENTUM 30,,,6364.4406,,,,2016-05-12
NIFTY200 MOMENTUM 30,,,6322.2814,,,,2016-05-13
NIFTY200 MOMENTUM 30,,,6351.2484,,,,2016-05-16
NIFTY200 MOMENTUM 30,,,6357.1219,,,,2016-05-17
NIFTY200 MOMENTUM 30,,,6357.4016,,,,2016-05-18
NIFTY200 MOMENTUM 30,,,6306.5984,,,,2016-05-19
NIFTY200 MOMENTUM 30,,,6244.5346,,,,2016-05-20
NIFTY200 MOMENTUM 30,,,6202.5604,,,,2016-05-23
NIFTY200 MOMENTUM 30,,,6182.8066,,,,2016-05-24
NIFTY200 MOMENTUM 30,,,6251.4868,,,,2016-05-25
NIFTY200 MOMENTUM 30,,,6309.5002,,,,2016-05-26
NIFTY200 MOMENTUM 30,,,6430.4335,,,,2016-05-27
NIFTY200 MOMENTUM 30,,,6425.3469,,,,2016-05-30
NIFTY200 MOMENTUM 30,,,6407.1429,,,,2016-05-31
NIFTY200 MOMENTUM 30,,,6433.2216,,,,2016-06-01
NIFTY200 MOMENTUM 30,,,6478.1771,,,,2016-06-02
NIFTY200 MOMENTUM 30,,,6454.1309,,,,2016-06-03
NIFTY200 MOMENTUM 30,,,6438.6905,,,,2016-06-06
NIFTY200 MOMENTUM 30,,,6449.1537,,,,2016-06-07
NIFTY200 MOMENTUM 30,,,6452.6162,,,,2016-06-08
NIFTY200 MOMENTUM 30,,,6443.7077,,,,2016-06-09
NIFTY200 MOMENTUM 30,,,6410.6192,,,,2016-06-10
NIFTY200 MOMENTUM 30,,,6395.8907,,,,2016-06-13
NIFTY200 MOMENTUM 30,,,6407.827,,,,2016-06-14
NIFTY200 MOMENTUM 30,,,6423.1127,,,,2016-06-15
NIFTY200 MOMENTUM 30,,,6407.3273,,,,2016-06-16
NIFTY200 MOMENTUM 30,,,6392.3201,,,,2016-06-17
NIFTY200 MOMENTUM 30,,,6420.7559,,,,2016-06-20
NIFTY200 MOMENTUM 30,,,6415.1447,,,,2016-06-21
NIFTY200 MOMENTUM 30,,,6408.1903,,,,2016-06-22
NIFTY200 MOMENTUM 30,,,6425.453,,,,2016-06-23
NIFTY200 MOMENTUM 30,,,6352.6841,,,,2016-06-24
NIFTY200 MOMENTUM 30,,,6394.5358,,,,2016-06-27
NIFTY200 MOMENTUM 30,,,6461.4251,,,,2016-06-28
NIFTY200 MOMENTUM 30,,,6521.9233,,,,2016-06-29
NIFTY200 MOMENTUM 30,,,6586.249,,,,2016-06-30
NIFTY200 MOMENTUM 30,,,6626.9157,,,,2016-07-01
NIFTY200 MOMENTUM 30,,,6678.5266,,,,2016-07-04
NIFTY200 MOMENTUM 30,,,6669.1651,,,,2016-07-05
NIFTY200 MOMENTUM 30,,,6644.491,,,,2016-07-07
NIFTY200 MOMENTUM 30,,,6658.4111,,,,2016-07-08
NIFTY200 MOMENTUM 30,,,6749.3327,,,,2016-07-11
NIFTY200 MOMENTUM 30,,,6779.5263,,,,2016-07-12
NIFTY200 MOMENTUM 30,,,6729.8839,,,,2016-07-13
NIFTY200 MOMENTUM 30,,,6750.4804,,,,2016-07-14
NIFTY200 MOMENTUM 30,,,6767.851,,,,2016-07-15
NIFTY200 MOMENTUM 30,,,6728.6315,,,,2016-07-18
NIFTY200 MOMENTUM 30,,,6744.4344,,,,2016-07-19
NIFTY200 MOMENTUM 30,,,6793.5291,,,,2016-07-20
NIFTY200 MOMENTUM 30,,,6783.892,,,,2016-07-21
NIFTY200 MOMENTUM 30,,,6877.4877,,,,2016-07-22
NIFTY200 MOMENTUM 30,,,6953.585,,,,2016-07-25
NIFTY200 MOMENTUM 30,,,6980.1243,,,,2016-07-26
NIFTY200 MOMENTUM 30,,,7030.9132,,,,2016-07-27
NIFTY200 MOMENTUM 30,,,7096.1494,,,,2016-07-28
NIFTY200 MOMENTUM 30,,,7181.8397,,,,2016-07-29
NIFTY200 MOMENTUM 30,,,7251.6828,,,,2016-08-01
NIFTY200 MOMENTUM 30,,,7172.2249,,,,2016-08-02
NIFTY200 MOMENTUM 30,,,7046.6386,,,,2016-08-03
NIFTY200 MOMENTUM 30,,,7066.4496,,,,2016-08-04
NIFTY200 MOMENTUM 30,,,7183.3069,,,,2016-08-05
NIFTY200 MOMENTUM 30,,,7279.6474,,,,2016-08-08
NIFTY200 MOMENTUM 30,,,7231.3773,,,,2016-08-09
NIFTY200 MOMENTUM 30,,,7111.6001,,,,2016-08-10
NIFTY200 MOMENTUM 30,,,7157.9077,,,,2016-08-11
NIFTY200 MOMENTUM 30,,,7191.1089,,,,2016-08-12
NIFTY200 MOMENTUM 30,,,7208.6386,,,,2016-08-16
NIFTY200 MOMENTUM 30,,,7214.5357,,,,2016-08-17
NIFTY200 MOMENTUM 30,,,7247.1035,,,,2016-08-18
NIFTY200 MOMENTUM 30,,,7271.4903,,,,2016-08-19
NIFTY200 MOMENTUM 30,,,7224.8631,,,,2016-08-22
NIFTY200 MOMENTUM 30,,,7214.3725,,,,2016-08-23
NIFTY200 MOMENTUM 30,,,7264.6303,,,,2016-08-24
NIFTY200 MOMENTUM 30,,,7229.3798,,,,2016-08-25
NIFTY200 MOMENTUM 30,,,7259.1662,,,,2016-08-26
NIFTY200 MOMENTUM 30,,,7289.1928,,,,2016-08-29
NIFTY200 MOMENTUM 30,,,7385.7879,,,,2016-08-30
NIFTY200 MOMENTUM 30,,,7417.1965,,,,2016-08-31
NIFTY200 MOMENTUM 30,,,7381.7423,,,,2016-09-01
NIFTY200 MOMENTUM 30,,,7405.6227,,,,2016-09-02
NIFTY200 MOMENTUM 30,,,7516.1616,,,,2016-09-06
NIFTY200 MOMENTUM 30,,,7485.9901,,,,2016-09-07
NIFTY200 MOMENTUM 30,,,7527.8579,,,,2016-09-08
NIFTY200 MOMENTUM 30,,,7454.6052,,,,2016-09-09
NIFTY200 MOMENTUM 30,,,7234.5397,,,,2016-09-12
NIFTY200 MOMENTUM 30,,,7308.4305,,,,2016-09-14
NIFTY200 MOMENTUM 30,,,7313.195,,,,2016-09-15
NIFTY200 MOMENTUM 30,,,7304.3565,,,,2016-09-16
NIFTY200 MOMENTUM 30,,,7349.7334,,,,2016-09-19
NIFTY200 MOMENTUM 30,,,7342.7339,,,,2016-09-20
NIFTY200 MOMENTUM 30,,,7337.2886,,,,2016-09-21
NIFTY200 MOMENTUM 30,,,7470.552,,,,2016-09-22
NIFTY200 MOMENTUM 30,,,7480.336,,,,2016-09-23
NIFTY200 MOMENTUM 30,,,7468.1625,,,,2016-09-26
NIFTY200 MOMENTUM 30,,,7481.0625,,,,2016-09-27
NIFTY200 MOMENTUM 30,,,7543.6888,,,,2016-09-28
NIFTY200 MOMENTUM 30,,,7271.9932,,,,2016-09-29
NIFTY200 MOMENTUM 30,,,7375.1908,,,,2016-09-30
NIFTY200 MOMENTUM 30,,,7570.5962,,,,2016-10-03
NIFTY200 MOMENTUM 30,,,7616.4309,,,,2016-10-04
NIFTY200 MOMENTUM 30,,,7651.4864,,,,2016-10-05
NIFTY200 MOMENTUM 30,,,7675.2461,,,,2016-10-06
NIFTY200 MOMENTUM 30,,,7641.8709,,,,2016-10-07
NIFTY200 MOMENTUM 30,,,7679.3225,,,,2016-10-10
NIFTY200 MOMENTUM 30,,,7580.8255,,,,2016-10-13
NIFTY200 MOMENTUM 30,,,7630.2345,,,,2016-10-14
NIFTY200 MOMENTUM 30,,,7531.7373,,,,2016-10-17
NIFTY200 MOMENTUM 30,,,7630.9694,,,,2016-10-18
NIFTY200 MOMENTUM 30,,,7635.303,,,,2016-10-19
NIFTY200 MOMENTUM 30,,,7660.8506,,,,2016-10-20
NIFTY200 MOMENTUM 30,,,7657.8022,,,,2016-10-21
NIFTY200 MOMENTUM 30,,,7623.9202,,,,2016-10-24
NIFTY200 MOMENTUM 30,,,7630.334,,,,2016-10-25
NIFTY200 MOMENTUM 30,,,7560.6231,,,,2016-10-26
NIFTY200 MOMENTUM 30,,,7450.3206,,,,2016-10-27
NIFTY200 MOMENTUM 30,,,7515.2131,,,,2016-10-28
NIFTY200 MOMENTUM 30,,,7509.7717,,,,2016-10-30
NIFTY200 MOMENTUM 30,,,7560.7224,,,,2016-11-01
NIFTY200 MOMENTUM 30,,,7420.0777,,,,2016-11-02
NIFTY200 MOMENTUM 30,,,7385.8688,,,,2016-11-03
NIFTY200 MOMENTUM 30,,,7279.5155,,,,2016-11-04
NIFTY200 MOMENTUM 30,,,7365.2873,,,,2016-11-07
NIFTY200 MOMENTUM 30,,,7424.6596,,,,2016-11-08
NIFTY200 MOMENTUM 30,,,7288.1744,,,,2016-11-09
NIFTY200 MOMENTUM 30,,,7460.5963,,,,2016-11-10
NIFTY200 MOMENTUM 30,,,7180.6272,,,,2016-11-11
NIFTY200 MOMENTUM 30,,,6846.862,,,,2016-11-15
NIFTY200 MOMENTUM 30,,,6887.5877,,,,2016-11-16
NIFTY200 MOMENTUM 30,,,6888.2358,,,,2016-11-17
NIFTY200 MOMENTUM 30,,,6923.7157,,,,2016-11-18
NIFTY200 MOMENTUM 30,,,6710.5659,,,,2016-11-21
NIFTY200 MOMENTUM 30,,,6837.2549,,,,2016-11-22
NIFTY200 MOMENTUM 30,,,6916.8181,,,,2016-11-23
NIFTY200 MOMENTUM 30,,,6906.2848,,,,2016-11-24
NIFTY200 MOMENTUM 30,,,7028.521,,,,2016-11-25
NIFTY200 MOMENTUM 30,,,7071.3328,,,,2016-11-28
NIFTY200 MOMENTUM 30,,,7096.7064,,,,2016-11-29
NIFTY200 MOMENTUM 30,,,7203.3381,,,,2016-11-30
NIFTY200 MOMENTUM 30,,,7091.317,,,,2016-12-01
NIFTY200 MOMENTUM 30,,,6996.023,,,,2016-12-02
NIFTY200 MOMENTUM 30,,,7065.796,,,,2016-12-05
NIFTY200 MOMENTUM 30,,,7094.0051,,,,2016-12-06
NIFTY200 MOMENTUM 30,,,7103.2486,,,,2016-12-07
NIFTY200 MOMENTUM 30,,,7231.4385,,,,2016-12-08
NIFTY200 MOMENTUM 30,,,7235.0882,,,,2016-12-09
NIFTY200 MOMENTUM 30,,,7090.834,,,,2016-12-12
NIFTY200 MOMENTUM 30,,,7057.4014,,,,2016-12-13
NIFTY200 MOMENTUM 30,,,7008.3341,,,,2016-12-14
NIFTY200 MOMENTUM 30,,,7004.9281,,,,2016-12-15
NIFTY200 MOMENTUM 30,,,6948.4993,,,,2016-12-16
NIFTY200 MOMENTUM 30,,,6919.3797,,,,2016-12-19
NIFTY200 MOMENTUM 30,,,6856.0435,,,,2016-12-20
NIFTY200 MOMENTUM 30,,,6858.4769,,,,2016-12-21
NIFTY200 MOMENTUM 30,,,6752.7935,,,,2016-12-22
NIFTY200 MOMENTUM 30,,,6775.6137,,,,2016-12-23
NIFTY200 MOMENTUM 30,,,6635.5627,,,,2016-12-26
NIFTY200 MOMENTUM 30,,,6762.9728,,,,2016-12-27
NIFTY200 MOMENTUM 30,,,6763.4934,,,,2016-12-28
NIFTY200 MOMENTUM 30,,,6873.2562,,,,2016-12-29
NIFTY200 MOMENTUM 30,,,6948.6721,,,,2016-12-30
NIFTY200 MOMENTUM 30,,,7018.3465,,,,2017-01-02
NIFTY200 MOMENTUM 30,,,7077.8916,,,,2017-01-03
NIFTY200 MOMENTUM 30,,,7046.8076,,,,2017-01-04
NIFTY200 MOMENTUM 30,,,7206.9238,,,,2017-01-05
NIFTY200 MOMENTUM 30,,,7189.6111,,,,2017-01-06
NIFTY200 MOMENTUM 30,,,7185.701,,,,2017-01-09
NIFTY200 MOMENTUM 30,,,7239.7121,,,,2017-01-10
NIFTY200 MOMENTUM 30,,,7403.7144,,,,2017-01-11
NIFTY200 MOMENTUM 30,,,7443.8769,,,,2017-01-12
NIFTY200 MOMENTUM 30,,,7395.0525,,,,2017-01-13
NIFTY200 MOMENTUM 30,,,7447.8915,,,,2017-01-16
NIFTY200 MOMENTUM 30,,,7419.7878,,,,2017-01-17
NIFTY200 MOMENTUM 30,,,7512.3977,,,,2017-01-18
NIFTY200 MOMENTUM 30,,,7542.454,,,,2017-01-19
NIFTY200 MOMENTUM 30,,,7447.6182,,,,2017-01-20
NIFTY200 MOMENTUM 30,,,7585.1564,,,,2017-01-23
NIFTY200 MOMENTUM 30,,,7696.9914,,,,2017-01-24
NIFTY200 MOMENTUM 30,,,7877.2477,,,,2017-01-25
NIFTY200 MOMENTUM 30,,,7896.4687,,,,2017-01-27
NIFTY200 MOMENTUM 30,,,7904.5053,,,,2017-01-30
NIFTY200 MOMENTUM 30,,,7826.058,,,,2017-01-31
NIFTY200 MOMENTUM 30,,,8016.4427,,,,2017-02-01
NIFTY200 MOMENTUM 30,,,7996.0625,,,,2017-02-02
NIFTY200 MOMENTUM 30,,,7977.8699,,,,2017-02-03
NIFTY200 MOMENTUM 30,,,8055.0929,,,,2017-02-06
NIFTY200 MOMENTUM 30,,,8014.1002,,,,2017-02-07
NIFTY200 MOMENTUM 30,,,8075.3728,,,,2017-02-08
NIFTY200 MOMENTUM 30,,,8058.6084,,,,2017-02-09
NIFTY200 MOMENTUM 30,,,8059.6035,,,,2017-02-10
NIFTY200 MOMENTUM 30,,,8079.9673,,,,2017-02-13
NIFTY200 MOMENTUM 30,,,8020.7926,,,,2017-02-14
NIFTY200 MOMENTUM 30,,,7922.4855,,,,2017-02-15
NIFTY200 MOMENTUM 30,,,8055.8756,,,,2017-02-16
NIFTY200 MOMENTUM 30,,,8107.0452,,,,2017-02-17
NIFTY200 MOMENTUM 30,,,8175.7185,,,,2017-02-20
NIFTY200 MOMENTUM 30,,,8209.0485,,,,2017-02-21
NIFTY200 MOMENTUM 30,,,8140.8634,,,,2017-02-22
NIFTY200 MOMENTUM 30,,,8130.3093,,,,2017-02-23
NIFTY200 MOMENTUM 30,,,8077.3235,,,,2017-02-27
NIFTY200 MOMENTUM 30,,,8086.4298,,,,2017-02-28
NIFTY200 MOMENTUM 30,,,8097.2287,,,,2017-03-01
NIFTY200 MOMENTUM 30,,,8011.5588,,,,2017-03-02
NIFTY200 MOMENTUM 30,,,8064.2627,,,,2017-03-03
NIFTY200 MOMENTUM 30,,,8100.5848,,,,2017-03-06
NIFTY200 MOMENTUM 30,,,8075.8864,,,,2017-03-07
NIFTY200 MOMENTUM 30,,,8046.8207,,,,2017-03-08
NIFTY200 MOMENTUM 30,,,8046.298,,,,2017-03-09
NIFTY200 MOMENTUM 30,,,8019.4003,,,,2017-03-10
NIFTY200 MOMENTUM 30,,,8172.1092,,,,2017-03-14
NIFTY200 MOMENTUM 30,,,8194.2293,,,,2017-03-15
NIFTY200 MOMENTUM 30,,,8330.9247,,,,2017-03-16
NIFTY200 MOMENTUM 30,,,8307.8152,,,,2017-03-17
NIFTY200 MOMENTUM 30,,,8316.9633,,,,2017-03-20
NIFTY200 MOMENTUM 30,,,8321.3236,,,,2017-03-21
NIFTY200 MOMENTUM 30,,,8231.9266,,,,2017-03-22
NIFTY200 MOMENTUM 30,,,8320.9312,,,,2017-03-23
NIFTY200 MOMENTUM 30,,,8307.2561,,,,2017-03-24
NIFTY200 MOMENTUM 30,,,8262.9075,,,,2017-03-27
NIFTY200 MOMENTUM 30,,,8306.3151,,,,2017-03-28
NIFTY200 MOMENTUM 30,,,8310.5724,,,,2017-03-29
NIFTY200 MOMENTUM 30,,,8349.7113,,,,2017-03-30
NIFTY200 MOMENTUM 30,,,8405.1058,,,,2017-03-31
NIFTY200 MOMENTUM 30,,,8412.5534,,,,2017-04-03
NIFTY200 MOMENTUM 30,,,8491.2324,,,,2017-04-05
NIFTY200 MOMENTUM 30,,,8508.8144,,,,2017-04-06
NIFTY200 MOMENTUM 30,,,8484.6105,,,,2017-04-07
NIFTY200 MOMENTUM 30,,,8548.6599,,,,2017-04-10
NIFTY200 MOMENTUM 30,,,8594.614,,,,2017-04-11
NIFTY200 MOMENTUM 30,,,8567.7835,,,,2017-04-12
NIFTY200 MOMENTUM 30,,,8484.9465,,,,2017-04-13
NIFTY200 MOMENTUM 30,,,8503.4409,,,,2017-04-17
NIFTY200 MOMENTUM 30,,,8454.6713,,,,2017-04-18
NIFTY200 MOMENTUM 30,,,8502.0552,,,,2017-04-19
NIFTY200 MOMENTUM 30,,,8549.9362,,,,2017-04-20
NIFTY200 MOMENTUM 30,,,8547.5328,,,,2017-04-21
NIFTY200 MOMENTUM 30,,,8619.3862,,,,2017-04-24
NIFTY200 MOMENTUM 30,,,8708.2933,,,,2017-04-25
NIFTY200 MOMENTUM 30,,,8725.0739,,,,2017-04-26
NIFTY200 MOMENTUM 30,,,8740.3691,,,,2017-04-27
NIFTY200 MOMENTUM 30,,,8819.6426,,,,2017-04-28
NIFTY200 MOMENTUM 30,,,8908.0664,,,,2017-05-02
NIFTY200 MOMENTUM 30,,,8843.3682,,,,2017-05-03
NIFTY200 MOMENTUM 30,,,8814.7003,,,,2017-05-04
NIFTY200 MOMENTUM 30,,,8691.4623,,,,2017-05-05
NIFTY200 MOMENTUM 30,,,8736.2587,,,,2017-05-08
NIFTY200 MOMENTUM 30,,,8774.1072,,,,2017-05-09
NIFTY200 MOMENTUM 30,,,8796.7927,,,,2017-05-10
NIFTY200 MOMENTUM 30,,,8794.6688,,,,2017-05-11
NIFTY200 MOMENTUM 30,,,8750.8962,,,,2017-05-12
NIFTY200 MOMENTUM 30,,,8888.8891,,,,2017-05-15
NIFTY200 MOMENTUM 30,,,8892.6115,,,,2017-05-16
NIFTY200 MOMENTUM 30,,,8936.8544,,,,2017-05-17
NIFTY200 MOMENTUM 30,,,8726.0497,,,,2017-05-18
NIFTY200 MOMENTUM 30,,,8695.2358,,,,2017-05-19
NIFTY200 MOMENTUM 30,,,8594.6075,,,,2017-05-22
NIFTY200 MOMENTUM 30,,,8533.7836,,,,2017-05-23
NIFTY200 MOMENTUM 30,,,8468.9558,,,,2017-05-24
NIFTY200 MOMENTUM 30,,,8633.9055,,,,2017-05-25
NIFTY200 MOMENTUM 30,,,8810.022,,,,2017-05-26
NIFTY200 MOMENTUM 30,,,8723.1339,,,,2017-05-29
NIFTY200 MOMENTUM 30,,,8792.2206,,,,2017-05-30
NIFTY200 MOMENTUM 30,,,8785.9411,,,,2017-05-31
NIFTY200 MOMENTUM 30,,,8749.8142,,,,2017-06-01
NIFTY200 MOMENTUM 30,,,8763.0138,,,,2017-06-02
NIFTY200 MOMENTUM 30,,,8781.3972,,,,2017-06-05
NIFTY200 MOMENTUM 30,,,8761.4106,,,,2017-06-06
NIFTY200 MOMENTUM 30,,,8800.6314,,,,2017-06-07
NIFTY200 MOMENTUM 30,,,8811.6328,,,,2017-06-08
NIFTY200 MOMENTUM 30,,,8894.5346,,,,2017-06-09
NIFTY200 MOMENTUM 30,,,8863.1182,,,,2017-06-12
NIFTY200 MOMENTUM 30,,,8844.4429,,,,2017-06-13
NIFTY200 MOMENTUM 30,,,8821.2375,,,,2017-06-14
NIFTY200 MOMENTUM 30,,,8782.2064,,,,2017-06-15
NIFTY200 MOMENTUM 30,,,8800.583,,,,2017-06-16
NIFTY200 MOMENTUM 30,,,8876.1584,,,,2017-06-19
NIFTY200 MOMENTUM 30,,,8892.373,,,,2017-06-20
NIFTY200 MOMENTUM 30,,,8829.3751,,,,2017-06-21
NIFTY200 MOMENTUM 30,,,8725.513,,,,2017-06-22
NIFTY200 MOMENTUM 30,,,8606.6324,,,,2017-06-23
NIFTY200 MOMENTUM 30,,,8539.6668,,,,2017-06-27
NIFTY200 MOMENTUM 30,,,8603.4002,,,,2017-06-28
NIFTY200 MOMENTUM 30,,,8657.647,,,,2017-06-29
NIFTY200 MOMENTUM 30,,,8674.4125,,,,2017-06-30
NIFTY200 MOMENTUM 30,,,8781.6126,,,,2017-07-03
NIFTY200 MOMENTUM 30,,,8775.5802,,,,2017-07-04
NIFTY200 MOMENTUM 30,,,8839.2153,,,,2017-07-05
NIFTY200 MOMENTUM 30,,,8856.388,,,,2017-07-06
NIFTY200 MOMENTUM 30,,,8853.2132,,,,2017-07-07
NIFTY200 MOMENTUM 30,,,8921.9875,,,,2017-07-10
NIFTY200 MOMENTUM 30,,,8909.415,,,,2017-07-11
NIFTY200 MOMENTUM 30,,,9017.7157,,,,2017-07-12
NIFTY200 MOMENTUM 30,,,9065.2587,,,,2017-07-13
NIFTY200 MOMENTUM 30,,,9101.6172,,,,2017-07-14
NIFTY200 MOMENTUM 30,,,9131.3126,,,,2017-07-17
NIFTY200 MOMENTUM 30,,,9085.6771,,,,2017-07-18
NIFTY200 MOMENTUM 30,,,9184.2039,,,,2017-07-19
NIFTY200 MOMENTUM 30,,,9139.9198,,,,2017-07-20
NIFTY200 MOMENTUM 30,,,9120.2742,,,,2017-07-21
NIFTY200 MOMENTUM 30,,,9105.9623,,,,2017-07-24
NIFTY200 MOMENTUM 30,,,9155.3793,,,,2017-07-25
NIFTY200 MOMENTUM 30,,,9234.8505,,,,2017-07-26
NIFTY200 MOMENTUM 30,,,9232.9076,,,,2017-07-27
NIFTY200 MOMENTUM 30,,,9264.6407,,,,2017-07-28
NIFTY200 MOMENTUM 30,,,9346.7994,,,,2017-07-31
NIFTY200 MOMENTUM 30,,,9390.7129,,,,2017-08-01
NIFTY200 MOMENTUM 30,,,9379.5467,,,,2017-08-02
NIFTY200 MOMENTUM 30,,,9318.3954,,,,2017-08-03
NIFTY200 MOMENTUM 30,,,9463.2309,,,,2017-08-04
NIFTY200 MOMENTUM 30,,,9575.0193,,,,2017-08-07
NIFTY200 MOMENTUM 30,,,9523.5413,,,,2017-08-08
NIFTY200 MOMENTUM 30,,,9430.6969,,,,2017-08-09
NIFTY200 MOMENTUM 30,,,9220.5404,,,,2017-08-10
NIFTY200 MOMENTUM 30,,,9143.0385,,,,2017-08-11
NIFTY200 MOMENTUM 30,,,9385.5829,,,,2017-08-14
NIFTY200 MOMENTUM 30,,,9479.6083,,,,2017-08-16
NIFTY200 MOMENTUM 30,,,9465.7006,,,,2017-08-17
NIFTY200 MOMENTUM 30,,,9440.8936,,,,2017-08-18
NIFTY200 MOMENTUM 30,,,9309.2359,,,,2017-08-21
NIFTY200 MOMENTUM 30,,,9310.0456,,,,2017-08-22
NIFTY200 MOMENTUM 30,,,9450.6805,,,,2017-08-23
NIFTY200 MOMENTUM 30,,,9491.6324,,,,2017-08-24
NIFTY200 MOMENTUM 30,,,9576.0437,,,,2017-08-28
NIFTY200 MOMENTUM 30,,,9484.6903,,,,2017-08-29
NIFTY200 MOMENTUM 30,,,9674.4564,,,,2017-08-30
NIFTY200 MOMENTUM 30,,,9696.3514,,,,2017-08-31
NIFTY200 MOMENTUM 30,,,9815.4382,,,,2017-09-01
NIFTY200 MOMENTUM 30,,,9745.4449,,,,2017-09-04
NIFTY200 MOMENTUM 30,,,9828.0565,,,,2017-09-05
NIFTY200 MOMENTUM 30,,,9847.1741,,,,2017-09-06
NIFTY200 MOMENTUM 30,,,9899.3118,,,,2017-09-07
NIFTY200 MOMENTUM 30,,,9882.0356,,,,2017-09-08
NIFTY200 MOMENTUM 30,,,10029.3542,,,,2017-09-11
NIFTY200 MOMENTUM 30,,,10129.4016,,,,2017-09-12
NIFTY200 MOMENTUM 30,,,10013.4167,,,,2017-09-13
NIFTY200 MOMENTUM 30,,,10010.5596,,,,2017-09-14
NIFTY200 MOMENTUM 30,,,10032.3781,,,,2017-09-15
NIFTY200 MOMENTUM 30,,,10092.712,,,,2017-09-18
NIFTY200 MOMENTUM 30,,,10136.2691,,,,2017-09-19
NIFTY200 MOMENTUM 30,,,10101.7527,,,,2017-09-20
NIFTY200 MOMENTUM 30,,,10058.3897,,,,2017-09-21
NIFTY200 MOMENTUM 30,,,9761.8844,,,,2017-09-22
NIFTY200 MOMENTUM 30,,,9643.8353,,,,2017-09-25
NIFTY200 MOMENTUM 30,,,9706.6425,,,,2017-09-26
NIFTY200 MOMENTUM 30,,,9540.4928,,,,2017-09-27
NIFTY200 MOMENTUM 30,,,9572.792,,,,2017-09-28
NIFTY200 MOMENTUM 30,,,9709.3023,,,,2017-09-29
NIFTY200 MOMENTUM 30,,,9799.7169,,,,2017-10-03
NIFTY200 MOMENTUM 30,,,9822.3654,,,,2017-10-04
NIFTY200 MOMENTUM 30,,,9824.3907,,,,2017-10-05
NIFTY200 MOMENTUM 30,,,10033.6353,,,,2017-10-06
NIFTY200 MOMENTUM 30,,,10011.6039,,,,2017-10-09
NIFTY200 MOMENTUM 30,,,10063.3057,,,,2017-10-10
NIFTY200 MOMENTUM 30,,,10008.3857,,,,2017-10-11
NIFTY200 MOMENTUM 30,,,10122.6242,,,,2017-10-12
NIFTY200 MOMENTUM 30,,,10161.9306,,,,2017-10-13
NIFTY200 MOMENTUM 30,,,10236.6463,,,,2017-10-16
NIFTY200 MOMENTUM 30,,,10280.706,,,,2017-10-17
NIFTY200 MOMENTUM 30,,,10274.6174,,,,2017-10-18
NIFTY200 MOMENTUM 30,,,10176.4259,,,,2017-10-19
NIFTY200 MOMENTUM 30,,,10212.8021,,,,2017-10-23
NIFTY200 MOMENTUM 30,,,10243.8708,,,,2017-10-24
NIFTY200 MOMENTUM 30,,,10176.6777,,,,2017-10-25
NIFTY200 MOMENTUM 30,,,10318.926,,,,2017-10-26
NIFTY200 MOMENTUM 30,,,10271.8987,,,,2017-10-27
NIFTY200 MOMENTUM 30,,,10350.3143,,,,2017-10-30
NIFTY200 MOMENTUM 30,,,10288.2167,,,,2017-10-31
NIFTY200 MOMENTUM 30,,,10353.893,,,,2017-11-01
NIFTY200 MOMENTUM 30,,,10349.116,,,,2017-11-02
NIFTY200 MOMENTUM 30,,,10379.3387,,,,2017-11-03
NIFTY200 MOMENTUM 30,,,10371.4995,,,,2017-11-06
NIFTY200 MOMENTUM 30,,,10249.655,,,,2017-11-07
NIFTY200 MOMENTUM 30,,,10160.1237,,,,2017-11-08
NIFTY200 MOMENTUM 30,,,10175.657,,,,2017-11-09
NIFTY200 MOMENTUM 30,,,10179.4457,,,,2017-11-10
NIFTY200 MOMENTUM 30,,,10106.6813,,,,2017-11-13
NIFTY200 MOMENTUM 30,,,10029.1734,,,,2017-11-14
NIFTY200 MOMENTUM 30,,,9880.4079,,,,2017-11-15
NIFTY200 MOMENTUM 30,,,9962.1005,,,,2017-11-16
NIFTY200 MOMENTUM 30,,,10079.1572,,,,2017-11-17
NIFTY200 MOMENTUM 30,,,10164.1455,,,,2017-11-20
NIFTY200 MOMENTUM 30,,,10185.8235,,,,2017-11-21
NIFTY200 MOMENTUM 30,,,10181.0633,,,,2017-11-22
NIFTY200 MOMENTUM 30,,,10191.05,,,,2017-11-23
NIFTY200 MOMENTUM 30,,,10202.9103,,,,2017-11-24
NIFTY200 MOMENTUM 30,,,10197.569,,,,2017-11-27
NIFTY200 MOMENTUM 30,,,10209.0377,,,,2017-11-28
NIFTY200 MOMENTUM 30,,,10178.5871,,,,2017-11-29
NIFTY200 MOMENTUM 30,,,10081.6141,,,,2017-11-30
NIFTY200 MOMENTUM 30,,,9957.3456,,,,2017-12-01
NIFTY200 MOMENTUM 30,,,10017.7159,,,,2017-12-04
NIFTY200 MOMENTUM 30,,,10016.3726,,,,2017-12-05
NIFTY200 MOMENTUM 30,,,9905.3199,,,,2017-12-06
NIFTY200 MOMENTUM 30,,,10103.9946,,,,2017-12-07
NIFTY200 MOMENTUM 30,,,10209.3414,,,,2017-12-08
NIFTY200 MOMENTUM 30,,,10232.7698,,,,2017-12-11
NIFTY200 MOMENTUM 30,,,10142.6363,,,,2017-12-12
NIFTY200 MOMENTUM 30,,,10074.5512,,,,2017-12-13
NIFTY200 MOMENTUM 30,,,10107.6795,,,,2017-12-14
NIFTY200 MOMENTUM 30,,,10266.8096,,,,2017-12-15
NIFTY200 MOMENTUM 30,,,10374.3704,,,,2017-12-18
NIFTY200 MOMENTUM 30,,,10509.9575,,,,2017-12-19
NIFTY200 MOMENTUM 30,,,10501.3385,,,,2017-12-20
NIFTY200 MOMENTUM 30,,,10553.795,,,,2017-12-21
NIFTY200 MOMENTUM 30,,,10603.3005,,,,2017-12-22
NIFTY200 MOMENTUM 30,,,10674.5023,,,,2017-12-26
NIFTY200 MOMENTUM 30,,,10622.4121,,,,2017-12-27
NIFTY200 MOMENTUM 30,,,10659.3755,,,,2017-12-28
NIFTY200 MOMENTUM 30,,,10733.7596,,,,2017-12-29
NIFTY200 MOMENTUM 30,,,10670.4841,,,,2018-01-01
NIFTY200 MOMENTUM 30,,,10617.1058,,,,2018-01-02
NIFTY200 MOMENTUM 30,,,10647.7798,,,,2018-01-03
NIFTY200 MOMENTUM 30,,,10761.6022,,,,2018-01-04
NIFTY200 MOMENTUM 30,,,10898.1634,,,,2018-01-05
NIFTY200 MOMENTUM 30,,,10981.7671,,,,2018-01-08
NIFTY200 MOMENTUM 30,,,10962.2497,,,,2018-01-09
NIFTY200 MOMENTUM 30,,,10915.7087,,,,2018-01-10
NIFTY200 MOMENTUM 30,,,10898.5433,,,,2018-01-11
NIFTY200 MOMENTUM 30,,,10928.8502,,,,2018-01-12
NIFTY200 MOMENTUM 30,,,10917.672,,,,2018-01-15
NIFTY200 MOMENTUM 30,,,10754.0242,,,,2018-01-16
NIFTY200 MOMENTUM 30,,,10793.7276,,,,2018-01-17
NIFTY200 MOMENTUM 30,,,10661.4103,,,,2018-01-18
NIFTY200 MOMENTUM 30,,,10775.8588,,,,2018-01-19
NIFTY200 MOMENTUM 30,,,10871.2565,,,,2018-01-22
NIFTY200 MOMENTUM 30,,,10973.8651,,,,2018-01-23
NIFTY200 MOMENTUM 30,,,10850.1808,,,,2018-01-24
NIFTY200 MOMENTUM 30,,,10778.7938,,,,2018-01-25
NIFTY200 MOMENTUM 30,,,10830.1419,,,,2018-01-29
NIFTY200 MOMENTUM 30,,,10749.144,,,,2018-01-30
NIFTY200 MOMENTUM 30,,,10639.6395,,,,2018-01-31
NIFTY200 MOMENTUM 30,,,10613.5065,,,,2018-02-01
NIFTY200 MOMENTUM 30,,,10203.0615,,,,2018-02-02
NIFTY200 MOMENTUM 30,,,10137.312,,,,2018-02-05
NIFTY200 MOMENTUM 30,,,10027.2734,,,,2018-02-06
NIFTY200 MOMENTUM 30,,,10037.2002,,,,2018-02-07
NIFTY200 MOMENTUM 30,,,10223.0051,,,,2018-02-08
NIFTY200 MOMENTUM 30,,,10219.6793,,,,2018-02-09
NIFTY200 MOMENTUM 30,,,10395.3551,,,,2018-02-12
NIFTY200 MOMENTUM 30,,,10423.6648,,,,2018-02-14
NIFTY200 MOMENTUM 30,,,10355.6396,,,,2018-02-15
NIFTY200 MOMENTUM 30,,,10221.2751,,,,2018-02-16
NIFTY200 MOMENTUM 30,,,10107.196,,,,2018-02-19
NIFTY200 MOMENTUM 30,,,10100.344,,,,2018-02-20
NIFTY200 MOMENTUM 30,,,10043.0119,,,,2018-02-21
NIFTY200 MOMENTUM 30,,,9996.2716,,,,2018-02-22
NIFTY200 MOMENTUM 30,,,10217.9618,,,,2018-02-23
NIFTY200 MOMENTUM 30,,,10351.2959,,,,2018-02-26
NIFTY200 MOMENTUM 30,,,10334.2572,,,,2018-02-27
NIFTY200 MOMENTUM 30,,,10279.7372,,,,2018-02-28
NIFTY200 MOMENTUM 30,,,10244.7253,,,,2018-03-01
NIFTY200 MOMENTUM 30,,,10096.8786,,,,2018-03-05
NIFTY200 MOMENTUM 30,,,10011.1913,,,,2018-03-06
NIFTY200 MOMENTUM 30,,,9947.4481,,,,2018-03-07
NIFTY200 MOMENTUM 30,,,9989.8263,,,,2018-03-08
NIFTY200 MOMENTUM 30,,,9967.1464,,,,2018-03-09
NIFTY200 MOMENTUM 30,,,10131.869,,,,2018-03-12
NIFTY200 MOMENTUM 30,,,10184.4724,,,,2018-03-13
NIFTY200 MOMENTUM 30,,,10190.1244,,,,2018-03-14
NIFTY200 MOMENTUM 30,,,10172.6822,,,,2018-03-15
NIFTY200 MOMENTUM 30,,,10046.414,,,,2018-03-16
NIFTY200 MOMENTUM 30,,,9896.276,,,,2018-03-19
NIFTY200 MOMENTUM 30,,,9951.1388,,,,2018-03-20
NIFTY200 MOMENTUM 30,,,10008.5691,,,,2018-03-21
NIFTY200 MOMENTUM 30,,,9991.6678,,,,2018-03-22
NIFTY200 MOMENTUM 30,,,9884.4254,,,,2018-03-23
NIFTY200 MOMENTUM 30,,,10090.7634,,,,2018-03-26
NIFTY200 MOMENTUM 30,,,10210.6539,,,,2018-03-27
NIFTY200 MOMENTUM 30,,,10115.0241,,,,2018-03-28
NIFTY200 MOMENTUM 30,,,10330.5396,,,,2018-04-02
NIFTY200 MOMENTUM 30,,,10394.5421,,,,2018-04-03
NIFTY200 MOMENTUM 30,,,10262.711,,,,2018-04-04
NIFTY200 MOMENTUM 30,,,10506.7106,,,,2018-04-05
NIFTY200 MOMENTUM 30,,,10592.9074,,,,2018-04-06
NIFTY200 MOMENTUM 30,,,10688.0374,,,,2018-04-09
NIFTY200 MOMENTUM 30,,,10667.5912,,,,2018-04-10
NIFTY200 MOMENTUM 30,,,10714.0519,,,,2018-04-11
NIFTY200 MOMENTUM 30,,,10688.0508,,,,2018-04-12
NIFTY200 MOMENTUM 30,,,10745.1878,,,,2018-04-13
NIFTY200 MOMENTUM 30,,,10840.4897,,,,2018-04-16
NIFTY200 MOMENTUM 30,,,10861.1042,,,,2018-04-17
NIFTY200 MOMENTUM 30,,,10823.9045,,,,2018-04-18
NIFTY200 MOMENTUM 30,,,10882.8645,,,,2018-04-19
NIFTY200 MOMENTUM 30,,,10809.7864,,,,2018-04-20
NIFTY200 MOMENTUM 30,,,10838.8563,,,,2018-04-23
NIFTY200 MOMENTUM 30,,,10876.0205,,,,2018-04-24
NIFTY200 MOMENTUM 30,,,10821.5386,,,,2018-04-25
NIFTY200 MOMENTUM 30,,,10872.1388,,,,2018-04-26
NIFTY200 MOMENTUM 30,,,10912.2877,,,,2018-04-27
NIFTY200 MOMENTUM 30,,,10954.0456,,,,2018-04-30
NIFTY200 MOMENTUM 30,,,10776.4267,,,,2018-05-02
NIFTY200 MOMENTUM 30,,,10682.4396,,,,2018-05-03
NIFTY200 MOMENTUM 30,,,10667.5204,,,,2018-05-04
NIFTY200 MOMENTUM 30,,,10833.9012,,,,2018-05-07
NIFTY200 MOMENTUM 30,,,10763.1232,,,,2018-05-08
NIFTY200 MOMENTUM 30,,,10752.2845,,,,2018-05-09
NIFTY200 MOMENTUM 30,,,10656.3186,,,,2018-05-10
NIFTY200 MOMENTUM 30,,,10752.0132,,,,2018-05-11
NIFTY200 MOMENTUM 30,,,10649.25,,,,2018-05-14
NIFTY200 MOMENTUM 30,,,10629.8648,,,,2018-05-15
NIFTY200 MOMENTUM 30,,,10663.37,,,,2018-05-16
NIFTY200 MOMENTUM 30,,,10671.802,,,,2018-05-17
NIFTY200 MOMENTUM 30,,,10587.3675,,,,2018-05-18
NIFTY200 MOMENTUM 30,,,10428.5345,,,,2018-05-21
NIFTY200 MOMENTUM 30,,,10517.0226,,,,2018-05-22
NIFTY200 MOMENTUM 30,,,10386.0477,,,,2018-05-23
NIFTY200 MOMENTUM 30,,,10349.323,,,,2018-05-24
NIFTY200 MOMENTUM 30,,,10567.7383,,,,2018-05-25
NIFTY200 MOMENTUM 30,,,10676.4306,,,,2018-05-28
NIFTY200 MOMENTUM 30,,,10637.0566,,,,2018-05-29
NIFTY200 MOMENTUM 30,,,10660.4489,,,,2018-05-30
NIFTY200 MOMENTUM 30,,,10694.3137,,,,2018-05-31
NIFTY200 MOMENTUM 30,,,10593.3451,,,,2018-06-01
NIFTY200 MOMENTUM 30,,,10515.1079,,,,2018-06-04
NIFTY200 MOMENTUM 30,,,10473.0597,,,,2018-06-05
NIFTY200 MOMENTUM 30,,,10612.2212,,,,2018-06-06
NIFTY200 MOMENTUM 30,,,10712.3444,,,,2018-06-07
NIFTY200 MOMENTUM 30,,,10740.0097,,,,2018-06-08
NIFTY200 MOMENTUM 30,,,10746.8211,,,,2018-06-11
NIFTY200 MOMENTUM 30,,,10816.7029,,,,2018-06-12
NIFTY200 MOMENTUM 30,,,10794.8961,,,,2018-06-13
NIFTY200 MOMENTUM 30,,,10836.4387,,,,2018-06-14
NIFTY200 MOMENTUM 30,,,10816.6776,,,,2018-06-15
NIFTY200 MOMENTUM 30,,,10765.5514,,,,2018-06-18
NIFTY200 MOMENTUM 30,,,10663.7738,,,,2018-06-19
NIFTY200 MOMENTUM 30,,,10736.6283,,,,2018-06-20
NIFTY200 MOMENTUM 30,,,10672.4524,,,,2018-06-21
NIFTY200 MOMENTUM 30,,,10761.7486,,,,2018-06-22
NIFTY200 MOMENTUM 30,,,10743.6825,,,,2018-06-25
NIFTY200 MOMENTUM 30,,,10738.5041,,,,2018-06-26
NIFTY200 MOMENTUM 30,,,10635.6777,,,,2018-06-27
NIFTY200 MOMENTUM 30,,,10503.619,,,,2018-06-28
NIFTY200 MOMENTUM 30,,,10627.7071,,,,2018-06-29
NIFTY200 MOMENTUM 30,,,10599.6149,,,,2018-07-02
NIFTY200 MOMENTUM 30,,,10664.2688,,,,2018-07-03
NIFTY200 MOMENTUM 30,,,10712.3957,,,,2018-07-04
NIFTY200 MOMENTUM 30,,,10607.0591,,,,2018-07-05
NIFTY200 MOMENTUM 30,,,10621.2555,,,,2018-07-06
NIFTY200 MOMENTUM 30,,,10719.2713,,,,2018-07-09
NIFTY200 MOMENTUM 30,,,10768.9126,,,,2018-07-10
NIFTY200 MOMENTUM 30,,,10781.2854,,,,2018-07-11
NIFTY200 MOMENTUM 30,,,10818.1827,,,,2018-07-12
NIFTY200 MOMENTUM 30,,,10835.1987,,,,2018-07-13
NIFTY200 MOMENTUM 30,,,10749.235,,,,2018-07-16
NIFTY200 MOMENTUM 30,,,10780.2152,,,,2018-07-17
NIFTY200 MOMENTUM 30,,,10638.538,,,,2018-07-18
NIFTY200 MOMENTUM 30,,,10597.5754,,,,2018-07-19
NIFTY200 MOMENTUM 30,,,10719.806,,,,2018-07-20
NIFTY200 MOMENTUM 30,,,10759.3948,,,,2018-07-23
NIFTY200 MOMENTUM 30,,,10789.5366,,,,2018-07-24
NIFTY200 MOMENTUM 30,,,10748.7498,,,,2018-07-25
NIFTY200 MOMENTUM 30,,,10735.5782,,,,2018-07-26
NIFTY200 MOMENTUM 30,,,10834.4516,,,,2018-07-27
NIFTY200 MOMENTUM 30,,,10855.7382,,,,2018-07-30
NIFTY200 MOMENTUM 30,,,11000.6974,,,,2018-07-31
NIFTY200 MOMENTUM 30,,,11035.5516,,,,2018-08-01
NIFTY200 MOMENTUM 30,,,10980.4852,,,,2018-08-02
NIFTY200 MOMENTUM 30,,,11041.2514,,,,2018-08-03
NIFTY200 MOMENTUM 30,,,11001.0274,,,,2018-08-06
NIFTY200 MOMENTUM 30,,,11031.65,,,,2018-08-07
NIFTY200 MOMENTUM 30,,,11133.506,,,,2018-08-08
NIFTY200 MOMENTUM 30,,,11143.6379,,,,2018-08-09
NIFTY200 MOMENTUM 30,,,11120.6286,,,,2018-08-10
NIFTY200 MOMENTUM 30,,,11137.0808,,,,2018-08-13
NIFTY200 MOMENTUM 30,,,11257.7144,,,,2018-08-14
NIFTY200 MOMENTUM 30,,,11221.9632,,,,2018-08-16
NIFTY200 MOMENTUM 30,,,11340.3064,,,,2018-08-17
NIFTY200 MOMENTUM 30,,,11382.625,,,,2018-08-20
NIFTY200 MOMENTUM 30,,,11398.9767,,,,2018-08-21
NIFTY200 MOMENTUM 30,,,11477.6513,,,,2018-08-23
NIFTY200 MOMENTUM 30,,,11419.9834,,,,2018-08-24
NIFTY200 MOMENTUM 30,,,11550.9391,,,,2018-08-27
NIFTY200 MOMENTUM 30,,,11596.5031,,,,2018-08-28
NIFTY200 MOMENTUM 30,,,11606.4767,,,,2018-08-29
NIFTY200 MOMENTUM 30,,,11552.1118,,,,2018-08-30
NIFTY200 MOMENTUM 30,,,11594.6626,,,,2018-08-31
NIFTY200 MOMENTUM 30,,,11457.9181,,,,2018-09-03
NIFTY200 MOMENTUM 30,,,11297.1835,,,,2018-09-04
NIFTY200 MOMENTUM 30,,,11255.2608,,,,2018-09-05
NIFTY200 MOMENTUM 30,,,11315.4831,,,,2018-09-06
NIFTY200 MOMENTUM 30,,,11430.9299,,,,2018-09-07
NIFTY200 MOMENTUM 30,,,11223.5757,,,,2018-09-10
NIFTY200 MOMENTUM 30,,,11071.0025,,,,2018-09-11
NIFTY200 MOMENTUM 30,,,11136.178,,,,2018-09-12
NIFTY200 MOMENTUM 30,,,11301.7395,,,,2018-09-14
NIFTY200 MOMENTUM 30,,,11203.1801,,,,2018-09-17
NIFTY200 MOMENTUM 30,,,11186.7106,,,,2018-09-18
NIFTY200 MOMENTUM 30,,,11122.1977,,,,2018-09-19
NIFTY200 MOMENTUM 30,,,10915.929,,,,2018-09-21
NIFTY200 MOMENTUM 30,,,10718.0378,,,,2018-09-24
NIFTY200 MOMENTUM 30,,,10825.085,,,,2018-09-25
NIFTY200 MOMENTUM 30,,,10815.4356,,,,2018-09-26
NIFTY200 MOMENTUM 30,,,10735.9272,,,,2018-09-27
NIFTY200 MOMENTUM 30,,,10631.9417,,,,2018-09-28
NIFTY200 MOMENTUM 30,,,10705.6944,,,,2018-10-01
NIFTY200 MOMENTUM 30,,,10501.2272,,,,2018-10-03
NIFTY200 MOMENTUM 30,,,10188.2267,,,,2018-10-04
NIFTY200 MOMENTUM 30,,,10010.6717,,,,2018-10-05
NIFTY200 MOMENTUM 30,,,10008.6908,,,,2018-10-08
NIFTY200 MOMENTUM 30,,,9922.7236,,,,2018-10-09
NIFTY200 MOMENTUM 30,,,10149.1843,,,,2018-10-10
NIFTY200 MOMENTUM 30,,,9915.947,,,,2018-10-11
NIFTY200 MOMENTUM 30,,,10183.1138,,,,2018-10-12
NIFTY200 MOMENTUM 30,,,10191.6515,,,,2018-10-15
NIFTY200 MOMENTUM 30,,,10270.019,,,,2018-10-16
NIFTY200 MOMENTUM 30,,,10104.585,,,,2018-10-17
NIFTY200 MOMENTUM 30,,,9993.6552,,,,2018-10-19
NIFTY200 MOMENTUM 30,,,9858.0387,,,,2018-10-22
NIFTY200 MOMENTUM 30,,,9716.9844,,,,2018-10-23
NIFTY200 MOMENTUM 30,,,9835.4435,,,,2018-10-24
NIFTY200 MOMENTUM 30,,,9744.8156,,,,2018-10-25
NIFTY200 MOMENTUM 30,,,9661.7229,,,,2018-10-26
NIFTY200 MOMENTUM 30,,,9808.0264,,,,2018-10-29
NIFTY200 MOMENTUM 30,,,9795.4486,,,,2018-10-30
NIFTY200 MOMENTUM 30,,,10009.2659,,,,2018-10-31
NIFTY200 MOMENTUM 30,,,9992.301,,,,2018-11-01
NIFTY200 MOMENTUM 30,,,10065.5164,,,,2018-11-02
NIFTY200 MOMENTUM 30,,,10070.806,,,,2018-11-05
NIFTY200 MOMENTUM 30,,,10022.8745,,,,2018-11-06
NIFTY200 MOMENTUM 30,,,10091.4837,,,,2018-11-07
NIFTY200 MOMENTUM 30,,,10107.1814,,,,2018-11-09
NIFTY200 MOMENTUM 30,,,10097.431,,,,2018-11-12
NIFTY200 MOMENTUM 30,,,10157.8,,,,2018-11-13
NIFTY200 MOMENTUM 30,,,10077.9146,,,,2018-11-14
NIFTY200 MOMENTUM 30,,,10149.3668,,,,2018-11-15
NIFTY200 MOMENTUM 30,,,10183.0466,,,,2018-11-16
NIFTY200 MOMENTUM 30,,,10281.5805,,,,2018-11-19
NIFTY200 MOMENTUM 30,,,10190.8475,,,,2018-11-20
NIFTY200 MOMENTUM 30,,,10180.4784,,,,2018-11-21
NIFTY200 MOMENTUM 30,,,10096.4467,,,,2018-11-22
NIFTY200 MOMENTUM 30,,,10185.8372,,,,2018-11-26
NIFTY200 MOMENTUM 30,,,10255.2805,,,,2018-11-27
NIFTY200 MOMENTUM 30,,,10294.9328,,,,2018-11-28
NIFTY200 MOMENTUM 30,,,10420.3408,,,,2018-11-29
NIFTY200 MOMENTUM 30,,,10512.6558,,,,2018-11-30
NIFTY200 MOMENTUM 30,,,10526.3807,,,,2018-12-03
NIFTY200 MOMENTUM 30,,,10495.1513,,,,2018-12-04
NIFTY200 MOMENTUM 30,,,10411.9737,,,,2018-12-05
NIFTY200 MOMENTUM 30,,,10202.2051,,,,2018-12-06
NIFTY200 MOMENTUM 30,,,10303.3917,,,,2018-12-07
NIFTY200 MOMENTUM 30,,,10098.5973,,,,2018-12-10
NIFTY200 MOMENTUM 30,,,10216.8732,,,,2018-12-11
NIFTY200 MOMENTUM 30,,,10402.4198,,,,2018-12-12
NIFTY200 MOMENTUM 30,,,10472.3695,,,,2018-12-13
NIFTY200 MOMENTUM 30,,,10473.8028,,,,2018-12-14
NIFTY200 MOMENTUM 30,,,10519.9681,,,,2018-12-17
NIFTY200 MOMENTUM 30,,,10525.4136,,,,2018-12-18
NIFTY200 MOMENTUM 30,,,10595.2049,,,,2018-12-19
NIFTY200 MOMENTUM 30,,,10561.7891,,,,2018-12-20
NIFTY200 MOMENTUM 30,,,10373.1467,,,,2018-12-21
NIFTY200 MOMENTUM 30,,,10256.0209,,,,2018-12-24
NIFTY200 MOMENTUM 30,,,10270.5468,,,,2018-12-26
NIFTY200 MOMENTUM 30,,,10333.1181,,,,2018-12-27
NIFTY200 MOMENTUM 30,,,10431.0064,,,,2018-12-28
NIFTY200 MOMENTUM 30,,,10471.1909,,,,2018-12-31
NIFTY200 MOMENTUM 30,,,10464.2325,,,,2019-01-01
NIFTY200 MOMENTUM 30,,,10397.3044,,,,2019-01-02
NIFTY200 MOMENTUM 30,,,10312.7623,,,,2019-01-03
NIFTY200 MOMENTUM 30,,,10317.0052,,,,2019-01-04
NIFTY200 MOMENTUM 30,,,10350.785,,,,2019-01-07
NIFTY200 MOMENTUM 30,,,10345.3934,,,,2019-01-08
NIFTY200 MOMENTUM 30,,,10410.3544,,,,2019-01-09
NIFTY200 MOMENTUM 30,,,10428.76,,,,2019-01-10
NIFTY200 MOMENTUM 30,,,10413.5316,,,,2019-01-11
NIFTY200 MOMENTUM 30,,,10388.9222,,,,2019-01-14
NIFTY200 MOMENTUM 30,,,10555.2809,,,,2019-01-15
NIFTY200 MOMENTUM 30,,,10546.6284,,,,2019-01-16
NIFTY200 MOMENTUM 30,,,10548.1632,,,,2019-01-17
NIFTY200 MOMENTUM 30,,,10577.6588,,,,2019-01-18
NIFTY200 MOMENTUM 30,,,10622.4518,,,,2019-01-21
NIFTY200 MOMENTUM 30,,,10679.6455,,,,2019-01-22
NIFTY200 MOMENTUM 30,,,10644.1988,,,,2019-01-23
NIFTY200 MOMENTUM 30,,,10676.7075,,,,2019-01-24
NIFTY200 MOMENTUM 30,,,10639.1892,,,,2019-01-25
NIFTY200 MOMENTUM 30,,,10486.7386,,,,2019-01-28
NIFTY200 MOMENTUM 30,,,10536.1059,,,,2019-01-29
NIFTY200 MOMENTUM 30,,,10551.4371,,,,2019-01-30
NIFTY200 MOMENTUM 30,,,10711.9481,,,,2019-01-31
NIFTY200 MOMENTUM 30,,,10840.3407,,,,2019-02-01
NIFTY200 MOMENTUM 30,,,10868.7363,,,,2019-02-04
NIFTY200 MOMENTUM 30,,,10864.2175,,,,2019-02-05
NIFTY200 MOMENTUM 30,,,10999.1339,,,,2019-02-06
NIFTY200 MOMENTUM 30,,,11025.112,,,,2019-02-07
NIFTY200 MOMENTUM 30,,,10929.2723,,,,2019-02-08
NIFTY200 MOMENTUM 30,,,10826.6471,,,,2019-02-11
NIFTY200 MOMENTUM 30,,,10778.0718,,,,2019-02-12
NIFTY200 MOMENTUM 30,,,10758.8879,,,,2019-02-13
NIFTY200 MOMENTUM 30,,,10713.1095,,,,2019-02-14
NIFTY200 MOMENTUM 30,,,10586.7893,,,,2019-02-15
NIFTY200 MOMENTUM 30,,,10507.9365,,,,2019-02-18
NIFTY200 MOMENTUM 30,,,10432.6021,,,,2019-02-19
NIFTY200 MOMENTUM 30,,,10540.4514,,,,2019-02-20
NIFTY200 MOMENTUM 30,,,10629.1942,,,,2019-02-21
NIFTY200 MOMENTUM 30,,,10647.8924,,,,2019-02-22
NIFTY200 MOMENTUM 30,,,10742.0297,,,,2019-02-25
NIFTY200 MOMENTUM 30,,,10729.5047,,,,2019-02-26
NIFTY200 MOMENTUM 30,,,10670.6081,,,,2019-02-27
NIFTY200 MOMENTUM 30,,,10660.8608,,,,2019-02-28
NIFTY200 MOMENTUM 30,,,10720.9166,,,,2019-03-01
NIFTY200 MOMENTUM 30,,,10745.3322,,,,2019-03-05
NIFTY200 MOMENTUM 30,,,10836.3537,,,,2019-03-06
NIFTY200 MOMENTUM 30,,,10770.0863,,,,2019-03-07
NIFTY200 MOMENTUM 30,,,10739.3644,,,,2019-03-08
NIFTY200 MOMENTUM 30,,,10865.6101,,,,2019-03-11
NIFTY200 MOMENTUM 30,,,10967.6304,,,,2019-03-12
NIFTY200 MOMENTUM 30,,,10957.1692,,,,2019-03-13
NIFTY200 MOMENTUM 30,,,10957.0419,,,,2019-03-14
NIFTY200 MOMENTUM 30,,,11024.278,,,,2019-03-15
NIFTY200 MOMENTUM 30,,,11056.109,,,,2019-03-18
NIFTY200 MOMENTUM 30,,,11103.5535,,,,2019-03-19
NIFTY200 MOMENTUM 30,,,11099.9383,,,,2019-03-20
NIFTY200 MOMENTUM 30,,,11051.0452,,,,2019-03-22
NIFTY200 MOMENTUM 30,,,10980.5976,,,,2019-03-25
NIFTY200 MOMENTUM 30,,,11090.6262,,,,2019-03-26
NIFTY200 MOMENTUM 30,,,11029.9831,,,,2019-03-27
NIFTY200 MOMENTUM 30,,,11099.0172,,,,2019-03-28
NIFTY200 MOMENTUM 30,,,11188.0853,,,,2019-03-29
NIFTY200 MOMENTUM 30,,,11226.5912,,,,2019-04-01
NIFTY200 MOMENTUM 30,,,11222.9448,,,,2019-04-02
NIFTY200 MOMENTUM 30,,,11168.067,,,,2019-04-03
NIFTY200 MOMENTUM 30,,,11147.0219,,,,2019-04-04
NIFTY200 MOMENTUM 30,,,11187.4785,,,,2019-04-05
NIFTY200 MOMENTUM 30,,,11152.1619,,,,2019-04-08
NIFTY200 MOMENTUM 30,,,11217.6937,,,,2019-04-09
NIFTY200 MOMENTUM 30,,,11184.579,,,,2019-04-10
NIFTY200 MOMENTUM 30,,,11177.5239,,,,2019-04-11
NIFTY200 MOMENTUM 30,,,11197.3544,,,,2019-04-12
NIFTY200 MOMENTUM 30,,,11257.3206,,,,2019-04-15
NIFTY200 MOMENTUM 30,,,11311.0978,,,,2019-04-16
NIFTY200 MOMENTUM 30,,,11302.7163,,,,2019-04-18
NIFTY200 MOMENTUM 30,,,11208.9507,,,,2019-04-22
NIFTY200 MOMENTUM 30,,,11228.8822,,,,2019-04-23
NIFTY200 MOMENTUM 30,,,11362.7029,,,,2019-04-24
NIFTY200 MOMENTUM 30,,,11315.482,,,,2019-04-25
NIFTY200 MOMENTUM 30,,,11407.7211,,,,2019-04-26
NIFTY200 MOMENTUM 30,,,11474.9434,,,,2019-04-30
NIFTY200 MOMENTUM 30,,,11362.066,,,,2019-05-02
NIFTY200 MOMENTUM 30,,,11271.0475,,,,2019-05-03
NIFTY200 MOMENTUM 30,,,11141.2305,,,,2019-05-06
NIFTY200 MOMENTUM 30,,,11080.7291,,,,2019-05-07
NIFTY200 MOMENTUM 30,,,10956.7196,,,,2019-05-08
NIFTY200 MOMENTUM 30,,,10938.9276,,,,2019-05-09
NIFTY200 MOMENTUM 30,,,10941.4283,,,,2019-05-10
NIFTY200 MOMENTUM 30,,,10856.9167,,,,2019-05-13
NIFTY200 MOMENTUM 30,,,10820.5738,,,,2019-05-14
NIFTY200 MOMENTUM 30,,,10815.9316,,,,2019-05-15
NIFTY200 MOMENTUM 30,,,10924.7946,,,,2019-05-16
NIFTY200 MOMENTUM 30,,,11021.4821,,,,2019-05-17
NIFTY200 MOMENTUM 30,,,11242.0867,,,,2019-05-20
NIFTY200 MOMENTUM 30,,,11218.4246,,,,2019-05-21
NIFTY200 MOMENTUM 30,,,11190.7208,,,,2019-05-22
NIFTY200 MOMENTUM 30,,,11117.6861,,,,2019-05-23
NIFTY200 MOMENTUM 30,,,11237.0837,,,,2019-05-24
NIFTY200 MOMENTUM 30,,,11215.9145,,,,2019-05-27
NIFTY200 MOMENTUM 30,,,11235.5362,,,,2019-05-28
NIFTY200 MOMENTUM 30,,,11215.7203,,,,2019-05-29
NIFTY200 MOMENTUM 30,,,11286.4129,,,,2019-05-30
NIFTY200 MOMENTUM 30,,,11320.988,,,,2019-05-31
NIFTY200 MOMENTUM 30,,,11493.5334,,,,2019-06-03
NIFTY200 MOMENTUM 30,,,11406.2498,,,,2019-06-04
NIFTY200 MOMENTUM 30,,,11299.491,,,,2019-06-06
NIFTY200 MOMENTUM 30,,,11319.0614,,,,2019-06-07
NIFTY200 MOMENTUM 30,,,11416.3953,,,,2019-06-10
NIFTY200 MOMENTUM 30,,,11457.6017,,,,2019-06-11
NIFTY200 MOMENTUM 30,,,11401.4172,,,,2019-06-12
NIFTY200 MOMENTUM 30,,,11410.8393,,,,2019-06-13
NIFTY200 MOMENTUM 30,,,11311.7249,,,,2019-06-14
NIFTY200 MOMENTUM 30,,,11221.5078,,,,2019-06-17
NIFTY200 MOMENTUM 30,,,11235.6164,,,,2019-06-18
NIFTY200 MOMENTUM 30,,,11242.24,,,,2019-06-19
NIFTY200 MOMENTUM 30,,,11337.8911,,,,2019-06-20
NIFTY200 MOMENTUM 30,,,11228.3517,,,,2019-06-21
NIFTY200 MOMENTUM 30,,,11169.5915,,,,2019-06-24
NIFTY200 MOMENTUM 30,,,11251.5589,,,,2019-06-25
NIFTY200 MOMENTUM 30,,,11275.155,,,,2019-06-26
NIFTY200 MOMENTUM 30,,,11259.5035,,,,2019-06-27
NIFTY200 MOMENTUM 30,,,11231.1076,,,,2019-06-28
NIFTY200 MOMENTUM 30,,,11286.1209,,,,2019-07-01
NIFTY200 MOMENTUM 30,,,11344.7149,,,,2019-07-02
NIFTY200 MOMENTUM 30,,,11335.2171,,,,2019-07-03
NIFTY200 MOMENTUM 30,,,11397.5397,,,,2019-07-04
NIFTY200 MOMENTUM 30,,,11231.3891,,,,2019-07-05
NIFTY200 MOMENTUM 30,,,10956.0221,,,,2019-07-08
NIFTY200 MOMENTUM 30,,,10926.0221,,,,2019-07-09
NIFTY200 MOMENTUM 30,,,10815.4995,,,,2019-07-10
NIFTY200 MOMENTUM 30,,,10851.1756,,,,2019-07-11
NIFTY200 MOMENTUM 30,,,10820.2878,,,,2019-07-12
NIFTY200 MOMENTUM 30,,,10866.165,,,,2019-07-15
NIFTY200 MOMENTUM 30,,,10946.7037,,,,2019-07-16
NIFTY200 MOMENTUM 30,,,10989.2034,,,,2019-07-17
NIFTY200 MOMENTUM 30,,,10920.2581,,,,2019-07-18
NIFTY200 MOMENTUM 30,,,10706.7416,,,,2019-07-19
NIFTY200 MOMENTUM 30,,,10606.8922,,,,2019-07-22
NIFTY200 MOMENTUM 30,,,10589.8085,,,,2019-07-23
NIFTY200 MOMENTUM 30,,,10491.0465,,,,2019-07-24
NIFTY200 MOMENTUM 30,,,10469.9454,,,,2019-07-25
NIFTY200 MOMENTUM 30,,,10560.9028,,,,2019-07-26
NIFTY200 MOMENTUM 30,,,10485.8662,,,,2019-07-29
NIFTY200 MOMENTUM 30,,,10351.5959,,,,2019-07-30
NIFTY200 MOMENTUM 30,,,10361.8562,,,,2019-07-31
NIFTY200 MOMENTUM 30,,,10233.625,,,,2019-08-01
NIFTY200 MOMENTUM 30,,,10239.4349,,,,2019-08-02
NIFTY200 MOMENTUM 30,,,10085.8966,,,,2019-08-05
NIFTY200 MOMENTUM 30,,,10220.9001,,,,2019-08-06
NIFTY200 MOMENTUM 30,,,10128.0154,,,,2019-08-07
NIFTY200 MOMENTUM 30,,,10278.0783,,,,2019-08-08
NIFTY200 MOMENTUM 30,,,10380.5775,,,,2019-08-09
NIFTY200 MOMENTUM 30,,,10128.5808,,,,2019-08-13
NIFTY200 MOMENTUM 30,,,10267.3681,,,,2019-08-14
NIFTY200 MOMENTUM 30,,,10295.3727,,,,2019-08-16
NIFTY200 MOMENTUM 30,,,10320.4311,,,,2019-08-19
NIFTY200 MOMENTUM 30,,,10282.9655,,,,2019-08-20
NIFTY200 MOMENTUM 30,,,10189.5737,,,,2019-08-21
NIFTY200 MOMENTUM 30,,,10021.2801,,,,2019-08-22
NIFTY200 MOMENTUM 30,,,10115.3915,,,,2019-08-23
NIFTY200 MOMENTUM 30,,,10349.0288,,,,2019-08-26
NIFTY200 MOMENTUM 30,,,10360.2565,,,,2019-08-27
NIFTY200 MOMENTUM 30,,,10295.2752,,,,2019-08-28
NIFTY200 MOMENTUM 30,,,10192.1902,,,,2019-08-29
NIFTY200 MOMENTUM 30,,,10283.0338,,,,2019-08-30
NIFTY200 MOMENTUM 30,,,10073.3112,,,,2019-09-03
NIFTY200 MOMENTUM 30,,,10127.8335,,,,2019-09-04
NIFTY200 MOMENTUM 30,,,10115.5795,,,,2019-09-05
NIFTY200 MOMENTUM 30,,,10221.5119,,,,2019-09-06
NIFTY200 MOMENTUM 30,,,10340.5051,,,,2019-09-09
NIFTY200 MOMENTUM 30,,,10362.429,,,,2019-09-11
NIFTY200 MOMENTUM 30,,,10313.4175,,,,2019-09-12
NIFTY200 MOMENTUM 30,,,10420.0456,,,,2019-09-13
NIFTY200 MOMENTUM 30,,,10364.1392,,,,2019-09-16
NIFTY200 MOMENTUM 30,,,10198.5499,,,,2019-09-17
NIFTY200 MOMENTUM 30,,,10228.9253,,,,2019-09-18
NIFTY200 MOMENTUM 30,,,10092.136,,,,2019-09-19
NIFTY200 MOMENTUM 30,,,10650.244,,,,2019-09-20
NIFTY200 MOMENTUM 30,,,10984.6368,,,,2019-09-23
NIFTY200 MOMENTUM 30,,,10974.5728,,,,2019-09-24
NIFTY200 MOMENTUM 30,,,10828.8121,,,,2019-09-25
NIFTY200 MOMENTUM 30,,,10932.7039,,,,2019-09-26
NIFTY200 MOMENTUM 30,,,10921.6806,,,,2019-09-27
NIFTY200 MOMENTUM 30,,,10866.7099,,,,2019-09-30
NIFTY200 MOMENTUM 30,,,10727.4283,,,,2019-10-01
NIFTY200 MOMENTUM 30,,,10666.1103,,,,2019-10-03
NIFTY200 MOMENTUM 30,,,10528.3677,,,,2019-10-04
NIFTY200 MOMENTUM 30,,,10505.7502,,,,2019-10-07
NIFTY200 MOMENTUM 30,,,10675.8255,,,,2019-10-09
NIFTY200 MOMENTUM 30,,,10586.4697,,,,2019-10-10
NIFTY200 MOMENTUM 30,,,10615.7082,,,,2019-10-11
NIFTY200 MOMENTUM 30,,,10606.5882,,,,2019-10-14
NIFTY200 MOMENTUM 30,,,10643.8561,,,,2019-10-15
NIFTY200 MOMENTUM 30,,,10705.6905,,,,2019-10-16
NIFTY200 MOMENTUM 30,,,10821.327,,,,2019-10-17
NIFTY200 MOMENTUM 30,,,10914.4562,,,,2019-10-18
NIFTY200 MOMENTUM 30,,,10858.361,,,,2019-10-22
NIFTY200 MOMENTUM 30,,,10877.2146,,,,2019-10-23
NIFTY200 MOMENTUM 30,,,10884.4353,,,,2019-10-24
NIFTY200 MOMENTUM 30,,,10850.6653,,,,2019-10-25
NIFTY200 MOMENTUM 30,,,10864.7115,,,,2019-10-27
NIFTY200 MOMENTUM 30,,,10978.9304,,,,2019-10-29
NIFTY200 MOMENTUM 30,,,11016.3948,,,,2019-10-30
NIFTY200 MOMENTUM 30,,,11114.5221,,,,2019-10-31
NIFTY200 MOMENTUM 30,,,11111.7599,,,,2019-11-01
NIFTY200 MOMENTUM 30,,,11183.6943,,,,2019-11-04
NIFTY200 MOMENTUM 30,,,11173.088,,,,2019-11-05
NIFTY200 MOMENTUM 30,,,11170.5473,,,,2019-11-06
NIFTY200 MOMENTUM 30,,,11214.017,,,,2019-11-07
NIFTY200 MOMENTUM 30,,,11143.4381,,,,2019-11-08
NIFTY200 MOMENTUM 30,,,11157.5616,,,,2019-11-11
NIFTY200 MOMENTUM 30,,,11061.4173,,,,2019-11-13
NIFTY200 MOMENTUM 30,,,11119.3004,,,,2019-11-14
NIFTY200 MOMENTUM 30,,,11135.4569,,,,2019-11-15
NIFTY200 MOMENTUM 30,,,11149.857,,,,2019-11-18
NIFTY200 MOMENTUM 30,,,11192.2923,,,,2019-11-19
NIFTY200 MOMENTUM 30,,,11228.055,,,,2019-11-20
NIFTY200 MOMENTUM 30,,,11171.1318,,,,2019-11-21
NIFTY200 MOMENTUM 30,,,11090.1781,,,,2019-11-22
NIFTY200 MOMENTUM 30,,,11243.7869,,,,2019-11-25
NIFTY200 MOMENTUM 30,,,11217.1268,,,,2019-11-26
NIFTY200 MOMENTUM 30,,,11306.6976,,,,2019-11-27
NIFTY200 MOMENTUM 30,,,11368.2608,,,,2019-11-28
NIFTY200 MOMENTUM 30,,,11261.4691,,,,2019-11-29
NIFTY200 MOMENTUM 30,,,11234.4984,,,,2019-12-02
NIFTY200 MOMENTUM 30,,,11219.3773,,,,2019-12-03
NIFTY200 MOMENTUM 30,,,11293.057,,,,2019-12-04
NIFTY200 MOMENTUM 30,,,11272.2443,,,,2019-12-05
NIFTY200 MOMENTUM 30,,,11165.9633,,,,2019-12-06
NIFTY200 MOMENTUM 30,,,11188.0528,,,,2019-12-09
NIFTY200 MOMENTUM 30,,,11131.5223,,,,2019-12-10
NIFTY200 MOMENTUM 30,,,11215.7614,,,,2019-12-11
NIFTY200 MOMENTUM 30,,,11282.6787,,,,2019-12-12
NIFTY200 MOMENTUM 30,,,11361.9568,,,,2019-12-13
NIFTY200 MOMENTUM 30,,,11351.3662,,,,2019-12-16
NIFTY200 MOMENTUM 30,,,11430.8346,,,,2019-12-17
NIFTY200 MOMENTUM 30,,,11454.6754,,,,2019-12-18
NIFTY200 MOMENTUM 30,,,11470.4193,,,,2019-12-19
NIFTY200 MOMENTUM 30,,,11524.6603,,,,2019-12-20
NIFTY200 MOMENTUM 30,,,11524.6841,,,,2019-12-23
NIFTY200 MOMENTUM 30,,,11480.3126,,,,2019-12-24
NIFTY200 MOMENTUM 30,,,11437.899,,,,2019-12-26
NIFTY200 MOMENTUM 30,,,11526.8896,,,,2019-12-27
NIFTY200 MOMENTUM 30,,,11556.3065,,,,2019-12-30
NIFTY200 MOMENTUM 30,,,11490.8156,,,,2019-12-31
NIFTY200 MOMENTUM 30,,,11483.4881,,,,2020-01-01
NIFTY200 MOMENTUM 30,,,11546.1811,,,,2020-01-02
NIFTY200 MOMENTUM 30,,,11477.3058,,,,2020-01-03
NIFTY200 MOMENTUM 30,,,11258.1157,,,,2020-01-06
NIFTY200 MOMENTUM 30,,,11325.6739,,7609.03,79443171.0,2020-01-07
NIFTY200 MOMENTUM 30,,,11373.3234,,,,2020-01-08
NIFTY200 MOMENTUM 30,,,11552.2759,,,,2020-01-09
NIFTY200 MOMENTUM 30,,,11600.7032,,,,2020-01-10
NIFTY200 MOMENTUM 30,,,11689.5652,,,,2020-01-13
NIFTY200 MOMENTUM 30,,,11760.2659,,,,2020-01-14
NIFTY200 MOMENTUM 30,,,11798.423,,,,2020-01-15
NIFTY200 MOMENTUM 30,,,11871.6122,,,,2020-01-16
NIFTY200 MOMENTUM 30,,,11942.1688,,,,2020-01-17
NIFTY200 MOMENTUM 30,,,11887.5266,,,,2020-01-20
NIFTY200 MOMENTUM 30,,,11853.9983,,,,2020-01-21
NIFTY200 MOMENTUM 30,,,11808.5033,,,,2020-01-22
NIFTY200 MOMENTUM 30,,,11919.2807,,,,2020-01-23
NIFTY200 MOMENTUM 30,,,12015.1091,,,,2020-01-24
NIFTY200 MOMENTUM 30,,,11967.3435,,,,2020-01-27
NIFTY200 MOMENTUM 30,,,11956.9317,,,,2020-01-28
NIFTY200 MOMENTUM 30,,,12028.6681,,,,2020-01-29
NIFTY200 MOMENTUM 30,,,11928.9419,,,,2020-01-30
NIFTY200 MOMENTUM 30,,,11817.4329,,,,2020-01-31
NIFTY200 MOMENTUM 30,,,11558.2018,,,,2020-02-01
NIFTY200 MOMENTUM 30,,,11796.1869,,,,2020-02-03
NIFTY200 MOMENTUM 30,,,12043.1803,,,,2020-02-04
NIFTY200 MOMENTUM 30,,,12142.0364,,,,2020-02-05
NIFTY200 MOMENTUM 30,,,12197.4188,,,,2020-02-06
NIFTY200 MOMENTUM 30,,,12176.6258,,8322.5,88580139.0,2020-02-07
NIFTY200 MOMENTUM 30,,,12154.739,,,,2020-02-10
NIFTY200 MOMENTUM 30,,,12166.7633,,,,2020-02-11
NIFTY200 MOMENTUM 30,,,12249.8313,,,,2020-02-12
NIFTY200 MOMENTUM 30,,,12228.2516,,,,2020-02-13
NIFTY200 MOMENTUM 30,,,12228.3588,,,,2020-02-14
NIFTY200 MOMENTUM 30,,,12173.9913,,,,2020-02-17
NIFTY200 MOMENTUM 30,,,12126.8771,,,,2020-02-18
NIFTY200 MOMENTUM 30,,,12317.6406,,,,2020-02-19
NIFTY200 MOMENTUM 30,,,12243.3394,,,,2020-02-20
NIFTY200 MOMENTUM 30,,,12035.1675,,,,2020-02-24
NIFTY200 MOMENTUM 30,,,12003.7952,,,,2020-02-25
NIFTY200 MOMENTUM 30,,,11915.8606,,,,2020-02-26
NIFTY200 MOMENTUM 30,,,11898.3297,,,,2020-02-27
NIFTY200 MOMENTUM 30,,,11475.1549,,,,2020-02-28
NIFTY200 MOMENTUM 30,,,11393.8576,,,,2020-03-02
NIFTY200 MOMENTUM 30,,,11587.6155,,,,2020-03-03
NIFTY200 MOMENTUM 30,,,11506.4103,,,,2020-03-04
NIFTY200 MOMENTUM 30,,,11563.328,,,,2020-03-05
NIFTY200 MOMENTUM 30,,,11362.5535,,,,2020-03-06
NIFTY200 MOMENTUM 30,,,10944.244,,,,2020-03-09
NIFTY200 MOMENTUM 30,,,10936.9211,,,,2020-03-11
NIFTY200 MOMENTUM 30,,,10151.7562,,,,2020-03-12
NIFTY200 MOMENTUM 30,,,10469.448,,,,2020-03-13
NIFTY200 MOMENTUM 30,,,9838.826,,,,2020-03-16
NIFTY200 MOMENTUM 30,,,9613.5773,,,,2020-03-17
NIFTY200 MOMENTUM 30,,,8982.7748,,,,2020-03-18
NIFTY200 MOMENTUM 30,,,8709.3413,,,,2020-03-19
NIFTY200 MOMENTUM 30,,,9316.6688,,,,2020-03-20
NIFTY200 MOMENTUM 30,,,8103.2426,,,,2020-03-23
NIFTY200 MOMENTUM 30,,,8333.6693,,,,2020-03-24
NIFTY200 MOMENTUM 30,,,8871.4622,,,,2020-03-25
NIFTY200 MOMENTUM 30,,,9206.6558,,,,2020-03-26
NIFTY200 MOMENTUM 30,,,9100.3192,,,,2020-03-27
NIFTY200 MOMENTUM 30,,,8896.8517,,,,2020-03-30
NIFTY200 MOMENTUM 30,,,9252.3805,,,,2020-03-31
NIFTY200 MOMENTUM 30,,,8928.0064,,,,2020-04-01
NIFTY200 MOMENTUM 30,,,8797.1585,,,,2020-04-03
NIFTY200 MOMENTUM 30,,,9549.6869,,,,2020-04-07
NIFTY200 MOMENTUM 30,,,9541.0335,,15943.66,125234612.0,2020-04-08
NIFTY200 MOMENTUM 30,,,9859.8937,,,,2020-04-09
NIFTY200 MOMENTUM 30,,,9823.9983,,,,2020-04-13
NIFTY200 MOMENTUM 30,,,9870.6494,,,,2020-04-15
NIFTY200 MOMENTUM 30,,,9976.611,,,,2020-04-16
NIFTY200 MOMENTUM 30,,,10110.8806,,,,2020-04-17
NIFTY200 MOMENTUM 30,,,10074.2373,,,,2020-04-20
NIFTY200 MOMENTUM 30,,,9943.216,,,,2020-04-21
NIFTY200 MOMENTUM 30,,,10162.5951,,,,2020-04-22
NIFTY200 MOMENTUM 30,,,10220.2355,,,,2020-04-23
NIFTY200 MOMENTUM 30,,,10046.8773,,,,2020-04-24
NIFTY200 MOMENTUM 30,,,10260.1156,,,,2020-04-27
NIFTY200 MOMENTUM 30,,,10324.6256,,,,2020-04-28
NIFTY200 MOMENTUM 30,,,10382.0681,,,,2020-04-29
NIFTY200 MOMENTUM 30,,,10540.0427,,,,2020-04-30
NIFTY200 MOMENTUM 30,,,10060.6699,,,,2020-05-04
NIFTY200 MOMENTUM 30,,,9892.1822,,,,2020-05-05
NIFTY200 MOMENTUM 30,,,10007.5192,,,,2020-05-06
NIFTY200 MOMENTUM 30,,,9883.0474,,,,2020-05-07
NIFTY200 MOMENTUM 30,,,10012.3619,,15692.91,144053795.0,2020-05-08
NIFTY200 MOMENTUM 30,,,9964.9877,,,,2020-05-11
NIFTY200 MOMENTUM 30,,,9905.8247,,,,2020-05-12
NIFTY200 MOMENTUM 30,,,9985.7105,,,,2020-05-13
NIFTY200 MOMENTUM 30,,,9838.6027,,,,2020-05-14
NIFTY200 MOMENTUM 30,,,9876.0034,,,,2020-05-15
NIFTY200 MOMENTUM 30,,,9524.0814,,,,2020-05-18
NIFTY200 MOMENTUM 30,,,9606.091,,,,2020-05-19
NIFTY200 MOMENTUM 30,,,9814.6226,,,,2020-05-20
NIFTY200 MOMENTUM 30,,,9799.5411,,,,2020-05-21
NIFTY200 MOMENTUM 30,,,9716.321,,,,2020-05-22
NIFTY200 MOMENTUM 30,,,9706.3383,,,,2020-05-26
NIFTY200 MOMENTUM 30,,,9868.2026,,,,2020-05-27
NIFTY200 MOMENTUM 30,,,10001.2708,,,,2020-05-28
NIFTY200 MOMENTUM 30,,,10210.7019,,,,2020-05-29
NIFTY200 MOMENTUM 30,,,10410.4938,,,,2020-06-01
NIFTY200 MOMENTUM 30,,,10531.5412,,,,2020-06-02
NIFTY200 MOMENTUM 30,,,10653.0123,,,,2020-06-03
NIFTY200 MOMENTUM 30,,,10612.3236,,,,2020-06-04
NIFTY200 MOMENTUM 30,,,10710.5714,,,,2020-06-05
NIFTY200 MOMENTUM 30,,,10690.8874,,14260.87,127847999.0,2020-06-08
NIFTY200 MOMENTUM 30,,,10601.9418,,,,2020-06-09
NIFTY200 MOMENTUM 30,,,10642.6117,,,,2020-06-10
NIFTY200 MOMENTUM 30,,,10491.2065,,,,2020-06-11
NIFTY200 MOMENTUM 30,,,10610.327,,,,2020-06-12
NIFTY200 MOMENTUM 30,,,10433.2922,,16761.62,188331479.0,2020-06-15
NIFTY200 MOMENTUM 30,,,10485.379,,18225.75,213117008.0,2020-06-16
NIFTY200 MOMENTUM 30,,,10459.0917,,15112.6,167141692.0,2020-06-17
NIFTY200 MOMENTUM 30,,,10625.2987,,19035.86,220376925.0,2020-06-18
NIFTY200 MOMENTUM 30,,,10791.7121,,31889.99,323056533.0,2020-06-19
NIFTY200 MOMENTUM 30,,,10913.788,,20281.04,225190195.0,2020-06-22
NIFTY200 MOMENTUM 30,,,11093.4711,,18479.66,172769537.0,2020-06-23
NIFTY200 MOMENTUM 30,,,10923.614,,24153.24,239558516.0,2020-06-24
NIFTY200 MOMENTUM 30,,,10917.8007,,23890.97,260199951.0,2020-06-25
NIFTY200 MOMENTUM 30,,,10904.9887,,7735.62,79159925,2020-06-26
NIFTY200 MOMENTUM 30,,,10914.4154,,7856.57,82210144,2020-06-29
NIFTY200 MOMENTUM 30,,,10878.776,,8091.92,82108988,2020-06-30
NIFTY200 MOMENTUM 30,,,10813.1159,,7609.03,79443171,2020-07-01
NIFTY200 MOMENTUM 30,,,10867.4054,,8322.5,88580139,2020-07-02
NIFTY200 MOMENTUM 30,,,10949.5916,,7966.98,99008036,2020-07-03
NIFTY200 MOMENTUM 30,,,10973.5276,,9548.04,102540444,2020-07-06
NIFTY200 MOMENTUM 30,,,10988.1331,,9591.55,100538844,2020-07-07
NIFTY200 MOMENTUM 30,,,10950.574,,9147.49,99416658,2020-07-08
NIFTY200 MOMENTUM 30,,,11003.8056,,8416.09,80191465,2020-07-09
NIFTY200 MOMENTUM 30,,,11036.1676,,9638.98,92745691,2020-07-10
NIFTY200 MOMENTUM 30,,,11112.9991,,12769.78,114755570,2020-07-13
NIFTY200 MOMENTUM 30,,,11092.666,,13647.96,151490263,2020-07-14
NIFTY200 MOMENTUM 30,,,11059.4953,,18557.95,144407417,2020-07-15
NIFTY200 MOMENTUM 30,,,11177.6545,,12091.95,110716162,2020-07-16
NIFTY200 MOMENTUM 30,,,11329.2002,,13378.27,129768633,2020-07-17
NIFTY200 MOMENTUM 30,,,11404.8255,,10732.47,91298456,2020-07-20
NIFTY200 MOMENTUM 30,,,11280.6012,,10471.91,88972077,2020-07-21
NIFTY200 MOMENTUM 30,,,11257.5038,,13750.92,137965866,2020-07-22
NIFTY200 MOMENTUM 30,,,11346.2947,,11979.41,111084490,2020-07-23
NIFTY200 MOMENTUM 30,,,11264.6116,,18836.71,156578043,2020-07-24
NIFTY200 MOMENTUM 30,,,11203.8707,,14603.81,112943049,2020-07-27
NIFTY200 MOMENTUM 30,,,11251.0094,,11938.07,141496597,2020-07-28
NIFTY200 MOMENTUM 30,,,11358.8301,,16374.19,135404788,2020-07-29
NIFTY200 MOMENTUM 30,,,11426.7088,,19055.67,168701132,2020-07-30
NIFTY200 MOMENTUM 30,,,11586.3513,,18036.93,167371622,2020-07-31
NIFTY200 MOMENTUM 30,,,11543.0261,,12552.54,126353842,2020-08-03
NIFTY200 MOMENTUM 30,,,11687.9122,,15943.66,125234612,2020-08-04
NIFTY200 MOMENTUM 30,,,11698.9822,,15692.91,144053795,2020-08-05
NIFTY200 MOMENTUM 30,,,11810.5234,,14260.87,127847999,2020-08-06
NIFTY200 MOMENTUM 30,,,11929.7199,,14713.49,150992292,2020-08-07
NIFTY200 MOMENTUM 30,,,12184.3824,,17836.33,169206187,2020-08-10
NIFTY200 MOMENTUM 30,,,12074.2676,,13001.83,105523079,2020-08-11
NIFTY200 MOMENTUM 30,,,11961.2565,,10545.28,96932737,2020-08-12
NIFTY200 MOMENTUM 30,,,11943.142,,11678.72,132832589,2020-08-13
NIFTY200 MOMENTUM 30,,,11948.0882,,14183.65,140317323,2020-08-14
NIFTY200 MOMENTUM 30,,,11974.7679,,9791.76,95285454,2020-08-17
NIFTY200 MOMENTUM 30,,,12068.387,,9836.83,85927113,2020-08-18
NIFTY200 MOMENTUM 30,,,12078.616,,10698.07,102638061,2020-08-19
NIFTY200 MOMENTUM 30,,,12061.6847,,9666.46,115138200,2020-08-20
NIFTY200 MOMENTUM 30,,,12117.0209,,10937.98,192596939,2020-08-21
NIFTY200 MOMENTUM 30,,,12148.4401,,11070.68,156197237,2020-08-24
NIFTY200 MOMENTUM 30,,,12114.53,,8699.32,104051811,2020-08-25
NIFTY200 MOMENTUM 30,,,12085.56,,12313.17,137530752,2020-08-26
NIFTY200 MOMENTUM 30,,,12092.02,,10080.61,151550395,2020-08-27
NIFTY200 MOMENTUM 30,,,12065.67,,9414.06,197330553,2020-08-28
NIFTY200 MOMENTUM 30,,,11659.47,,23484.92,322066035,2020-08-31
NIFTY200 MOMENTUM 30,,,11933.25,,14541.07,185311647,2020-09-01
NIFTY200 MOMENTUM 30,,,12040.66,,11357.1,127273851,2020-09-02
NIFTY200 MOMENTUM 30,,,12124.93,,9118.95,100019506,2020-09-03
NIFTY200 MOMENTUM 30,,,11916.62,,10353.42,113462433,2020-09-04
NIFTY200 MOMENTUM 30,,,11865.42,,8416.09,80191465,2020-09-07
NIFTY200 MOMENTUM 30,,,11744.71,,9894.74,99559274,2020-09-08
NIFTY200 MOMENTUM 30,,,11877.69,,14018.91,139362768,2020-09-09
NIFTY200 MOMENTUM 30,,,11999.55,,22057.17,151873279,2020-09-10
NIFTY200 MOMENTUM 30,,,12070.75,,13083.59,103683497,2020-09-11
NIFTY200 MOMENTUM 30,,,12041.8,,12449.39,131343300,2020-09-14
NIFTY200 MOMENTUM 30,,,12170.41,,11789.32,118884122,2020-09-15
NIFTY200 MOMENTUM 30,,,12277.94,,11830.09,100213210,2020-09-16
NIFTY200 MOMENTUM 30,,,12255.11,,12572.41,89135973,2020-09-17
NIFTY200 MOMENTUM 30,,,12437.02,,31128.06,253651685,2020-09-18
NIFTY200 MOMENTUM 30,,,11975.54,,18867.65,143254175,2020-09-21
NIFTY200 MOMENTUM 30,,,11917.06,,15146.19,132043973,2020-09-22
NIFTY200 MOMENTUM 30,,,11835.0,,16032.87,168213497,2020-09-23
NIFTY200 MOMENTUM 30,,,11592.13,,14518.79,143540154,2020-09-24
NIFTY200 MOMENTUM 30,,,11892.57,,12380.3,161474878,2020-09-25
NIFTY200 MOMENTUM 30,,,12081.67,,10290.83,108252073,2020-09-28
NIFTY200 MOMENTUM 30,,,12022.85,,10595.14,113932464,2020-09-29
NIFTY200 MOMENTUM 30,,,12090.36,,13755.65,139785527,2020-09-30
NIFTY200 MOMENTUM 30,,,12194.04,,8951.51,101660608,2020-10-01
NIFTY200 MOMENTUM 30,,,12207.11,,8368.55,85597615,2020-10-05
NIFTY200 MOMENTUM 30,,,12231.6,,8764.34,78853478,2020-10-06
NIFTY200 MOMENTUM 30,,,12249.08,,12140.04,96545780,2020-10-07
NIFTY200 MOMENTUM 30,,,12346.36,,9462.97,96998698,2020-10-08
NIFTY200 MOMENTUM 30,,,12206.0,,9667.21,96500631,2020-10-09
NIFTY200MOMENTM30,12242.85,12259.9,12246.7,12168.8,7934.9,91010957,2020-10-12
NIFTY200MOMENTM30,12244.0,12357.0,12166.1,12145.4,12002.8,116995561,2020-10-13
NIFTY200MOMENTM30,12169.05,12225.8,12207.7,12114.55,9743.21,86771197,2020-10-14
NIFTY200MOMENTM30,12230.75,12265.2,12016.05,11988.3,9780.41,95475187,2020-10-15
NIFTY200MOMENTM30,12052.2,12161.55,12121.95,12002.6,9754.75,94045557,2020-10-16
NIFTY200MOMENTM30,12195.2,12199.65,12082.2,12057.05,9562.34,85139304,2020-10-19
NIFTY200MOMENTM30,12070.6,12154.35,12095.3,12050.35,10537.76,88958124,2020-10-20
NIFTY200MOMENTM30,12143.55,12156.3,12010.65,11866.1,12057.32,100414361,2020-10-21
NIFTY200MOMENTM30,12010.9,12011.45,11951.6,11838.65,13209.55,112132692,2020-10-22
NIFTY200MOMENTM30,11992.1,12045.85,12003.5,11968.1,10053.58,94547882,2020-10-23
NIFTY200MOMENTM30,12046.95,12050.0,11871.15,11807.65,10169.76,88217554,2020-10-26
NIFTY200MOMENTM30,11888.55,12200.25,12172.95,11873.8,13350.77,107104736,2020-10-27
NIFTY200MOMENTM30,12191.75,12276.9,12048.85,12024.4,16050.17,197450594,2020-10-28
NIFTY200MOMENTM30,11982.1,12119.3,12071.25,11946.6,11161.33,111173139,2020-10-29
NIFTY200MOMENTM30,12095.55,12155.95,12018.25,11957.95,10580.08,92547010,2020-10-30
NIFTY200MOMENTM30,12023.35,12057.05,11917.4,11858.9,14992.14,118843572,2020-11-02
NIFTY200MOMENTM30,11986.6,12040.3,11946.45,11913.4,15723.38,144547080,2020-11-03
NIFTY200MOMENTM30,11978.75,12112.3,12068.6,11975.15,13908.17,115214550,2020-11-04
NIFTY200MOMENTM30,12183.1,12271.0,12265.25,12145.55,11315.64,94461314,2020-11-05
NIFTY200MOMENTM30,12292.0,12332.85,12270.6,12241.85,13855.22,106829132,2020-11-06
NIFTY200MOMENTM30,12432.5,12434.2,12414.2,12313.9,14306.53,123968283,2020-11-09
NIFTY200MOMENTM30,12449.75,12452.0,12098.3,12042.25,13787.94,126224689,2020-11-10
NIFTY200MOMENTM30,12154.25,12292.85,12280.9,12102.15,16391.91,138265449,2020-11-11
NIFTY200MOMENTM30,12281.4,12450.95,12376.05,12247.15,14017.81,126712727,2020-11-12
NIFTY200MOMENTM30,12394.75,12495.8,12487.2,12387.5,11994.8,93825195,2020-11-13
NIFTY200MOMENTM30,12565.9,12569.15,12517.0,12490.25,1381.09,12923119,2020-11-14
NIFTY200MOMENTM30,12607.85,12607.85,12497.9,12473.75,12233.48,102485914,2020-11-17
NIFTY200MOMENTM30,12498.75,12511.15,12480.95,12417.9,10131.06,96833180,2020-11-18
NIFTY200MOMENTM30,12447.15,12561.8,12388.7,12362.75,10434.04,101819168,2020-11-19
NIFTY200MOMENTM30,12430.9,12494.1,12453.3,12396.1,12157.94,92894122,2020-11-20
NIFTY200MOMENTM30,12517.4,12649.3,12596.75,12486.45,13376.61,127268522,2020-11-23
NIFTY200MOMENTM30,12653.7,12674.4,12649.6,12578.35,10994.53,120163195,2020-11-24
NIFTY200MOMENTM30,12718.85,12719.2,12416.4,12394.25,10324.28,92433190,2020-11-25
NIFTY200MOMENTM30,12455.85,12566.5,12540.25,12358.5,9117.46,81719814,2020-11-26
NIFTY200MOMENTM30,12601.05,12751.3,12700.75,12574.5,29588.16,279241323,2020-11-27
NIFTY200MOMENTM30,12912.4,12912.4,12739.2,12693.25,9993.72,95545603,2020-12-01
NIFTY200MOMENTM30,12767.3,12826.1,12813.15,12692.9,9267.01,93024607,2020-12-02
NIFTY200MOMENTM30,12883.0,12940.3,12925.0,12823.9,9784.95,86938797,2020-12-03
NIFTY200MOMENTM30,12965.55,13038.35,13026.7,12922.35,10000.05,112954248,2020-12-04
NIFTY200MOMENTM30,13031.4,13152.05,13138.1,13025.75,9953.44,96228194,2020-12-07
NIFTY200MOMENTM30,13176.0,13205.9,13088.4,13012.95,10862.15,97148504,2020-12-08
NIFTY200MOMENTM30,13147.1,13187.6,13161.4,13119.2,8860.3,112960951,2020-12-09
NIFTY200MOMENTM30,13153.15,13282.8,13272.8,13116.4,9415.82,83138228,2020-12-10
NIFTY200MOMENTM30,13295.2,13349.85,13226.6,13118.4,8948.4,76421483,2020-12-11
NIFTY200MOMENTM30,13282.2,13320.55,13306.05,13246.35,8984.87,90896007,2020-12-14
NIFTY200MOMENTM30,13317.85,13322.65,13240.4,13216.0,8899.06,121535966,2020-12-15
NIFTY200MOMENTM30,13312.55,13381.15,13364.35,13282.15,8595.1,98501911,2020-12-16
NIFTY200MOMENTM30,13382.4,13484.9,13394.5,13372.2,10940.86,90688546,2020-12-17
NIFTY200MOMENTM30,13422.65,13498.5,13481.8,13367.85,12606.55,93649900,2020-12-18
NIFTY200MOMENTM30,13473.3,13505.45,13055.05,12774.7,13684.42,131415940,2020-12-21
NIFTY200MOMENTM30,13084.25,13323.3,13285.45,12835.5,10625.85,111384729,2020-12-22
NIFTY200MOMENTM30,13303.0,13526.45,13505.35,13267.7,8581.71,87405673,2020-12-23
NIFTY200MOMENTM30,13592.0,13604.0,13553.7,13427.7,8279.04,87919278,2020-12-24
NIFTY200MOMENTM30,13623.45,13630.95,13589.95,13553.3,7172.14,76283463,2020-12-28
NIFTY200MOMENTM30,13641.2,13662.6,13577.4,13509.65,8312.91,118429825,2020-12-29
NIFTY200MOMENTM30,13621.4,13655.65,13636.05,13527.95,7982.28,208584900,2020-12-30
NIFTY200MOMENTM30,13628.4,13702.05,13654.7,13603.65,9058.91,135883130,2020-12-31
NIFTY200MOMENTM30,13672.7,13789.25,13751.8,13668.3,7568.68,92595071,2021-01-01
NIFTY200MOMENTM30,13826.65,14012.3,13994.85,13772.05,12128.58,158999610,2021-01-04
NIFTY200MOMENTM30,13947.9,14147.05,14120.9,13887.45,13467.06,139196834,2021-01-05
NIFTY200MOMENTM30,14160.85,14215.45,14065.9,13914.75,13349.54,133632908,2021-01-06
NIFTY200MOMENTM30,14168.8,14228.05,14148.95,14126.9,12854.59,152363922,2021-01-07
NIFTY200MOMENTM30,14258.75,14417.6,14396.4,14232.25,13693.0,162026238,2021-01-08
NIFTY200MOMENTM30,14474.35,14578.9,14554.8,14362.3,15057.17,173417169,2021-01-11
NIFTY200MOMENTM30,14555.6,14624.85,14490.35,14465.55,13278.25,143782083,2021-01-12
NIFTY200MOMENTM30,14567.8,14596.25,14468.6,14272.1,14592.84,162608737,2021-01-13
NIFTY200MOMENTM30,14458.4,14458.4,14395.1,14274.95,16339.77,196312071,2021-01-14
NIFTY200MOMENTM30,14420.6,14464.7,14142.0,14069.95,14947.11,167718628,2021-01-15
NIFTY200MOMENTM30,14148.95,14157.05,13851.15,13778.65,13205.02,150962411,2021-01-18
NIFTY200MOMENTM30,13939.7,14107.6,14080.75,13929.2,13307.1,143523201,2021-01-19
NIFTY200MOMENTM30,14133.15,14340.55,14324.7,14126.85,13374.62,164572817,2021-01-20
NIFTY200MOMENTM30,14442.1,14487.15,14255.75,14176.7,18755.54,213289720,2021-01-21
NIFTY200MOMENTM30,14280.6,14349.15,14036.95,13996.2,16597.99,241629381,2021-01-22
NIFTY200MOMENTM30,14160.2,14220.6,13932.3,13801.15,15165.75,196035198,2021-01-25
NIFTY200MOMENTM30,13950.9,13950.9,13679.2,13643.25,13462.3,170313958,2021-01-27
NIFTY200MOMENTM30,13537.05,13684.3,13597.5,13506.2,13100.24,152492656,2021-01-28
NIFTY200MOMENTM30,13721.05,13741.85,13206.2,13156.5,16291.44,183054800,2021-01-29
NIFTY200MOMENTM30,13269.25,13661.5,13609.3,13088.45,14437.17,166112337,2021-02-01
NIFTY200MOMENTM30,13769.15,13927.65,13899.55,13696.85,15567.53,167503588,2021-02-02
NIFTY200MOMENTM30,14007.2,14214.6,14083.6,13914.85,16076.35,172259833,2021-02-03
NIFTY200MOMENTM30,14123.25,14286.8,14249.25,14070.85,15841.94,205904247,2021-02-04
NIFTY200MOMENTM30,14344.35,14347.15,14284.05,14134.65,16130.22,181885101,2021-02-05
NIFTY200MOMENTM30,14405.9,14620.8,14590.2,14397.05,15294.04,164587068,2021-02-08
NIFTY200MOMENTM30,14642.55,14719.65,14512.5,14445.6,17034.91,188480429,2021-02-09
NIFTY200MOMENTM30,14581.8,14664.5,14626.1,14443.9,16932.88,190563227,2021-02-10
NIFTY200MOMENTM30,14613.9,14727.25,14715.4,14590.2,10462.88,115895021,2021-02-11
NIFTY200MOMENTM30,14759.4,14793.8,14693.2,14616.75,11317.7,129402336,2021-02-12
NIFTY200MOMENTM30,14763.65,14927.65,14895.0,14715.95,13387.06,138825344,2021-02-15
NIFTY200MOMENTM30,14932.2,15028.05,14922.65,14827.05,15678.82,180810496,2021-02-16
NIFTY200MOMENTM30,14901.3,14950.55,14801.95,14749.7,11832.55,122106222,2021-02-17
NIFTY200MOMENTM30,14832.2,14897.05,14805.95,14766.65,12264.01,117981206,2021-02-18
NIFTY200MOMENTM30,14786.65,14789.8,14542.0,14402.4,13237.09,144079844,2021-02-19
NIFTY200MOMENTM30,14560.15,14618.2,14364.9,14304.35,13460.29,152559117,2021-02-22
NIFTY200MOMENTM30,14442.65,14502.15,14456.05,14273.05,13956.5,161125945,2021-02-23
NIFTY200MOMENTM30,14553.55,14571.5,14491.6,14369.55,8822.28,102509827,2021-02-24
NIFTY200MOMENTM30,14596.0,14721.85,14671.35,14592.05,12553.2,133952554,2021-02-25
NIFTY200MOMENTM30,14490.3,14642.95,14255.15,14193.45,17001.23,170893877,2021-02-26
NIFTY200MOMENTM30,14367.3,14512.45,14476.1,14344.2,9677.3,111017052,2021-03-01
NIFTY200MOMENTM30,14580.9,14785.8,14749.2,14558.15,11178.45,113705273,2021-03-02
NIFTY200MOMENTM30,14882.75,15029.5,15009.35,14836.25,12044.79,134992671,2021-03-03
NIFTY200MOMENTM30,14833.4,15045.7,14925.05,14800.85,11878.89,128777162,2021-03-04
NIFTY200MOMENTM30,14852.6,14891.9,14633.85,14567.4,11871.26,154350903,2021-03-05
NIFTY200MOMENTM30,14727.3,14777.9,14639.45,14623.4,7953.16,90202045,2021-03-08
NIFTY200MOMENTM30,14729.0,14755.0,14597.2,14480.6,9265.48,106061558,2021-03-09
NIFTY200MOMENTM30,14719.6,14825.25,14802.6,14674.05,10484.2,118697977,2021-03-10
NIFTY200MOMENTM30,14897.65,14954.95,14724.7,14674.0,10695.3,113837001,2021-03-12
NIFTY200MOMENTM30,14781.6,14785.75,14696.35,14492.6,9204.09,96754880,2021-03-15
NIFTY200MOMENTM30,14771.25,14791.25,14750.6,14675.95,10257.92,100286940,2021-03-16
NIFTY200MOMENTM30,14760.65,14773.05,14502.0,14472.8,8176.32,87236357,2021-03-17
NIFTY200MOMENTM30,14622.5,14642.0,14245.6,14130.95,10712.67,108429251,2021-03-18
NIFTY200MOMENTM30,14163.5,14506.2,14476.55,13903.95,15441.8,161915764,2021-03-19
NIFTY200MOMENTM30,14499.65,14761.65,14720.55,14421.45,10442.75,114170707,2021-03-22
NIFTY200MOMENTM30,14767.15,14918.0,14834.6,14751.3,11598.34,120619036,2021-03-23
NIFTY200MOMENTM30,14758.3,14873.0,14626.7,14599.15,11921.78,123924034,2021-03-24
NIFTY200MOMENTM30,14667.65,14672.25,14371.5,14295.75,13250.63,149239110,2021-03-25
NIFTY200MOMENTM30,14511.25,14699.15,14608.6,14464.4,12214.49,137910293,2021-03-26
NIFTY200MOMENTM30,14761.0,14944.2,14914.4,14746.4,14551.49,158128789,2021-03-30
NIFTY200MOMENTM30,14939.1,15003.9,14935.1,14891.3,11096.91,111379978,2021-03-31
NIFTY200MOMENTM30,15037.65,15295.5,15265.7,15021.9,13499.77,157616021,2021-04-01
NIFTY200MOMENTM30,15306.75,15348.35,15225.1,15013.55,15884.94,172012365,2021-04-05
NIFTY200MOMENTM30,15323.25,15532.5,15512.2,15200.45,14331.21,153335845,2021-04-06
NIFTY200MOMENTM30,15546.55,15742.05,15718.2,15511.1,13994.57,139533133,2021-04-07
NIFTY200MOMENTM30,15803.35,16068.95,15930.8,15773.35,19099.73,229787894,2021-04-08
NIFTY200MOMENTM30,15954.5,16067.5,16033.1,15895.1,17985.73,201632050,2021-04-09
NIFTY200MOMENTM30,15869.15,15870.75,15449.5,15365.55,22493.74,224463406,2021-04-12
NIFTY200MOMENTM30,15549.85,15661.1,15552.7,15326.6,18654.0,200282720,2021-04-13
NIFTY200MOMENTM30,15560.7,15646.15,15627.65,15354.85,18174.35,196360208,2021-04-15
NIFTY200MOMENTM30,15693.5,15962.05,15869.9,15666.55,19194.32,251764084,2021-04-16
NIFTY200MOMENTM30,15557.35,15854.25,15773.4,15429.5,19033.9,202272151,2021-04-19
NIFTY200MOMENTM30,15966.35,16023.25,15887.2,15739.0,18300.13,187478160,2021-04-20
NIFTY200MOMENTM30,15863.75,16053.95,15978.05,15808.55,18024.06,205066121,2021-04-22
NIFTY200MOMENTM30,15977.55,16094.65,15907.95,15788.25,15885.54,167390952,2021-04-23
NIFTY200MOMENTM30,15999.25,16046.95,15977.7,15957.9,15399.76,170070801,2021-04-26
NIFTY200MOMENTM30,16043.2,16202.55,16184.8,16032.1,12799.57,137668005,2021-04-27
NIFTY200MOMENTM30,16293.1,16339.95,16259.55,16202.8,16270.49,151885009,2021-04-28
NIFTY200MOMENTM30,16364.05,16480.35,16466.65,16317.45,21008.22,215718727,2021-04-29
NIFTY200MOMENTM30,16370.3,16587.15,16351.85,16303.95,19244.79,213008574,2021-04-30
NIFTY200MOMENTM30,16261.05,16555.4,16528.25,16198.0,14336.76,139881022,2021-05-03
NIFTY200MOMENTM30,16643.35,16667.25,16345.1,16297.1,14839.23,137050493,2021-05-04
NIFTY200MOMENTM30,16475.35,16545.8,16524.0,16326.75,15153.95,145697004,2021-05-05
NIFTY200MOMENTM30,16597.4,16734.95,16707.9,16539.95,18566.17,192429138,2021-05-06
NIFTY200MOMENTM30,16804.85,16839.25,16785.6,16723.85,18830.28,191048657,2021-05-07
NIFTY200MOMENTM30,16907.3,16975.55,16947.75,16824.9,16007.6,158518418,2021-05-10
NIFTY200MOMENTM30,16785.1,16914.5,16863.75,16721.05,15779.51,158456016,2021-05-11
NIFTY200MOMENTM30,16910.6,16910.6,16598.3,16521.5,15436.75,162096302,2021-05-12
NIFTY200MOMENTM30,16710.45,16710.45,16418.7,16293.8,22477.72,247750645,2021-05-14
NIFTY200MOMENTM30,16478.85,16661.1,16636.2,16365.85,16229.39,158442108,2021-05-17
NIFTY200MOMENTM30,16797.95,16942.95,16921.35,16784.45,15073.81,140176443,2021-05-18
NIFTY200MOMENTM30,16920.35,17001.5,16880.2,16830.5,12510.67,115362353,2021-05-19
NIFTY200MOMENTM30,16863.75,16893.85,16804.35,16710.85,14205.86,157184758,2021-05-20
NIFTY200MOMENTM30,16909.6,16933.15,16877.35,16861.45,11505.03,110273084,2021-05-21
NIFTY200MOMENTM30,16906.15,16921.6,16808.9,16795.8,12153.5,129511443,2021-05-24
NIFTY200MOMENTM30,16910.25,16993.6,16887.25,16838.55,11647.05,117895206,2021-05-25
NIFTY200MOMENTM30,16891.6,16979.75,16956.95,16786.5,12725.71,128012672,2021-05-26
NIFTY200MOMENTM30,17003.05,17062.7,17008.15,16920.35,24585.01,249871210,2021-05-27
NIFTY200MOMENTM30,17093.2,17114.1,17014.1,16995.2,10916.34,111574376,2021-05-28
NIFTY200MOMENTM30,17040.4,17158.75,17124.4,16936.95,13196.61,117187297,2021-05-31
NIFTY200MOMENTM30,17178.95,17207.0,17178.25,16992.7,12410.34,114096014,2021-06-01
NIFTY200MOMENTM30,17168.75,17446.85,17418.0,17165.6,14950.7,125392504,2021-06-02
NIFTY200MOMENTM30,17510.4,17639.1,17612.2,17480.9,15782.27,131094904,2021-06-03
NIFTY200MOMENTM30,17648.8,17766.05,17731.6,17582.05,13064.15,105361609,2021-06-04
NIFTY200MOMENTM30,17772.6,17796.1,17674.4,17649.7,11879.36,105940445,2021-06-07
NIFTY200MOMENTM30,17708.55,17733.65,17715.0,17555.6,12027.92,108902047,2021-06-08
NIFTY200MOMENTM30,17756.75,17796.05,17589.8,17487.45,11820.57,110626483,2021-06-09
NIFTY200MOMENTM30,17668.4,17836.4,17822.95,17659.6,11674.64,91290818,2021-06-10
NIFTY200MOMENTM30,17904.6,17996.15,17974.2,17795.6,13488.27,116959712,2021-06-11
NIFTY200MOMENTM30,17854.9,17960.15,17930.6,17529.05,16041.81,133194435,2021-06-14
NIFTY200MOMENTM30,18020.35,18057.7,17998.6,17958.55,11992.74,90325051,2021-06-15
NIFTY200MOMENTM30,17971.65,18021.7,17774.35,17724.85,12677.3,108229877,2021-06-16
NIFTY200MOMENTM30,17594.3,17780.35,17617.15,17521.8,13623.73,114105644,2021-06-17
NIFTY200MOMENTM30,17641.9,17670.35,17595.65,17178.15,21448.7,191143518,2021-06-18
NIFTY200MOMENTM30,17430.7,17667.95,17649.45,17344.7,11057.74,100531950,2021-06-21
NIFTY200MOMENTM30,17732.95,17774.35,17674.85,17648.5,10034.36,84937018,2021-06-22
NIFTY200MOMENTM30,17774.4,17786.6,17522.2,17502.45,8959.43,81708633,2021-06-23
NIFTY200MOMENTM30,17564.95,17649.1,17626.6,17515.7,9232.24,82418922,2021-06-24
NIFTY200MOMENTM30,17710.85,17846.3,17829.65,17703.25,10738.03,92270089,2021-06-25
NIFTY200MOMENTM30,17897.95,17971.4,17926.2,17847.45,8280.1,77773092,2021-06-28
NIFTY200MOMENTM30,17924.35,18021.7,17887.1,17850.0,9218.59,85345481,2021-06-29
NIFTY200MOMENTM30,17968.85,18029.2,17842.65,17819.25,10621.68,256568099,2021-06-30
NIFTY200MOMENTM30,17902.95,17916.2,17834.25,17805.6,9814.61,220378768,2021-07-01
NIFTY200MOMENTM30,17881.15,17903.8,17789.2,17735.65,11243.93,249852175,2021-07-02
NIFTY200MOMENTM30,17885.7,17955.55,17933.85,17839.45,11657.42,289409321,2021-07-05
NIFTY200MOMENTM30,17943.8,18059.4,17800.5,17758.1,18054.79,436459294,2021-07-06
NIFTY200MOMENTM30,17823.85,18017.9,17992.05,17729.25,16602.57,482084375,2021-07-07
NIFTY200MOMENTM30,18001.25,18039.75,17743.25,17672.55,13363.61,370992773,2021-07-08
NIFTY200MOMENTM30,17730.7,17930.0,17905.75,17708.9,12191.2,283424064,2021-07-09
NIFTY200MOMENTM30,18039.2,18080.8,17921.6,17855.1,11329.63,249560683,2021-07-12
NIFTY200MOMENTM30,18031.0,18033.2,17982.0,17915.45,9709.68,219863403,2021-07-13
NIFTY200MOMENTM30,18046.0,18093.95,18063.6,17977.9,13055.84,240916338,2021-07-14
NIFTY200MOMENTM30,18088.55,18208.1,18173.15,18075.65,13516.13,239818587,2021-07-15
NIFTY200MOMENTM30,18237.75,18267.45,18246.15,18169.1,12161.71,267690259,2021-07-16
NIFTY200MOMENTM30,18118.45,18268.25,18087.85,17970.6,12609.33,315479593,2021-07-19
NIFTY200MOMENTM30,18056.45,18077.15,17883.4,17716.4,13977.97,297410650,2021-07-20
NIFTY200MOMENTM30,18059.25,18289.95,18256.45,18052.75,14707.88,268265388,2021-07-22
NIFTY200MOMENTM30,18323.95,18358.9,18215.2,18188.85,11826.6,301821352,2021-07-23
NIFTY200MOMENTM30,18273.0,18338.8,18246.95,18149.85,11346.97,253815663,2021-07-26
NIFTY200MOMENTM30,18325.65,18433.5,18229.15,18129.2,13609.62,304569449,2021-07-27
NIFTY200MOMENTM30,18275.3,18281.5,18269.55,17959.1,12303.93,312112395,2021-07-28
NIFTY200MOMENTM30,18368.75,18785.9,18741.05,18349.85,21727.29,535753498,2021-07-29
NIFTY200MOMENTM30,18762.95,18950.85,18737.05,18694.6,17783.55,412009898,2021-07-30
NIFTY200MOMENTM30,18873.4,18979.7,18936.45,18755.2,13878.88,392389970,2021-08-02
NIFTY200MOMENTM30,19034.45,19085.5,19063.65,18917.8,15119.24,314405370,2021-08-03
NIFTY200MOMENTM30,19151.9,19241.05,18963.95,18882.75,17739.41,386312236,2021-08-04
NIFTY200MOMENTM30,18989.65,19054.2,19025.6,18759.4,15074.73,384262966,2021-08-05
NIFTY200MOMENTM30,19092.3,19187.1,19054.3,19030.55,16511.65,325055008,2021-08-06
NIFTY200MOMENTM30,19140.1,19145.1,18857.85,18767.65,12407.79,305930482,2021-08-09
NIFTY200MOMENTM30,18907.55,18939.75,18589.35,18441.65,11699.42,269973910,2021-08-10
NIFTY200MOMENTM30,18663.55,18834.85,18811.4,18486.05,14623.38,350680989,2021-08-11
NIFTY200MOMENTM30,18871.05,18965.35,18948.9,18818.2,11071.22,248233984,2021-08-12
NIFTY200MOMENTM30,18959.15,19081.6,19014.05,18835.5,14936.11,317539912,2021-08-13
NIFTY200MOMENTM30,19030.45,19179.4,19110.8,18980.6,14889.71,251963765,2021-08-16
NIFTY200MOMENTM30,19107.35,19225.45,19037.45,18837.05,20523.96,338046864,2021-08-17
NIFTY200MOMENTM30,19061.1,19106.95,19000.45,18911.55,15181.24,261900314,2021-08-18
NIFTY200MOMENTM30,18700.95,18824.85,18431.75,18340.7,20706.04,386732809,2021-08-20
NIFTY200MOMENTM30,18629.3,18670.85,18349.95,18159.5,18403.25,392821085,2021-08-23
NIFTY200MOMENTM30,18509.35,18744.75,18704.5,18453.15,16719.51,324730267,2021-08-24
NIFTY200MOMENTM30,18779.75,18854.45,18732.4,18674.05,13598.21,258852516,2021-08-25
NIFTY200MOMENTM30,18743.65,18788.65,18608.55,18525.25,12166.03,273677445,2021-08-26
NIFTY200MOMENTM30,18649.75,18854.05,18830.55,18643.6,12097.46,267256010,2021-08-27
NIFTY200MOMENTM30,18951.65,19151.55,19124.55,18944.5,12702.56,244834629,2021-08-30
NIFTY200MOMENTM30,19171.9,19457.7,19420.55,19126.45,21632.32,329487629,2021-08-31
NIFTY200MOMENTM30,19505.75,19505.75,19423.6,19292.75,14187.75,309488088,2021-09-01
NIFTY200MOMENTM30,19484.75,19638.3,19604.15,19451.4,11348.51,220532821,2021-09-02
NIFTY200MOMENTM30,19647.35,19758.25,19735.95,19556.3,11097.09,232440197,2021-09-03
NIFTY200MOMENTM30,19813.45,19910.65,19854.3,19741.15,10789.14,211322058,2021-09-06
NIFTY200MOMENTM30,19914.45,19934.55,19751.65,19653.05,9998.7,207445293,2021-09-07
NIFTY200MOMENTM30,19793.2,19869.95,19763.55,19657.05,9643.34,178926157,2021-09-08
NIFTY200MOMENTM30,19731.4,19834.3,19816.95,19692.85,7877.89,165803557,2021-09-09
NIFTY200MOMENTM30,19854.9,19978.2,19960.1,19797.1,9636.33,180292083,2021-09-13
NIFTY200MOMENTM30,20047.45,20048.85,19976.95,19930.3,9868.25,212295919,2021-09-14
NIFTY200MOMENTM30,20026.05,20195.55,20174.8,19972.0,12155.67,265120555,2021-09-15
NIFTY200MOMENTM30,20244.95,20302.7,20182.4,20095.4,11480.87,241216649,2021-09-16
NIFTY200MOMENTM30,20245.5,20247.35,19935.8,19839.5,18014.37,324095694,2021-09-17
NIFTY200MOMENTM30,19701.25,19773.25,19233.55,19175.95,14350.82,299273145,2021-09-20
NIFTY200MOMENTM30,19257.55,19630.6,19603.3,19128.95,15134.96,291870371,2021-09-21
NIFTY200MOMENTM30,19654.4,19833.15,19779.65,19650.75,12414.02,258754882,2021-09-22
NIFTY200MOMENTM30,19974.55,20112.5,20093.0,19943.85,12303.89,258542124,2021-09-23
NIFTY200MOMENTM30,20182.05,20205.8,19900.35,19853.15,15397.9,279984900,2021-09-24
NIFTY200MOMENTM30,19987.15,19989.1,19832.95,19747.45,12365.62,221999002,2021-09-27
NIFTY200MOMENTM30,19881.6,19910.3,19624.95,19498.15,12550.47,307424324,2021-09-28
NIFTY200MOMENTM30,19511.35,19938.9,19857.75,19466.8,16083.39,508622553,2021-09-29
NIFTY200MOMENTM30,19910.0,19960.0,19793.4,19760.95,14786.22,418336842,2021-09-30
NIFTY200MOMENTM30,19710.7,19799.4,19753.45,19527.35,11971.51,349405309,2021-10-01
NIFTY200MOMENTM30,19837.45,20171.3,20153.9,19772.15,13274.93,373281801,2021-10-04
NIFTY200MOMENTM30,20113.6,20341.25,20247.5,20083.7,14320.28,411730692,2021-10-05
NIFTY200MOMENTM30,20330.15,20407.45,19914.4,19865.05,14957.82,351003450,2021-10-06
NIFTY200MOMENTM30,20122.55,20304.45,20203.9,20073.15,16173.23,376433172,2021-10-07
NIFTY200MOMENTM30,20347.5,20457.8,20353.05,20288.65,14504.7,324651282,2021-10-08
NIFTY200MOMENTM30,20396.4,20710.85,20575.4,20353.1,16831.22,453876372,2021-10-11
NIFTY200MOMENTM30,20630.1,20765.5,20746.85,20463.4,17421.58,549131306,2021-10-12
NIFTY200MOMENTM30,20968.8,21512.1,21412.65,20911.4,32840.67,1025586170,2021-10-13
NIFTY200MOMENTM30,21745.25,21918.35,21793.25,21600.9,31270.58,579580192,2021-10-14
NIFTY200MOMENTM30,22126.7,22463.55,22290.75,22023.3,28662.72,734863422,2021-10-18
NIFTY200MOMENTM30,22487.55,22498.5,21829.6,21716.6,23873.14,572276930,2021-10-19
NIFTY200MOMENTM30,21799.0,21799.0,21507.6,21295.4,21951.4,538216471,2021-10-20
NIFTY200MOMENTM30,21643.65,21643.65,21213.75,20977.25,20539.23,399456288,2021-10-21
NIFTY200MOMENTM30,21229.05,21294.35,20775.7,20654.15,17119.73,341535453,2021-10-22
NIFTY200MOMENTM30,20849.75,20853.9,20594.7,20202.55,14996.01,329360728,2021-10-25
NIFTY200MOMENTM30,20671.05,21132.75,21080.45,20645.05,16449.01,375190472,2021-10-26
NIFTY200MOMENTM30,21151.7,21178.7,20979.0,20927.85,16048.05,315117072,2021-10-27
NIFTY200MOMENTM30,20809.05,20809.05,20366.5,20286.65,16994.62,371254981,2021-10-28
NIFTY200MOMENTM30,20360.1,20679.0,20399.3,20101.0,16547.04,437113542,2021-10-29
NIFTY200MOMENTM30,20650.9,20848.95,20815.4,20430.55,15280.55,465821501,2021-11-01
NIFTY200MOMENTM30,20949.0,20987.25,20739.0,20710.6,13528.19,344070655,2021-11-02
NIFTY200MOMENTM30,20804.25,20920.6,20875.25,20748.75,13824.96,313178726,2021-11-03
NIFTY200MOMENTM30,21005.85,21054.7,20938.95,20906.2,2202.19,54232669,2021-11-04
NIFTY200MOMENTM30,21070.4,21280.9,21257.4,20821.55,12995.88,289227030,2021-11-08
NIFTY200MOMENTM30,21288.1,21459.95,21361.9,21245.85,15693.02,399042762,2021-11-09
NIFTY200MOMENTM30,21260.2,21337.55,21255.3,21156.95,13508.32,405955626,2021-11-10
NIFTY200MOMENTM30,21242.15,21321.3,21132.65,21038.6,12902.5,257548833,2021-11-11
NIFTY200MOMENTM30,21322.45,21432.9,21404.5,21166.85,13899.31,257306989,2021-11-12
NIFTY200MOMENTM30,21494.15,21551.55,21401.55,21379.0,11289.68,179398006,2021-11-15
NIFTY200MOMENTM30,21425.1,21567.0,21349.25,21299.2,14103.26,255178093,2021-11-16
NIFTY200MOMENTM30,21312.4,21566.85,21449.05,21287.9,15953.26,245742181,2021-11-17
NIFTY200MOMENTM30,21496.5,21528.95,21011.05,20924.9,16612.65,342457139,2021-11-18
NIFTY200MOMENTM30,21065.85,21086.6,20646.65,20365.25,16607.62,325610882,2021-11-22
NIFTY200MOMENTM30,20607.7,21078.1,21021.9,20533.95,25193.68,644820327,2021-11-23
NIFTY200MOMENTM30,21087.4,21199.35,20915.1,20821.35,12891.31,263906844,2021-11-24
NIFTY200MOMENTM30,20909.45,21117.05,21078.35,20819.35,11153.77,242074955,2021-11-25
NIFTY200MOMENTM30,20835.8,20897.6,20162.55,20107.1,17738.33,376707522,2021-11-26
NIFTY200MOMENTM30,20078.1,20334.9,20084.65,19587.05,14693.37,334042540,2021-11-29
NIFTY200MOMENTM30,20140.25,20525.25,19942.7,19871.05,25736.84,514535021,2021-11-30
NIFTY200MOMENTM30,20146.0,20306.6,20261.6,19984.2,12052.46,270806207,2021-12-01
NIFTY200MOMENTM30,20332.3,20604.5,20575.9,20232.55,12518.42,282276118,2021-12-02
NIFTY200MOMENTM30,20603.2,20716.05,20478.25,20454.2,12103.88,260045372,2021-12-03
NIFTY200MOMENTM30,20485.45,20535.5,20118.4,20082.45,10243.15,249039455,2021-12-06
NIFTY200MOMENTM30,20293.4,20617.7,20544.85,20253.4,11670.41,258067902,2021-12-07
NIFTY200MOMENTM30,20684.2,20967.75,20949.0,20679.45,11759.76,240851369,2021-12-08
NIFTY200MOMENTM30,21056.05,21071.85,21033.0,20867.1,9373.02,207887808,2021-12-09
NIFTY200MOMENTM30,20962.75,21183.3,21120.15,20935.9,8945.3,191732845,2021-12-10
NIFTY200MOMENTM30,21326.5,21365.45,21040.9,21012.85,10886.15,256984308,2021-12-13
NIFTY200MOMENTM30,20935.25,21086.15,21036.65,20825.45,9377.6,202993375,2021-12-14
NIFTY200MOMENTM30,21022.65,21069.55,20811.35,20778.15,8293.17,182264593,2021-12-15
NIFTY200MOMENTM30,20979.25,21032.2,20861.75,20763.25,8729.85,187434708,2021-12-16
NIFTY200MOMENTM30,20840.6,20862.45,20393.4,20353.8,16981.32,317327725,2021-12-17
NIFTY200MOMENTM30,20146.25,20168.25,19737.7,19447.45,13165.52,291066690,2021-12-20
NIFTY200MOMENTM30,19955.4,20329.7,20165.95,19904.8,10746.55,217514706,2021-12-21
NIFTY200MOMENTM30,20319.25,20514.9,20485.75,20290.6,8263.26,159358592,2021-12-22
NIFTY200MOMENTM30,20638.05,20760.9,20630.85,20580.1,8379.71,156330477,2021-12-23
NIFTY200MOMENTM30,20721.8,20722.7,20514.8,20352.65,7372.97,154474276,2021-12-24
NIFTY200MOMENTM30,20448.75,20586.35,20557.5,20295.6,6261.73,130033381,2021-12-27
NIFTY200MOMENTM30,20690.3,20823.7,20791.05,20672.5,7423.01,127750931,2021-12-28
NIFTY200MOMENTM30,20761.7,20812.3,20674.3,20636.65,6376.47,123445002,2021-12-29
NIFTY200MOMENTM30,20652.65,20709.35,20557.65,20530.9,8524.04,165524196,2021-12-30
NIFTY200MOMENTM30,20600.25,20809.65,20774.7,20595.5,7259.44,80246537,2021-12-31
NIFTY200MOMENTM30,20825.9,21053.0,21031.1,20823.95,7817.78,103503378,2022-01-03
NIFTY200MOMENTM30,21114.1,21138.2,21107.4,20877.35,9745.28,150978894,2022-01-04
NIFTY200MOMENTM30,21079.4,21098.4,21018.15,20895.35,10385.84,110286384,2022-01-05
NIFTY200MOMENTM30,20839.1,20975.3,20948.1,20763.2,10742.09,130522073,2022-01-06
NIFTY200MOMENTM30,21039.55,21157.4,21008.1,20887.85,11347.13,134623215,2022-01-07
NIFTY200MOMENTM30,21102.25,21179.35,21163.8,20976.15,10167.57,119264565,2022-01-10
NIFTY200MOMENTM30,21163.35,21292.8,21241.5,21135.25,10447.98,122213585,2022-01-11
NIFTY200MOMENTM30,21378.5,21415.05,21394.1,21281.85,10008.68,125933213,2022-01-12
NIFTY200MOMENTM30,21406.1,21514.7,21502.2,21220.4,13977.78,179630518,2022-01-13
NIFTY200MOMENTM30,21419.8,21499.75,21456.1,21321.6,11448.04,136119681,2022-01-14
NIFTY200MOMENTM30,21491.1,21554.05,21536.5,21403.7,10050.76,137686527,2022-01-17
NIFTY200MOMENTM30,21577.2,21618.7,21009.7,20953.55,10774.16,122166390,2022-01-18
NIFTY200MOMENTM30,20951.85,20974.25,20891.85,20690.6,12484.49,167550917,2022-01-19
NIFTY200MOMENTM30,20915.45,20982.5,20854.5,20740.45,11213.96,127877202,2022-01-20
NIFTY200MOMENTM30,20697.45,20707.5,20313.95,20186.95,12265.29,141219563,2022-01-21
NIFTY200MOMENTM30,20282.65,20291.2,19421.45,19242.3,13216.8,170621236,2022-01-24
NIFTY200MOMENTM30,19145.35,19655.05,19628.45,18946.75,13776.26,173869342,2022-01-25
NIFTY200MOMENTM30,19383.8,19390.35,19228.2,18964.35,14858.78,190108301,2022-01-27
NIFTY200MOMENTM30,19418.7,19847.75,19455.85,19418.7,15332.87,186770736,2022-01-28
NIFTY200MOMENTM30,19770.55,19959.05,19897.25,19698.85,12941.11,170707282,2022-01-31
NIFTY200MOMENTM30,20091.0,20119.5,20069.8,19676.0,13786.82,225619224,2022-02-01
NIFTY200MOMENTM30,20167.55,20347.75,20325.2,20148.35,9856.69,119523502,2022-02-02
NIFTY200MOMENTM30,20303.05,20312.85,20084.25,20033.3,8985.36,118732046,2022-02-03
NIFTY200MOMENTM30,20095.75,20256.9,20097.65,19981.6,9666.68,142943404,2022-02-04
NIFTY200MOMENTM30,20111.75,20213.5,19788.85,19704.75,10613.15,161507869,2022-02-07
NIFTY200MOMENTM30,19875.7,19948.8,19705.9,19434.85,11422.27,197895805,2022-02-08
NIFTY200MOMENTM30,19840.95,20116.7,20087.15,19815.45,9066.43,130341799,2022-02-09
NIFTY200MOMENTM30,20183.85,20248.3,20228.45,20046.25,8494.66,137166988,2022-02-10
NIFTY200MOMENTM30,20023.95,20037.45,19726.05,19679.9,9097.72,120547839,2022-02-11
NIFTY200MOMENTM30,19284.05,19431.3,19038.5,18982.25,10655.44,156036426,2022-02-14
NIFTY200MOMENTM30,19201.55,19841.15,19810.75,19029.6,10276.06,148279023,2022-02-15
NIFTY200MOMENTM30,19932.0,19980.0,19717.95,19656.7,8666.55,125735117,2022-02-16
NIFTY200MOMENTM30,19857.35,19923.6,19639.1,19606.7,7625.43,112647212,2022-02-17
NIFTY200MOMENTM30,19509.65,19702.85,19500.9,19482.05,6637.61,89172499,2022-02-18
NIFTY200MOMENTM30,19401.95,19586.2,19396.0,19179.9,7923.1,109208807,2022-02-21
NIFTY200MOMENTM30,18867.95,19357.05,19317.5,18865.05,10863.4,151296134,2022-02-22
NIFTY200MOMENTM30,19455.55,19540.45,19384.75,19339.5,7944.01,104740281,2022-02-23
NIFTY200MOMENTM30,18731.15,18931.35,18266.6,18226.95,16514.92,253879254,2022-02-24
NIFTY200MOMENTM30,18706.85,19147.0,19071.15,18687.15,13040.32,197175770,2022-02-25
NIFTY200MOMENTM30,18863.05,19369.55,19335.2,18709.0,13531.49,177309787,2022-02-28
NIFTY200MOMENTM30,19224.0,19377.25,19285.65,19126.4,11279.48,160505451,2022-03-02
NIFTY200MOMENTM30,19533.9,19570.0,19285.4,19233.25,13348.43,197915535,2022-03-03
NIFTY200MOMENTM30,19089.1,19187.9,18866.85,18820.5,13159.39,188073822,2022-03-04
NIFTY200MOMENTM30,18502.3,18622.85,18531.05,18300.8,12760.09,194066257,2022-03-07
NIFTY200MOMENTM30,18539.8,18824.45,18803.25,18431.9,13905.05,224233705,2022-03-08
NIFTY200MOMENTM30,18893.05,19219.6,19112.4,18843.6,13037.92,187463791,2022-03-09
NIFTY200MOMENTM30,19543.65,19544.4,19404.5,19244.7,14199.89,198216088,2022-03-10
NIFTY200MOMENTM30,19347.75,19461.8,19436.75,19252.2,9225.24,142661760,2022-03-11
NIFTY200MOMENTM30,19422.95,19659.85,19642.55,19403.85,10440.83,137337952,2022-03-14
NIFTY200MOMENTM30,19689.75,19734.1,19356.15,19224.7,11635.35,152398577,2022-03-15
NIFTY200MOMENTM30,19640.45,19741.95,19732.3,19589.85,9000.66,109680572,2022-03-16
NIFTY200MOMENTM30,19964.5,20097.0,19978.6,19908.85,14803.12,156542973,2022-03-17
NIFTY200MOMENTM30,20081.4,20127.65,19863.9,19841.45,9832.55,131530003,2022-03-21
NIFTY200MOMENTM30,19907.05,20113.2,20083.9,19664.65,10012.66,137237492,2022-03-22
NIFTY200MOMENTM30,20215.0,20226.0,20027.95,19983.5,9725.6,137826330,2022-03-23
NIFTY200MOMENTM30,19924.3,20198.65,20157.9,19893.0,8236.69,114240030,2022-03-24
NIFTY200MOMENTM30,20250.5,20260.35,20077.85,19938.35,7543.96,97966032,2022-03-25
NIFTY200MOMENTM30,20117.55,20161.65,20086.75,19847.7,7719.02,98865226,2022-03-28
NIFTY200MOMENTM30,20192.85,20249.55,20158.05,20097.65,8349.56,107157706,2022-03-29
NIFTY200MOMENTM30,20324.65,20426.8,20392.95,20242.55,13358.61,131164101,2022-03-30
NIFTY200MOMENTM30,20442.15,20458.75,20314.7,20261.55,8442.35,95365743,2022-03-31
NIFTY200MOMENTM30,20318.7,20481.15,20451.1,20292.2,9039.33,125018873,2022-04-01
NIFTY200MOMENTM30,20539.2,20727.9,20692.2,20489.3,9346.21,133668994,2022-04-04
NIFTY200MOMENTM30,20801.2,20999.95,20947.3,20726.95,12921.77,198689875,2022-04-05
NIFTY200MOMENTM30,20925.0,21028.35,20955.35,20826.45,15499.53,331143246,2022-04-06
NIFTY200MOMENTM30,20921.4,20977.9,20660.15,20621.25,14793.74,297566757,2022-04-07
NIFTY200MOMENTM30,20769.6,20928.05,20867.45,20680.55,10925.88,169611068,2022-04-08
NIFTY200MOMENTM30,20903.05,20936.45,20829.5,20794.0,10186.79,144562618,2022-04-11
NIFTY200MOMENTM30,20753.85,20758.15,20410.45,20274.35,10308.22,145348605,2022-04-12
NIFTY200MOMENTM30,20513.9,20594.8,20448.65,20400.55,8229.38,114481977,2022-04-13
NIFTY200MOMENTM30,20178.55,20178.55,20066.95,19857.45,15963.13,217786719,2022-04-18
NIFTY200MOMENTM30,20239.2,20274.35,19695.55,19521.35,13124.37,162201702,2022-04-19
NIFTY200MOMENTM30,19787.3,19927.9,19778.4,19664.4,10069.83,128669779,2022-04-20
NIFTY200MOMENTM30,19936.2,20114.6,20092.65,19838.6,9691.38,123957573,2022-04-21
NIFTY200MOMENTM30,19958.3,20062.25,19856.45,19836.55,9171.73,108187887,2022-04-22
NIFTY200MOMENTM30,19626.1,19632.25,19483.95,19395.05,7698.59,99282349,2022-04-25
NIFTY200MOMENTM30,19695.95,19820.15,19789.05,19656.7,7609.02,89879303,2022-04-26
NIFTY200MOMENTM30,19662.8,19718.9,19505.95,19374.85,8371.55,109126839,2022-04-27
NIFTY200MOMENTM30,19693.0,19757.0,19672.3,19426.3,8220.39,96243696,2022-04-28
NIFTY200MOMENTM30,19813.7,19819.85,19443.35,19396.15,10253.84,140088618,2022-04-29
NIFTY200MOMENTM30,19296.9,19330.6,19239.5,19113.55,10500.92,142391025,2022-05-02
NIFTY200MOMENTM30,19302.8,19340.6,18760.85,18674.7,9680.36,127722320,2022-05-04
NIFTY200MOMENTM30,18968.55,19069.5,18844.05,18777.15,8509.34,108273900,2022-05-05
NIFTY200MOMENTM30,18516.6,18542.35,18454.45,18281.75,10485.5,140575130,2022-05-06
NIFTY200MOMENTM30,18255.8,18346.45,18139.8,17952.95,9823.9,151954433,2022-05-09
NIFTY200MOMENTM30,18118.45,18284.55,17784.6,17728.75,8535.77,115474743,2022-05-10
NIFTY200MOMENTM30,17843.5,18044.4,17726.15,17382.35,10799.37,160858765,2022-05-11
NIFTY200MOMENTM30,17590.2,17593.85,17254.9,17110.95,9900.48,155928776,2022-05-12
NIFTY200MOMENTM30,17510.55,17706.3,17258.0,17198.55,14293.15,244909580,2022-05-13
NIFTY200MOMENTM30,17351.25,17489.55,17356.05,17164.85,8759.84,134100376,2022-05-16
NIFTY200MOMENTM30,17494.05,18018.45,17989.7,17467.65,9240.1,147785139,2022-05-17
NIFTY200MOMENTM30,18110.2,18213.05,17852.6,17807.8,9761.55,136478931,2022-05-18
NIFTY200MOMENTM30,17402.15,17478.9,17196.05,17125.05,9443.61,129640396,2022-05-19
NIFTY200MOMENTM30,17530.8,17599.95,17567.35,17452.0,7843.77,111608239,2022-05-20
NIFTY200MOMENTM30,17618.7,17786.35,17535.1,17507.7,6925.01,104142135,2022-05-23
NIFTY200MOMENTM30,17576.7,17597.05,17332.9,17262.55,6990.2,108984432,2022-05-24
NIFTY200MOMENTM30,17370.5,17380.75,16913.35,16886.3,8102.44,103550664,2022-05-25
NIFTY200MOMENTM30,16976.9,17131.55,17067.95,16535.25,10117.86,136289375,2022-05-26
NIFTY200MOMENTM30,17281.85,17397.45,17379.35,17208.5,7915.33,101299021,2022-05-27
NIFTY200MOMENTM30,17606.2,17956.3,17941.55,17584.15,8889.79,109033624,2022-05-30
NIFTY200MOMENTM30,17907.85,18091.7,17969.65,17827.3,18598.52,240818375,2022-05-31
NIFTY200MOMENTM30,17997.7,18086.7,17798.05,17686.7,7247.21,93765147,2022-06-01
NIFTY200MOMENTM30,17779.5,17935.0,17913.25,17735.75,7391.26,87639067,2022-06-02
NIFTY200MOMENTM30,18066.35,18099.55,17669.55,17644.35,9806.33,106527755,2022-06-03
NIFTY200MOMENTM30,17605.25,17680.25,17650.7,17382.9,7087.06,89345501,2022-06-06
NIFTY200MOMENTM30,17553.9,17562.8,17502.25,17393.95,6519.94,90735916,2022-06-07
NIFTY200MOMENTM30,17573.15,17612.1,17401.2,17336.65,7527.99,102361302,2022-06-08
NIFTY200MOMENTM30,17278.1,17511.2,17490.45,17241.1,6373.61,86112581,2022-06-09
NIFTY200MOMENTM30,17280.15,17398.65,17357.8,17209.8,6195.38,77331172,2022-06-10
NIFTY200MOMENTM30,16982.15,17000.1,16711.35,16671.2,7150.89,101244584,2022-06-13
NIFTY200MOMENTM30,16726.45,16979.0,16834.25,16619.2,8578.45,107824656,2022-06-14
NIFTY200MOMENTM30,16922.85,16979.6,16894.2,16827.15,6036.69,83441857,2022-06-15
NIFTY200MOMENTM30,17103.4,17109.25,16311.15,16278.35,8549.21,126053787,2022-06-16
NIFTY200MOMENTM30,16200.85,16397.0,16159.85,16039.55,11326.61,160406882,2022-06-17
NIFTY200MOMENTM30,16201.9,16243.6,15962.95,15751.45,8209.21,170238233,2022-06-20
NIFTY200MOMENTM30,16140.85,16524.8,16456.2,16100.0,8242.54,161360100,2022-06-21
NIFTY200MOMENTM30,16383.75,16383.75,16141.45,16094.0,6599.94,106499080,2022-06-22
NIFTY200MOMENTM30,16190.4,16373.45,16352.6,16100.95,6994.33,120557896,2022-06-23
NIFTY200MOMENTM30,16477.65,16565.95,16454.05,16313.05,7167.17,107294398,2022-06-24
NIFTY200MOMENTM30,16693.6,16782.95,16700.05,16635.75,6238.88,95990899,2022-06-27
NIFTY200MOMENTM30,16611.35,16765.7,16739.95,16474.1,6410.56,98589697,2022-06-28
NIFTY200MOMENTM30,16532.4,16670.5,16538.5,16500.15,7216.95,99759845,2022-06-29
NIFTY200MOMENTM30,16534.85,16603.85,16361.5,16324.7,9664.39,216296483,2022-06-30
NIFTY200MOMENTM30,16275.9,16313.05,16182.5,16030.9,17055.38,332857727,2022-07-01
NIFTY200MOMENTM30,16144.3,16325.65,16310.45,16129.15,11412.52,268808367,2022-07-04
NIFTY200MOMENTM30,16381.4,16478.75,16278.3,16239.25,8180.28,195890671,2022-07-05
NIFTY200MOMENTM30,16270.05,16423.25,16397.4,16177.25,9529.19,222671126,2022-07-06
NIFTY200MOMENTM30,16546.0,16646.2,16619.3,16509.45,10059.12,241380039,2022-07-07
NIFTY200MOMENTM30,16769.25,16794.95,16783.55,16637.05,9495.11,210052818,2022-07-08
NIFTY200MOMENTM30,16737.7,16910.4,16886.3,16709.45,8124.13,193523663,2022-07-11
NIFTY200MOMENTM30,16801.6,16896.55,16775.05,16739.95,6116.65,161277603,2022-07-12
NIFTY200MOMENTM30,16825.0,16860.4,16750.55,16718.7,6631.36,148261393,2022-07-13
NIFTY200MOMENTM30,16818.1,16852.9,16759.9,16636.1,7199.09,178529104,2022-07-14
NIFTY200MOMENTM30,16830.75,16980.3,16961.35,16792.25,6354.94,146888001,2022-07-15
NIFTY200MOMENTM30,17094.15,17200.85,17184.7,17066.0,8649.3,195665199,2022-07-18
NIFTY200MOMENTM30,17151.8,17305.45,17270.75,17136.95,7853.63,182697887,2022-07-19
NIFTY200MOMENTM30,17478.3,17479.35,17302.8,17279.8,8771.99,198890198,2022-07-20
NIFTY200MOMENTM30,17327.25,17567.55,17539.4,17306.45,7806.04,159895272,2022-07-21
NIFTY200MOMENTM30,17612.75,17650.35,17520.5,17489.6,6401.67,135887060,2022-07-22
NIFTY200MOMENTM30,17530.3,17566.6,17521.9,17458.05,8104.57,150211802,2022-07-25
NIFTY200MOMENTM30,17556.8,17562.9,17449.55,17422.05,6446.84,148013725,2022-07-26
NIFTY200MOMENTM30,17440.8,17564.9,17552.1,17410.1,6434.68,152583481,2022-07-27
NIFTY200MOMENTM30,17632.45,17683.7,17655.55,17526.35,8370.89,187891610,2022-07-28
NIFTY200MOMENTM30,17777.2,17921.35,17906.9,17760.8,9099.87,189612786,2022-07-29
NIFTY200MOMENTM30,17984.2,18334.0,18313.15,17959.8,11381.7,239496877,2022-08-01
NIFTY200MOMENTM30,18332.6,18450.15,18400.0,18262.3,10062.15,262057372,2022-08-02
NIFTY200MOMENTM30,18408.7,18426.25,18322.7,18144.9,8369.33,176517640,2022-08-03
NIFTY200MOMENTM30,18399.45,18441.65,18321.55,18050.4,8383.13,187932474,2022-08-04
NIFTY200MOMENTM30,18367.8,18407.45,18331.05,18252.55,10792.91,306224915,2022-08-05
NIFTY200MOMENTM30,18381.45,18554.45,18543.5,18364.8,7931.16,150840313,2022-08-08
NIFTY200MOMENTM30,18606.55,18625.9,18595.6,18495.05,10224.6,186156167,2022-08-10
NIFTY200MOMENTM30,18740.7,18770.15,18677.55,18616.5,8773.67,202068734,2022-08-11
NIFTY200MOMENTM30,18702.5,18851.5,18832.6,18663.3,9558.61,201686727,2022-08-12
NIFTY200MOMENTM30,18918.85,19062.1,19050.4,18901.3,7929.32,174447046,2022-08-16
NIFTY200MOMENTM30,19122.3,19169.95,19110.85,19086.45,7453.69,178368287,2022-08-17
NIFTY200MOMENTM30,19082.25,19186.25,19164.85,19044.85,8819.31,186071642,2022-08-18
NIFTY200MOMENTM30,19206.45,19228.5,18876.7,18826.0,12172.29,222660818,2022-08-19
NIFTY200MOMENTM30,18845.15,18845.15,18607.55,18570.8,9129.01,185239059,2022-08-22
NIFTY200MOMENTM30,18484.95,18945.5,18903.1,18469.95,9585.75,190456173,2022-08-23
NIFTY200MOMENTM30,18897.3,18981.2,18961.5,18797.05,9157.9,188228546,2022-08-24
NIFTY200MOMENTM30,19065.1,19089.05,18894.2,18857.2,8364.77,175402050,2022-08-25
NIFTY200MOMENTM30,19006.7,19195.15,19148.9,18988.55,8940.23,181136903,2022-08-26
NIFTY200MOMENTM30,18727.55,19081.8,19047.15,18724.55,8827.8,153597144,2022-08-29
NIFTY200MOMENTM30,19160.95,19416.3,19405.55,19157.35,12313.78,209711119,2022-08-30
NIFTY200MOMENTM30,19247.8,19541.95,19450.15,19243.8,11090.0,195781271,2022-09-01
NIFTY200MOMENTM30,19532.2,19598.15,19434.3,19412.25,9829.84,176549702,2022-09-02
NIFTY200MOMENTM30,19485.15,19582.85,19568.4,19458.85,7844.38,149665813,2022-09-05
NIFTY200MOMENTM30,19653.35,19756.3,19696.35,19607.55,9065.21,207719751,2022-09-06
NIFTY200MOMENTM30,19621.7,19733.65,19702.55,19529.4,16215.47,285728988,2022-09-07
NIFTY200MOMENTM30,19835.3,19852.4,19751.0,19693.9,7386.46,162638196,2022-09-08
NIFTY200MOMENTM30,19870.7,19872.6,19692.95,19639.9,6620.75,143819630,2022-09-09
NIFTY200MOMENTM30,19777.35,19897.4,19874.7,19762.75,7541.2,140616343,2022-09-12
NIFTY200MOMENTM30,19975.0,20085.6,20061.65,19954.65,9101.93,141992353,2022-09-13
NIFTY200MOMENTM30,19827.3,20144.1,20076.0,19812.35,9316.29,197693780,2022-09-14
NIFTY200MOMENTM30,20189.3,20235.0,20188.4,20017.45,9229.28,189991095,2022-09-15
NIFTY200MOMENTM30,20167.0,20189.05,19772.8,19620.7,15864.35,309306308,2022-09-16
NIFTY200MOMENTM30,19800.5,19886.85,19792.75,19620.55,7977.59,176074467,2022-09-19
NIFTY200MOMENTM30,19940.05,20120.2,20012.2,19925.15,8220.0,155083838,2022-09-20
NIFTY200MOMENTM30,20024.8,20134.85,19819.75,19739.05,9686.73,164374132,2022-09-21
NIFTY200MOMENTM30,19748.25,19959.55,19929.3,19667.7,9411.55,199293733,2022-09-22
NIFTY200MOMENTM30,19924.55,19983.45,19498.35,19424.2,10337.8,249757059,2022-09-23
NIFTY200MOMENTM30,19312.6,19328.8,18869.75,18702.6,13644.99,378706427,2022-09-26
NIFTY200MOMENTM30,18998.2,19095.75,18873.3,18731.3,9833.04,217630421,2022-09-27
NIFTY200MOMENTM30,18740.25,18948.65,18769.05,18684.8,9287.5,215577493,2022-09-28
NIFTY200MOMENTM30,18956.5,19118.6,18901.3,18783.6,15834.39,302183668,2022-09-29
NIFTY200MOMENTM30,18880.7,19211.0,19130.55,18712.2,11598.42,263876013,2022-09-30
NIFTY200MOMENTM30,19184.35,19268.2,18842.8,18758.05,11057.18,226014239,2022-10-03
NIFTY200MOMENTM30,19138.3,19262.1,19243.3,19051.05,8683.65,161916781,2022-10-04
NIFTY200MOMENTM30,19382.75,19482.55,19405.6,19357.75,9288.27,179316408,2022-10-06
NIFTY200MOMENTM30,19443.9,19503.05,19485.95,19315.5,8805.18,171586028,2022-10-07
NIFTY200MOMENTM30,19270.35,19393.7,19279.7,19177.45,7065.03,160234490,2022-10-10
NIFTY200MOMENTM30,19362.9,19362.9,19037.7,18997.1,7209.59,155496061,2022-10-11
NIFTY200MOMENTM30,19094.05,19217.85,19187.75,18958.7,7357.98,155229330,2022-10-12
NIFTY200MOMENTM30,19182.1,19250.45,19079.2,19002.2,6099.95,130040945,2022-10-13
NIFTY200MOMENTM30,19368.55,19376.4,19030.5,19012.05,5949.53,130112023,2022-10-14
NIFTY200MOMENTM30,18986.95,19201.15,19179.5,18865.7,6934.77,136890343,2022-10-17
NIFTY200MOMENTM30,19285.5,19508.25,19489.6,19282.55,8005.42,180775652,2022-10-18
NIFTY200MOMENTM30,19552.8,19597.8,19477.55,19428.85,8401.01,153337332,2022-10-19
NIFTY200MOMENTM30,19413.7,19582.05,19553.7,19315.15,7589.52,180797850,2022-10-20
NIFTY200MOMENTM30,19598.65,19672.8,19426.3,19338.45,6868.09,162687243,2022-10-21
NIFTY200MOMENTM30,19613.45,19644.65,19541.85,19511.95,1348.75,26832619,2022-10-24
NIFTY200MOMENTM30,19598.9,19601.5,19561.75,19449.05,7267.4,170630429,2022-10-25
NIFTY200MOMENTM30,19659.75,19791.8,19748.9,19612.35,8711.23,195790806,2022-10-27
NIFTY200MOMENTM30,19783.05,19812.45,19771.4,19701.15,8615.61,180572461,2022-10-28
NIFTY200MOMENTM30,19855.75,20033.65,20019.85,19849.3,8178.89,172180915,2022-10-31
NIFTY200MOMENTM30,20114.65,20359.05,20343.3,20089.6,11000.03,228922859,2022-11-01
NIFTY200MOMENTM30,20345.6,20384.45,20292.75,20246.25,9474.76,192914768,2022-11-02
NIFTY200MOMENTM30,20182.9,20370.8,20287.6,20168.75,6923.2,154555675,2022-11-03
NIFTY200MOMENTM30,20347.2,20374.4,20337.7,20230.75,9366.72,154727332,2022-11-04
NIFTY200MOMENTM30,20458.85,20515.4,20466.1,20337.85,12072.17,287096946,2022-11-07
NIFTY200MOMENTM30,20585.0,20587.35,20381.45,20335.95,10879.32,265254474,2022-11-09
NIFTY200MOMENTM30,20319.45,20322.85,20121.4,20044.0,8978.43,209493760,2022-11-10
NIFTY200MOMENTM30,20332.8,20380.15,20118.45,20065.45,10001.4,211821202,2022-11-11
NIFTY200MOMENTM30,20143.35,20161.15,20041.15,20019.75,8536.51,180223545,2022-11-14
NIFTY200MOMENTM30,20094.6,20152.55,20128.95,20008.65,7338.77,171870036,2022-11-15
NIFTY200MOMENTM30,20153.65,20180.85,20066.65,19953.9,8903.92,162575627,2022-11-16
NIFTY200MOMENTM30,20036.7,20083.9,20003.3,19952.75,7566.38,155933433,2022-11-17
NIFTY200MOMENTM30,20032.7,20046.85,19825.2,19727.55,7653.54,157750008,2022-11-18
NIFTY200MOMENTM30,19786.55,19796.25,19781.0,19661.55,6305.53,132920917,2022-11-21
NIFTY200MOMENTM30,19793.4,19931.3,19918.0,19765.2,6434.37,126275593,2022-11-22
NIFTY200MOMENTM30,20002.1,20002.1,19890.6,19863.2,7066.71,145095519,2022-11-23
NIFTY200MOMENTM30,19943.55,20033.3,20008.2,19885.55,6664.15,126890925,2022-11-24
NIFTY200MOMENTM30,20066.35,20103.45,20080.0,19976.5,6557.96,137392965,2022-11-25
NIFTY200MOMENTM30,20045.4,20192.5,20125.25,20013.55,8467.26,123161485,2022-11-28
NIFTY200MOMENTM30,20147.1,20181.55,20079.05,20054.05,5782.38,111488749,2022-11-29
NIFTY200MOMENTM30,20101.15,20321.5,20264.3,20093.9,16774.94,313064305,2022-11-30
NIFTY200MOMENTM30,20353.85,20361.45,20264.6,20209.55,7375.41,185139866,2022-12-01
NIFTY200MOMENTM30,20268.5,20285.5,20245.25,20176.15,6690.84,137040335,2022-12-02
NIFTY200MOMENTM30,20292.25,20310.75,20291.05,20086.55,7617.69,148619731,2022-12-05
NIFTY200MOMENTM30,20256.6,20324.85,20302.0,20231.05,7285.6,155142264,2022-12-06
NIFTY200MOMENTM30,20313.55,20336.9,20200.45,20165.75,6655.7,123569969,2022-12-07
NIFTY200MOMENTM30,20232.45,20275.7,20224.85,20174.9,7626.72,193582505,2022-12-08
NIFTY200MOMENTM30,20288.9,20380.95,20197.15,20027.2,9033.09,204438789,2022-12-09
NIFTY200MOMENTM30,20178.1,20219.3,20182.3,20051.35,6090.83,139267147,2022-12-12
NIFTY200MOMENTM30,20229.8,20280.55,20265.0,20185.4,6435.07,124290264,2022-12-13
NIFTY200MOMENTM30,20319.4,20394.6,20360.55,20313.75,6100.69,123732992,2022-12-14
NIFTY200MOMENTM30,20342.15,20394.45,20131.4,20096.4,7158.33,145527189,2022-12-15
NIFTY200MOMENTM30,20048.7,20119.35,19810.8,19784.35,10927.89,231026165,2022-12-16
NIFTY200MOMENTM30,19824.8,20058.7,20035.3,19736.95,6391.59,131918260,2022-12-19
NIFTY200MOMENTM30,20015.85,20037.75,20019.8,19817.3,6297.93,103958163,2022-12-20
NIFTY200MOMENTM30,20079.5,20122.65,19631.95,19575.4,7044.63,131244620,2022-12-21
NIFTY200MOMENTM30,19722.45,19759.35,19450.2,19342.1,7122.77,141857770,2022-12-22
NIFTY200MOMENTM30,19282.55,19389.25,18925.1,18877.7,8271.13,171948881,2022-12-23
NIFTY200MOMENTM30,18931.1,19364.15,19271.4,18822.85,6669.18,146935371,2022-12-26
NIFTY200MOMENTM30,19390.1,19467.75,19394.95,19248.8,5383.22,118189010,2022-12-27
NIFTY200MOMENTM30,19366.0,19530.55,19489.85,19338.5,5990.22,128365345,2022-12-28
NIFTY200MOMENTM30,19413.2,19477.35,19450.65,19328.9,7621.34,193007731,2022-12-29
NIFTY200MOMENTM30,19533.5,19567.5,19444.95,19409.2,7553.86,335820143,2022-12-30
NIFTY200MOMENTM30,19492.55,19576.35,19515.15,19417.85,5537.34,244598963,2023-01-02
NIFTY200MOMENTM30,19528.35,19606.6,19548.1,19457.8,6208.94,261863137,2023-01-03
NIFTY200MOMENTM30,19574.5,19608.15,19296.95,19269.9,7586.79,288771625,2023-01-04
NIFTY200MOMENTM30,19373.05,19445.2,19411.3,19232.1,7844.54,283870189,2023-01-05
NIFTY200MOMENTM30,19439.75,19462.35,19287.6,19199.55,7021.0,265816037,2023-01-06
NIFTY200MOMENTM30,19412.5,19533.85,19489.0,19389.65,6967.9,215339145,2023-01-09
NIFTY200MOMENTM30,19522.6,19526.7,19200.9,19088.7,8282.29,247751716,2023-01-10
NIFTY200MOMENTM30,19231.55,19247.85,19162.7,19050.15,9411.27,256264982,2023-01-11
NIFTY200MOMENTM30,19218.9,19231.6,19129.6,19028.8,7619.05,218903091,2023-01-12
NIFTY200MOMENTM30,19166.4,19307.6,19282.15,19071.25,8156.94,280331891,2023-01-13
NIFTY200MOMENTM30,19330.25,19378.65,19188.15,19130.6,7919.09,376651275,2023-01-16
NIFTY200MOMENTM30,19230.45,19239.8,19175.65,18998.5,8751.63,332574063,2023-01-17
NIFTY200MOMENTM30,19218.4,19255.25,19239.3,19120.25,8195.98,238221330,2023-01-18
NIFTY200MOMENTM30,19172.65,19208.7,19178.6,19105.85,6741.35,193966529,2023-01-19
NIFTY200MOMENTM30,19222.75,19251.2,19123.15,19101.9,6743.46,242065103,2023-01-20
NIFTY200MOMENTM30,19224.75,19230.15,19192.25,19153.3,6668.96,237565128,2023-01-23
NIFTY200MOMENTM30,19240.7,19248.85,19101.85,19064.55,7397.9,207596415,2023-01-24
NIFTY200MOMENTM30,19076.75,19088.4,18780.9,18628.6,11913.72,348850919,2023-01-25
NIFTY200MOMENTM30,18790.55,18792.9,18167.25,17960.65,21275.68,548015528,2023-01-27
NIFTY200MOMENTM30,18177.2,18495.3,18229.05,17910.1,22274.94,604826098,2023-01-30
NIFTY200MOMENTM30,18354.45,18658.6,18610.65,18251.2,17579.0,502437924,2023-01-31
NIFTY200MOMENTM30,18797.25,18806.75,18049.15,17700.5,23852.6,716031431,2023-02-01
NIFTY200MOMENTM30,18003.2,18198.0,17965.75,17721.55,20924.57,599771122,2023-02-02
NIFTY200MOMENTM30,18049.45,18322.4,18294.9,17659.15,17792.31,505276088,2023-02-03
NIFTY200MOMENTM30,18284.7,18350.0,18318.75,18165.85,11857.81,323011364,2023-02-06
NIFTY200MOMENTM30,18370.25,18440.55,18333.6,18225.95,11536.94,294826342,2023-02-07
NIFTY200MOMENTM30,18389.2,18504.55,18486.5,18324.65,10723.86,239982381,2023-02-08
NIFTY200MOMENTM30,18516.35,18518.1,18426.05,18313.95,11450.6,245230534,2023-02-09
NIFTY200MOMENTM30,18342.9,18509.25,18404.7,18326.4,9100.26,239752019,2023-02-10
NIFTY200MOMENTM30,18441.5,18501.9,18241.55,18193.25,9685.46,272394661,2023-02-13
NIFTY200MOMENTM30,18298.35,18367.6,18316.8,18124.7,11486.26,284640792,2023-02-14
NIFTY200MOMENTM30,18302.0,18478.2,18458.45,18286.85,9145.86,203971839,2023-02-15
NIFTY200MOMENTM30,18561.5,18636.75,18587.25,18522.9,8604.8,222683859,2023-02-16
NIFTY200MOMENTM30,18540.7,18585.55,18410.45,18360.5,8598.88,225272918,2023-02-17
NIFTY200MOMENTM30,18426.4,18466.05,18309.85,18267.55,7131.91,222078785,2023-02-20
NIFTY200MOMENTM30,18373.1,18396.1,18254.85,18230.65,8865.06,269927180,2023-02-21
NIFTY200MOMENTM30,18197.55,18197.55,17958.9,17908.1,8597.93,246131429,2023-02-22
NIFTY200MOMENTM30,17994.75,18103.6,17996.5,17861.75,8666.86,284832950,2023-02-23
NIFTY200MOMENTM30,18088.75,18097.75,17916.0,17857.85,7469.09,219084442,2023-02-24
NIFTY200MOMENTM30,17875.1,17918.65,17869.6,17703.05,8148.53,250793182,2023-02-27
NIFTY200MOMENTM30,17891.65,17984.45,17890.95,17832.65,17381.82,480189202,2023-02-28
NIFTY200MOMENTM30,17937.8,18252.55,18238.65,17934.2,10621.16,270014357,2023-03-01
NIFTY200MOMENTM30,18239.45,18262.5,18206.9,18127.55,12194.12,277332710,2023-03-02
NIFTY200MOMENTM30,18354.35,18621.45,18570.4,18345.7,13730.7,341132628,2023-03-03
NIFTY200MOMENTM30,18672.4,18829.4,18704.7,18658.35,13490.5,276438109,2023-03-06
NIFTY200MOMENTM30,18666.0,18917.0,18904.0,18605.25,11692.75,261604976,2023-03-08
NIFTY200MOMENTM30,18957.7,18971.35,18730.2,18703.5,9980.65,213445113,2023-03-09
NIFTY200MOMENTM30,18589.2,18602.05,18560.2,18429.2,9041.02,214664034,2023-03-10
NIFTY200MOMENTM30,18558.4,18661.6,18214.9,18180.05,9121.76,236355382,2023-03-13
NIFTY200MOMENTM30,18214.55,18238.6,18106.3,17970.7,10522.13,268415803,2023-03-14
NIFTY200MOMENTM30,18212.7,18270.3,18066.3,18032.25,9050.39,224423054,2023-03-15
NIFTY200MOMENTM30,18065.05,18215.6,18138.85,17846.45,9634.14,274966532,2023-03-16
NIFTY200MOMENTM30,18313.65,18337.6,18210.95,18076.15,11641.75,331842576,2023-03-17
NIFTY200MOMENTM30,18124.75,18155.65,18026.1,17840.65,8016.3,219182270,2023-03-20
NIFTY200MOMENTM30,18113.8,18160.25,18130.0,18017.0,9040.86,233605270,2023-03-21
NIFTY200MOMENTM30,18190.55,18226.1,18135.4,18114.95,6943.49,187768207,2023-03-22
NIFTY200MOMENTM30,18061.6,18158.3,18037.75,18017.15,9025.54,199294250,2023-03-23
NIFTY200MOMENTM30,18063.15,18092.25,17860.65,17828.45,8795.49,227030852,2023-03-24
NIFTY200MOMENTM30,17864.7,17950.85,17836.55,17769.55,8937.19,264649987,2023-03-27
NIFTY200MOMENTM30,17889.8,17894.15,17738.55,17666.65,9680.07,249901591,2023-03-28
NIFTY200MOMENTM30,17759.7,18092.75,18044.45,17758.4,13612.02,370208196,2023-03-29
NIFTY200MOMENTM30,18163.5,18295.45,18257.05,18154.05,10638.5,296112517,2023-03-31
NIFTY200MOMENTM30,18357.4,18360.4,18319.9,18265.35,8816.95,223132506,2023-04-03
NIFTY200MOMENTM30,18341.0,18342.6,18285.5,18199.65,8810.78,260354148,2023-04-05
NIFTY200MOMENTM30,18287.6,18426.1,18371.05,18229.15,10734.85,269089200,2023-04-06
NIFTY200MOMENTM30,18431.0,18482.15,18433.7,18393.4,9160.75,211712290,2023-04-10
NIFTY200MOMENTM30,18540.9,18608.7,18570.0,18498.8,11826.57,266534350,2023-04-11
NIFTY200MOMENTM30,18600.1,18618.95,18610.25,18552.2,9364.39,218521640,2023-04-12
NIFTY200MOMENTM30,18640.5,18677.15,18658.05,18544.5,11657.38,245547288,2023-04-13
NIFTY200MOMENTM30,18704.3,18778.3,18767.5,18632.75,11879.94,286357998,2023-04-17
NIFTY200MOMENTM30,18813.5,18835.65,18788.8,18683.35,10187.82,300613071,2023-04-18
NIFTY200MOMENTM30,18792.15,18864.45,18754.65,18725.35,9898.23,235382194,2023-04-19
NIFTY200MOMENTM30,18782.1,18842.85,18800.05,18752.25,8827.81,227778190,2023-04-20
NIFTY200MOMENTM30,18815.35,18821.8,18712.15,18645.0,9113.0,189679852,2023-04-21
NIFTY200MOMENTM30,18735.0,18858.85,18847.65,18681.15,9562.71,230239202,2023-04-24
NIFTY200MOMENTM30,18872.95,19021.15,18956.55,18865.55,14334.17,300418051,2023-04-25
NIFTY200MOMENTM30,18968.7,19052.65,19036.6,18914.4,10283.84,221577896,2023-04-26
NIFTY200MOMENTM30,19022.85,19125.7,19105.95,19021.65,8990.11,210332276,2023-04-27
NIFTY200MOMENTM30,19184.15,19344.0,19315.75,19124.15,11884.5,338506762,2023-04-28
NIFTY200MOMENTM30,19411.3,19514.3,19462.05,19383.1,9919.48,330947560,2023-05-02
NIFTY200MOMENTM30,19414.75,19523.4,19445.3,19361.35,10664.12,331157327,2023-05-03
NIFTY200MOMENTM30,19467.2,19579.0,19572.2,19448.5,8931.89,235250776,2023-05-04
NIFTY200MOMENTM30,19610.95,19692.75,19502.6,19479.05,11571.57,343248295,2023-05-05
NIFTY200MOMENTM30,19539.85,19688.05,19646.75,19507.6,9632.95,316818956,2023-05-08
NIFTY200MOMENTM30,19710.1,19733.7,19567.45,19518.8,10634.26,311334151,2023-05-09
NIFTY200MOMENTM30,19589.35,19639.4,19623.2,19450.05,9686.17,293923252,2023-05-10
NIFTY200MOMENTM30,19681.9,19745.6,19696.05,19634.8,10760.29,250843455,2023-05-11
NIFTY200MOMENTM30,19745.2,19755.2,19737.5,19645.1,9786.69,214852237,2023-05-12
NIFTY200MOMENTM30,19745.2,19882.05,19838.95,19660.1,8038.48,212228035,2023-05-15
NIFTY200MOMENTM30,19914.2,19962.05,19855.65,19834.3,10562.1,287157719,2023-05-16
NIFTY200MOMENTM30,19874.7,19947.7,19867.65,19762.55,10823.07,278556770,2023-05-17
NIFTY200MOMENTM30,19968.95,19977.7,19688.25,19659.3,12461.14,288062813,2023-05-18
NIFTY200MOMENTM30,19735.55,19763.7,19733.3,19522.9,11058.07,267499303,2023-05-19
NIFTY200MOMENTM30,19743.1,19894.2,19879.45,19672.4,16098.67,300853366,2023-05-22
NIFTY200MOMENTM30,19952.3,20060.9,19995.0,19926.95,15595.39,229245440,2023-05-23
NIFTY200MOMENTM30,19980.5,20043.6,19932.6,19893.4,14132.64,208123444,2023-05-24
NIFTY200MOMENTM30,19904.95,20082.85,20059.5,19888.4,11379.67,239959281,2023-05-25
NIFTY200MOMENTM30,20107.3,20276.75,20262.65,20079.2,8566.83,225554279,2023-05-26
NIFTY200MOMENTM30,20394.25,20422.4,20397.45,20308.2,9834.15,283558302,2023-05-29
NIFTY200MOMENTM30,20406.4,20506.95,20460.85,20377.1,9013.28,221301271,2023-05-30
NIFTY200MOMENTM30,20455.8,20526.55,20459.9,20330.0,24254.59,401373272,2023-05-31
NIFTY200MOMENTM30,20438.75,20473.9,20401.75,20376.2,10331.55,258809831,2023-06-01
NIFTY200MOMENTM30,20486.7,20588.45,20568.35,20461.75,10264.5,235995183,2023-06-02
NIFTY200MOMENTM30,20643.6,20756.2,20671.45,20635.1,9717.87,247372186,2023-06-05
NIFTY200MOMENTM30,20708.55,20837.65,20822.25,20692.4,9938.28,220722517,2023-06-06
NIFTY200MOMENTM30,20908.4,20974.7,20961.75,20863.9,9585.83,193213901,2023-06-07
NIFTY200MOMENTM30,21007.7,21012.35,20797.15,20770.95,9648.9,237290175,2023-06-08
NIFTY200MOMENTM30,20850.55,20891.1,20827.8,20778.6,9821.22,205552639,2023-06-09
NIFTY200MOMENTM30,20891.85,20927.15,20896.6,20839.6,7726.18,174815719,2023-06-12
NIFTY200MOMENTM30,20971.3,21073.45,21057.65,20962.35,9597.84,225048336,2023-06-13
NIFTY200MOMENTM30,21112.8,21152.0,21096.7,21071.2,8110.02,213605816,2023-06-14
NIFTY200MOMENTM30,21139.4,21167.15,21006.35,20976.45,10025.16,274081998,2023-06-15
NIFTY200MOMENTM30,21068.65,21322.2,21281.4,21050.35,11526.01,355443546,2023-06-16
NIFTY200MOMENTM30,21357.5,21397.9,21220.95,21172.15,12451.82,327986087,2023-06-19
NIFTY200MOMENTM30,21254.7,21314.55,21282.35,21135.0,8694.68,228710849,2023-06-20
NIFTY200MOMENTM30,21335.2,21349.8,21214.65,21133.05,9101.19,237879719,2023-06-21
NIFTY200MOMENTM30,21227.35,21243.05,21021.2,20978.65,11900.93,319046513,2023-06-22
NIFTY200MOMENTM30,21029.4,21036.3,20831.15,20808.35,11465.04,242151601,2023-06-23
NIFTY200MOMENTM30,20866.2,20953.95,20913.65,20775.4,8567.43,189769924,2023-06-26
NIFTY200MOMENTM30,21001.85,21042.25,20994.95,20925.55,8789.21,219743173,2023-06-27
NIFTY200MOMENTM30,21080.75,21241.25,21199.4,21056.65,19204.99,414894518,2023-06-28
NIFTY200MOMENTM30,21274.7,21347.65,21312.9,21214.9,6541.85,207552367,2023-06-30
NIFTY200MOMENTM30,21378.3,21391.9,21335.4,21280.85,4918.84,210798627,2023-07-03
NIFTY200MOMENTM30,21384.15,21394.35,21208.6,21166.75,6485.59,405025105,2023-07-04
NIFTY200MOMENTM30,21244.35,21454.25,21429.95,21222.05,6671.36,314357032,2023-07-05
NIFTY200MOMENTM30,21461.25,21538.4,21525.1,21414.2,5962.03,217569925,2023-07-06
NIFTY200MOMENTM30,21505.3,21572.05,21371.45,21285.05,6022.29,244563999,2023-07-07
NIFTY200MOMENTM30,21452.85,21464.4,21287.05,21253.7,5152.71,213584074,2023-07-10
NIFTY200MOMENTM30,21360.3,21663.3,21561.0,21353.15,7753.45,249842355,2023-07-11
NIFTY200MOMENTM30,21646.75,21668.35,21619.1,21550.4,6281.99,197126823,2023-07-12
NIFTY200MOMENTM30,21707.25,21715.5,21393.2,21334.95,6245.65,238200039,2023-07-13
NIFTY200MOMENTM30,21494.65,21536.55,21479.15,21327.8,4458.1,150661061,2023-07-14
NIFTY200MOMENTM30,21531.75,21593.85,21500.8,21422.65,4591.6,157685469,2023-07-17
NIFTY200MOMENTM30,21558.1,21621.4,21476.1,21351.45,6561.53,215443056,2023-07-18
NIFTY200MOMENTM30,21528.0,21692.4,21677.65,21515.7,6619.48,224651510,2023-07-19
NIFTY200MOMENTM30,21719.8,21748.35,21714.7,21533.35,9665.61,232336159,2023-07-20
NIFTY200MOMENTM30,21674.45,21748.6,21589.2,21564.6,6690.2,182373750,2023-07-21
NIFTY200MOMENTM30,21653.2,21865.1,21689.6,21618.9,8326.32,276355637,2023-07-24
NIFTY200MOMENTM30,21787.65,21797.05,21661.15,21539.5,8111.51,218575033,2023-07-25
NIFTY200MOMENTM30,21731.5,21833.3,21797.15,21704.85,6384.07,301858726,2023-07-26
NIFTY200MOMENTM30,21880.95,22005.25,21865.1,21784.7,9243.9,337048022,2023-07-27
NIFTY200MOMENTM30,21909.75,22097.3,22084.3,21877.75,7340.01,245131969,2023-07-28
NIFTY200MOMENTM30,22100.05,22297.4,22275.85,22093.85,6995.86,256574090,2023-07-31
NIFTY200MOMENTM30,22325.85,22352.9,22124.1,22090.55,5622.95,167599218,2023-08-01
NIFTY200MOMENTM30,22061.25,22081.9,21812.85,21646.45,7742.15,253783411,2023-08-02
NIFTY200MOMENTM30,21797.15,21921.0,21737.2,21578.55,7415.71,204733424,2023-08-03
NIFTY200MOMENTM30,21824.2,21893.2,21791.0,21708.55,6325.79,179569982,2023-08-04
NIFTY200MOMENTM30,21835.35,21902.85,21873.2,21739.35,6681.29,208225862,2023-08-07
NIFTY200MOMENTM30,21945.25,21979.4,21856.5,21678.3,7436.02,253812217,2023-08-08
NIFTY200MOMENTM30,21898.5,21991.35,21973.55,21767.1,6039.38,178464951,2023-08-09
NIFTY200MOMENTM30,21972.4,22010.4,21865.85,21819.5,6541.53,192371255,2023-08-10
NIFTY200MOMENTM30,21992.55,22005.3,21802.65,21769.85,7797.32,255781420,2023-08-11
NIFTY200MOMENTM30,21761.3,21810.7,21761.25,21482.9,5945.33,166587494,2023-08-14
NIFTY200MOMENTM30,21675.6,21762.55,21742.3,21571.15,8816.92,171015321,2023-08-16
NIFTY200MOMENTM30,21761.6,21853.75,21770.95,21733.7,6696.02,245227199,2023-08-17
NIFTY200MOMENTM30,21763.55,21823.6,21704.05,21637.25,6400.4,186741382,2023-08-18
NIFTY200MOMENTM30,21757.65,21906.75,21880.8,21688.4,4910.11,135321802,2023-08-21
NIFTY200MOMENTM30,21920.95,22115.4,22098.8,21878.45,6097.51,175086308,2023-08-22
NIFTY200MOMENTM30,22162.05,22323.95,22267.75,22143.1,7550.79,196358867,2023-08-23
NIFTY200MOMENTM30,22434.85,22476.45,22274.95,22251.2,6924.58,180071503,2023-08-24
NIFTY200MOMENTM30,22254.95,22291.85,22017.25,21988.1,6081.42,194247055,2023-08-25
NIFTY200MOMENTM30,22087.15,22179.7,22147.25,22054.1,5615.22,177446315,2023-08-28
NIFTY200MOMENTM30,22218.75,22220.8,22172.65,22133.25,5532.69,146892293,2023-08-29
NIFTY200MOMENTM30,22279.6,22423.55,22363.05,22265.25,6340.52,173072733,2023-08-30
NIFTY200MOMENTM30,22431.5,22462.5,22211.65,22163.4,26951.15,987793525,2023-08-31
NIFTY200MOMENTM30,22191.9,22353.1,22322.2,22116.95,7917.26,339324727,2023-09-01
NIFTY200MOMENTM30,22433.4,22504.6,22475.55,22337.95,6908.04,276154020,2023-09-04
NIFTY200MOMENTM30,22546.1,22632.55,22582.1,22465.05,6249.39,227131837,2023-09-05
NIFTY200MOMENTM30,22636.7,22671.15,22617.65,22528.75,7161.25,213906005,2023-09-06
NIFTY200MOMENTM30,22659.25,22754.5,22736.25,22614.95,6100.03,188848922,2023-09-07
NIFTY200MOMENTM30,22823.6,23101.25,23085.3,22790.25,8869.36,276329356,2023-09-08
NIFTY200MOMENTM30,23228.55,23301.5,23277.9,23194.35,7523.55,269010529,2023-09-11
NIFTY200MOMENTM30,23407.3,23407.85,22693.2,22649.05,9279.92,348751787,2023-09-12
NIFTY200MOMENTM30,22680.35,22783.4,22761.05,22418.35,9336.27,441183660,2023-09-13
NIFTY200MOMENTM30,22857.75,22935.35,22917.45,22758.65,6805.73,259051227,2023-09-14
NIFTY200MOMENTM30,23008.35,23076.0,23008.55,22942.7,8415.02,230893442,2023-09-15
NIFTY200MOMENTM30,23134.15,23139.45,23050.8,22996.0,8413.95,390462540,2023-09-18
NIFTY200MOMENTM30,23008.95,23198.45,23039.0,22909.8,8544.54,280707241,2023-09-20
NIFTY200MOMENTM30,23018.05,23140.1,22797.95,22751.75,6826.46,235643411,2023-09-21
NIFTY200MOMENTM30,22827.0,22934.55,22800.35,22698.95,7011.83,253875095,2023-09-22
NIFTY200MOMENTM30,22848.3,22969.15,22948.5,22656.2,7002.28,269538632,2023-09-25
NIFTY200MOMENTM30,22958.15,23064.2,22947.95,22914.85,5743.47,195819788,2023-09-26
NIFTY200MOMENTM30,23001.95,23250.95,23233.1,22915.65,7741.46,279174541,2023-09-27
NIFTY200MOMENTM30,23260.85,23298.4,22915.65,22870.95,10418.15,354912682,2023-09-28
NIFTY200MOMENTM30,23049.8,23299.2,23231.25,23012.6,6677.39,183246900,2023-09-29
NIFTY200MOMENTM30,23233.65,23283.2,23263.0,23121.0,7282.56,208071739,2023-10-03
NIFTY200MOMENTM30,23208.45,23224.2,22805.8,22703.9,9132.02,288548770,2023-10-04
NIFTY200MOMENTM30,22944.25,23010.45,22828.8,22758.25,6414.29,241364284,2023-10-05
NIFTY200MOMENTM30,22955.35,23070.85,23041.6,22878.3,5537.66,177042447,2023-10-06
NIFTY200MOMENTM30,22829.6,22913.6,22824.0,22713.15,4837.53,176779281,2023-10-09
NIFTY200MOMENTM30,22921.75,23143.6,23132.0,22904.5,5357.14,194098309,2023-10-10
NIFTY200MOMENTM30,23262.9,23346.85,23226.75,23189.45,6534.0,217712988,2023-10-11
NIFTY200MOMENTM30,23308.55,23351.2,23271.55,23257.55,4796.93,122798730,2023-10-12
NIFTY200MOMENTM30,23177.0,23332.1,23251.15,23147.75,5228.0,139240798,2023-10-13
NIFTY200MOMENTM30,23262.85,23372.8,23323.95,23230.1,4738.07,128825689,2023-10-16
NIFTY200MOMENTM30,23420.9,23441.1,23396.4,23362.2,4572.37,116812807,2023-10-17
NIFTY200MOMENTM30,23423.2,23435.4,23086.3,23072.45,6407.46,197849406,2023-10-18
NIFTY200MOMENTM30,23035.0,23137.65,23095.85,22909.65,7003.96,144962930,2023-10-19
NIFTY200MOMENTM30,23041.05,23056.5,22792.55,22757.8,5799.33,160482667,2023-10-20
NIFTY200MOMENTM30,22786.55,22866.3,22401.0,22343.1,6009.43,214063598,2023-10-23
NIFTY200MOMENTM30,22448.85,22560.35,22243.3,22083.95,6097.58,189444578,2023-10-25
NIFTY200MOMENTM30,22131.85,22144.35,21988.9,21805.0,8709.12,303134645,2023-10-26
NIFTY200MOMENTM30,22102.7,22464.0,22409.35,22100.65,6560.0,221077123,2023-10-27
NIFTY200MOMENTM30,22450.8,22467.65,22352.95,22106.7,5402.63,214247135,2023-10-30
NIFTY200MOMENTM30,22472.95,22483.95,22381.7,22239.65,5484.0,162000779,2023-10-31
NIFTY200MOMENTM30,22431.25,22472.2,22276.75,22245.15,4929.48,151714294,2023-11-01
NIFTY200MOMENTM30,22461.55,22687.4,22665.45,22442.95,6426.65,204734474,2023-11-02
NIFTY200MOMENTM30,22801.75,22856.2,22831.95,22708.35,5145.55,156229370,2023-11-03
NIFTY200MOMENTM30,22917.2,23014.95,22998.6,22862.1,5452.96,149934256,2023-11-06
NIFTY200MOMENTM30,23015.1,23210.45,23160.2,22903.0,6567.9,188044227,2023-11-07
NIFTY200MOMENTM30,23267.35,23435.55,23423.15,23233.15,6586.6,158007090,2023-11-08
NIFTY200MOMENTM30,23487.75,23567.35,23514.95,23424.95,6004.59,168310989,2023-11-09
NIFTY200MOMENTM30,23499.85,23651.45,23623.45,23389.8,5645.34,124499109,2023-11-10
NIFTY200MOMENTM30,23822.6,23822.6,23785.5,23769.15,884.29,33422745,2023-11-12
NIFTY200MOMENTM30,23752.1,23951.75,23881.85,23648.65,6785.16,229158770,2023-11-13
NIFTY200MOMENTM30,24099.85,24113.0,24084.4,23939.05,6862.94,196878148,2023-11-15
NIFTY200MOMENTM30,24107.75,24208.0,24135.95,24037.85,5548.66,146746885,2023-11-16
NIFTY200MOMENTM30,24087.95,24294.05,24278.4,24027.6,6783.99,210312221,2023-11-17
NIFTY200MOMENTM30,24337.2,24414.55,24366.55,24291.55,5482.54,133636045,2023-11-20
NIFTY200MOMENTM30,24453.05,24506.85,24337.5,24284.9,5482.67,129542750,2023-11-21
NIFTY200MOMENTM30,24378.9,24396.25,24299.9,24182.85,4942.2,133779879,2023-11-22
NIFTY200MOMENTM30,24385.65,24458.9,24417.75,24363.4,4257.5,88793081,2023-11-23
NIFTY200MOMENTM30,24446.2,24492.05,24406.6,24385.85,4878.04,110559358,2023-11-24
NIFTY200MOMENTM30,24502.15,24614.55,24579.4,24365.85,5978.77,151595810,2023-11-28
NIFTY200MOMENTM30,24706.3,24802.3,24781.75,24631.75,6629.11,165130932,2023-11-29
NIFTY200MOMENTM30,24806.2,25125.15,25061.65,24761.05,17737.19,339078560,2023-11-30
NIFTY200MOMENTM30,25270.35,25648.85,25611.95,25224.5,11544.0,321004685,2023-12-01
NIFTY200MOMENTM30,26056.85,26134.25,26102.5,25884.35,10828.14,331401837,2023-12-04
NIFTY200MOMENTM30,26199.35,26297.15,26220.45,25980.2,9563.11,297595643,2023-12-05
NIFTY200MOMENTM30,26281.45,26430.85,26345.85,26218.7,9367.13,264137373,2023-12-06
NIFTY200MOMENTM30,26414.3,26417.35,26323.8,26239.25,8184.67,284530861,2023-12-07
NIFTY200MOMENTM30,26418.6,26558.45,26365.3,26106.95,8358.71,258855571,2023-12-08
NIFTY200MOMENTM30,26447.45,26653.05,26632.9,26384.4,7056.16,196258481,2023-12-11
NIFTY200MOMENTM30,26738.25,26744.15,26567.95,26385.2,7420.92,182514185,2023-12-12
NIFTY200MOMENTM30,26672.7,27166.35,27134.7,26597.95,10501.27,270163818,2023-12-13
NIFTY200MOMENTM30,27310.7,27361.75,27307.35,27170.45,8266.9,217357711,2023-12-14
NIFTY200MOMENTM30,27430.05,27447.95,27210.95,27128.8,9729.26,271839152,2023-12-15
NIFTY200MOMENTM30,27271.1,27467.15,27395.25,27106.95,8925.75,204382417,2023-12-18
NIFTY200MOMENTM30,27508.55,27530.75,27352.8,27151.75,7149.81,201444939,2023-12-19
NIFTY200MOMENTM30,27480.15,27517.65,26509.9,26411.95,9246.92,260720980,2023-12-20
NIFTY200MOMENTM30,26267.2,26843.1,26791.1,26052.95,8601.38,228270206,2023-12-21
NIFTY200MOMENTM30,26947.4,27000.1,26881.3,26658.8,7781.94,163024062,2023-12-22
NIFTY200MOMENTM30,26969.15,27240.2,27186.35,26894.85,6477.54,173917639,2023-12-26
NIFTY200MOMENTM30,27294.25,27427.95,27287.35,27167.7,7393.64,205349929,2023-12-27
NIFTY200MOMENTM30,27395.4,27434.25,27284.3,27255.4,11177.87,392943871,2023-12-28
NIFTY200MOMENTM30,27342.85,27388.0,27352.7,27143.05,9844.69,267854730,2023-12-29
NIFTY200MOMENTM30,27421.3,27623.8,27435.95,27379.7,7862.25,241140450,2024-01-01
NIFTY200MOMENTM30,27561.6,27572.6,27402.5,27118.75,11125.47,291126444,2024-01-02
NIFTY200MOMENTM30,27385.0,27602.2,27514.7,27199.75,9478.24,260141720,2024-01-03
NIFTY200MOMENTM30,27648.65,27883.85,27831.1,27627.9,11156.24,246726273,2024-01-04
NIFTY200MOMENTM30,28009.6,28073.3,27870.1,27682.4,10184.28,212530491,2024-01-05
NIFTY200MOMENTM30,28012.3,28012.3,27765.9,27738.6,7285.8,165903315,2024-01-08
NIFTY200MOMENTM30,28059.35,28088.6,27850.4,27806.1,11620.75,167698549,2024-01-09
NIFTY200MOMENTM30,27897.05,27903.5,27821.45,27517.7,9542.52,207721593,2024-01-10
NIFTY200MOMENTM30,27863.4,27946.85,27816.95,27760.05,15206.38,165773340,2024-01-11
NIFTY200MOMENTM30,27904.25,27938.25,27881.35,27742.95,9233.49,178918046,2024-01-12
NIFTY200MOMENTM30,28078.6,28170.1,28136.0,27852.95,9300.75,194866438,2024-01-15
NIFTY200MOMENTM30,28182.35,28228.65,27975.4,27728.9,9499.94,210390316,2024-01-16
NIFTY200MOMENTM30,27776.15,28014.6,27716.7,27633.85,10914.38,312569463,2024-01-17
NIFTY200MOMENTM30,27701.75,27791.95,27739.1,27038.45,12397.94,286180230,2024-01-18
NIFTY200MOMENTM30,27962.8,28282.85,28256.3,27913.65,10910.85,314872071,2024-01-19
NIFTY200MOMENTM30,28409.8,28441.2,28244.4,28225.7,6267.92,188018863,2024-01-20
NIFTY200MOMENTM30,28475.3,28480.65,27495.15,27317.1,14544.34,342224707,2024-01-23
NIFTY200MOMENTM30,27576.35,28185.2,28153.0,27236.75,13263.93,285824736,2024-01-24
NIFTY200MOMENTM30,28355.95,28359.25,28298.1,28053.1,12368.77,291762094,2024-01-25
NIFTY200MOMENTM30,28412.6,28984.75,28944.7,28341.25,13026.82,333688967,2024-01-29
NIFTY200MOMENTM30,29063.25,29127.2,28745.85,28706.4,11532.95,274269201,2024-01-30
NIFTY200MOMENTM30,28712.7,29073.25,29048.5,28676.4,15488.56,303106993,2024-01-31
NIFTY200MOMENTM30,29199.5,29226.9,28845.15,28678.35,13453.05,316307878,2024-02-01
NIFTY200MOMENTM30,29012.8,29375.15,29173.95,29003.25,14923.51,394821990,2024-02-02
NIFTY200MOMENTM30,29389.75,29678.55,29305.9,29157.4,14996.4,334259444,2024-02-05
NIFTY200MOMENTM30,29438.0,29563.95,29551.25,29234.95,9572.73,194470336,2024-02-06
NIFTY200MOMENTM30,29704.25,29966.25,29913.15,29407.9,11265.28,212095458,2024-02-07
NIFTY200MOMENTM30,30172.7,30285.5,30103.05,29950.3,15173.6,260618390,2024-02-08
NIFTY200MOMENTM30,30144.4,30188.25,29718.9,29145.9,14879.4,314396781,2024-02-09
NIFTY200MOMENTM30,29808.6,29822.95,29121.0,29016.95,13323.4,263555289,2024-02-12
NIFTY200MOMENTM30,29228.85,29453.4,29398.55,28973.15,12187.34,285412972,2024-02-13
NIFTY200MOMENTM30,29157.75,29928.6,29832.5,29016.35,9917.93,230276659,2024-02-14
NIFTY200MOMENTM30,30033.55,30194.55,30171.15,29917.65,11300.95,297110018,2024-02-15
NIFTY200MOMENTM30,30361.95,30592.05,30515.2,30312.15,13124.02,277585314,2024-02-16
NIFTY200MOMENTM30,30680.75,30776.9,30396.55,30362.5,8202.94,161329477,2024-02-19
NIFTY200MOMENTM30,30421.3,30454.1,30238.65,30118.5,8825.09,179753504,2024-02-20
NIFTY200MOMENTM30,30336.65,30376.4,29829.25,29727.95,9323.57,198697995,2024-02-21
NIFTY200MOMENTM30,29995.5,30287.6,30231.3,29616.25,9569.4,204327931,2024-02-22
NIFTY200MOMENTM30,30306.45,30433.05,30328.65,30207.3,8800.98,219914041,2024-02-23
NIFTY200MOMENTM30,30324.1,30408.45,30274.75,30153.95,9943.23,167014129,2024-02-26
NIFTY200MOMENTM30,30252.2,30424.5,30256.95,30106.6,9452.35,187698183,2024-02-27
NIFTY200MOMENTM30,30308.0,30376.45,29850.65,29709.05,9959.02,227388994,2024-02-28
NIFTY200MOMENTM30,29848.7,30121.35,29990.8,29550.0,23406.65,813343091,2024-02-29
NIFTY200MOMENTM30,30127.8,30522.45,30489.2,30119.0,9783.53,190223757,2024-03-01
NIFTY200MOMENTM30,30801.65,31267.25,31125.65,30755.2,15714.88,440204124,2024-03-04
NIFTY200MOMENTM30,31209.35,31333.4,31258.9,31062.95,15435.47,287759565,2024-03-05
NIFTY200MOMENTM30,31364.15,31407.15,31231.6,30718.8,13014.73,327492608,2024-03-06
NIFTY200MOMENTM30,31305.15,31640.65,31479.15,31273.25,10645.95,200123038,2024-03-07
NIFTY200MOMENTM30,31655.05,31675.8,31422.6,31350.45,11266.19,200881003,2024-03-11
NIFTY200MOMENTM30,31440.3,31500.75,30947.75,30850.75,9329.12,207923415,2024-03-12
NIFTY200MOMENTM30,30953.3,31018.3,29639.7,29366.75,13745.14,309586037,2024-03-13
NIFTY200MOMENTM30,29512.6,30162.4,30106.35,29368.15,13589.37,284653928,2024-03-14
NIFTY200MOMENTM30,30079.2,30159.45,29585.45,29053.0,17771.49,413562276,2024-03-15
NIFTY200MOMENTM30,29558.9,29816.15,29708.5,29443.85,8327.7,185163410,2024-03-18
NIFTY200MOMENTM30,29648.15,29699.85,29213.3,29141.0,8758.11,194760498,2024-03-19
NIFTY200MOMENTM30,29329.95,29483.65,29215.7,28818.3,9219.63,186646690,2024-03-20
NIFTY200MOMENTM30,29488.65,30047.3,30005.3,29479.7,11382.03,247050376,2024-03-21
NIFTY200MOMENTM30,29945.4,30382.0,30231.25,29830.45,10372.4,192068030,2024-03-22
NIFTY200MOMENTM30,30103.2,30559.95,30505.7,30103.2,8957.83,156236130,2024-03-26
NIFTY200MOMENTM30,30632.9,30671.7,30397.0,30365.55,12385.64,265253638,2024-03-27
NIFTY200MOMENTM30,30510.3,30924.6,30781.15,30456.25,11208.42,180828356,2024-03-28
NIFTY200MOMENTM30,31060.25,31292.55,31204.75,31028.05,9683.38,185671305,2024-04-01
NIFTY200MOMENTM30,31328.9,31455.85,31430.4,31159.0,11896.2,237304283,2024-04-02
NIFTY200MOMENTM30,31379.1,31544.45,31518.6,31242.3,11198.3,275936992,2024-04-03
NIFTY200MOMENTM30,31731.7,31748.1,31479.65,31256.75,11483.92,239151750,2024-04-04
NIFTY200MOMENTM30,31478.35,31589.0,31534.6,31380.75,7971.66,151695517,2024-04-05
NIFTY200MOMENTM30,31663.9,31676.05,31590.7,31458.65,8125.78,158461434,2024-04-08
NIFTY200MOMENTM30,31736.3,31748.85,31378.2,31248.1,7661.23,151967559,2024-04-09
NIFTY200MOMENTM30,31503.45,31743.2,31631.9,31467.7,9936.23,238364685,2024-04-10
NIFTY200MOMENTM30,31612.4,31888.65,31527.0,31485.3,11766.44,232679487,2024-04-12
NIFTY200MOMENTM30,31110.2,31423.1,31145.35,30839.85,11222.47,227705886,2024-04-15
NIFTY200MOMENTM30,30983.35,31284.45,31146.5,30810.15,9873.52,184504047,2024-04-16
NIFTY200MOMENTM30,31298.1,31481.7,30882.85,30768.4,11834.24,185940160,2024-04-18
NIFTY200MOMENTM30,30647.65,30823.1,30745.65,30245.45,10875.03,173667117,2024-04-19
NIFTY200MOMENTM30,31051.35,31175.0,31119.65,30900.15,8714.46,159727961,2024-04-22
NIFTY200MOMENTM30,31284.15,31327.7,31208.55,31126.3,7326.27,130579656,2024-04-23
NIFTY200MOMENTM30,31318.9,31592.55,31487.65,31302.85,9183.83,159891204,2024-04-24
NIFTY200MOMENTM30,31516.15,32067.45,32026.5,31475.35,11875.47,218937567,2024-04-25
NIFTY200MOMENTM30,32114.45,32315.8,32219.2,32107.0,9179.56,177793029,2024-04-26
NIFTY200MOMENTM30,32395.9,32410.0,32257.65,32142.1,8426.51,169569255,2024-04-29
NIFTY200MOMENTM30,32448.75,32776.05,32577.95,32419.9,17136.08,330707655,2024-04-30
NIFTY200MOMENTM30,32727.05,33252.35,33182.8,32692.0,19233.08,364774714,2024-05-02
NIFTY200MOMENTM30,33375.95,33505.6,33192.05,32932.15,20004.74,436180530,2024-05-03
NIFTY200MOMENTM30,33165.55,33207.4,32717.2,32256.55,19738.51,494119488,2024-05-06
NIFTY200MOMENTM30,32831.95,32843.15,31986.65,31726.0,14221.95,292290133,2024-05-07
NIFTY200MOMENTM30,31901.9,32674.7,32580.7,31727.2,16276.38,284525732,2024-05-08
NIFTY200MOMENTM30,32642.7,32797.15,31962.8,31904.05,19348.83,284055644,2024-05-09
NIFTY200MOMENTM30,32143.6,32360.5,32310.95,31791.5,13488.6,200225081,2024-05-10
NIFTY200MOMENTM30,32303.0,32458.65,32400.3,31610.95,16508.18,257243263,2024-05-13
NIFTY200MOMENTM30,32505.15,32770.35,32749.15,32417.05,10935.15,168012251,2024-05-14
NIFTY200MOMENTM30,32883.45,33041.75,32895.55,32774.9,13281.32,227800824,2024-05-15
NIFTY200MOMENTM30,33100.65,33488.05,33426.35,32766.5,19751.2,266096812,2024-05-16
NIFTY200MOMENTM30,33565.3,33713.95,33684.25,33451.55,13607.71,224577751,2024-05-17
NIFTY200MOMENTM30,34013.0,34077.7,34044.35,34005.65,2592.67,51257952,2024-05-18
NIFTY200MOMENTM30,34209.85,34383.05,34319.15,34062.4,16961.96,309831867,2024-05-21
NIFTY200MOMENTM30,34402.95,34413.8,34315.25,33930.45,15834.89,305830884,2024-05-22
NIFTY200MOMENTM30,34431.0,34561.5,34536.55,34173.2,14048.78,229430438,2024-05-23
NIFTY200MOMENTM30,34547.35,35151.6,34913.65,34459.5,17128.87,238615952,2024-05-24
NIFTY200MOMENTM30,35099.1,35107.45,34916.15,34617.8,15933.18,274202306,2024-05-27
NIFTY200MOMENTM30,35003.7,35088.35,34737.55,34443.35,12518.42,211223837,2024-05-28
NIFTY200MOMENTM30,34555.75,34853.35,34710.95,34413.3,11823.07,195621474,2024-05-29
NIFTY200MOMENTM30,34652.25,34691.15,34202.65,34103.55,11473.24,180392764,2024-05-30
NIFTY200MOMENTM30,34412.5,34520.2,34162.8,33837.5,22766.04,350180235,2024-05-31
NIFTY200MOMENTM30,35855.45,35855.45,35736.75,35201.65,23237.55,416424033,2024-06-03
NIFTY200MOMENTM30,35585.1,35585.1,32237.75,30554.6,48951.17,1040011578,2024-06-04
NIFTY200MOMENTM30,32838.1,33585.25,33498.45,31477.05,32926.5,647974371,2024-06-05
NIFTY200MOMENTM30,33877.35,34673.6,34252.8,33864.5,27105.8,493930400,2024-06-06
NIFTY200MOMENTM30,34288.4,34869.7,34826.15,34028.15,16949.23,286037780,2024-06-07
NIFTY200MOMENTM30,35080.0,35194.9,35014.1,34815.85,14174.41,229138965,2024-06-10
NIFTY200MOMENTM30,35164.6,35361.85,35211.3,35007.2,13140.86,201840765,2024-06-11
NIFTY200MOMENTM30,35359.25,35582.6,35494.0,35233.7,12706.79,214389744,2024-06-12
NIFTY200MOMENTM30,35807.7,35890.5,35848.3,35445.9,14565.61,251093042,2024-06-13
NIFTY200MOMENTM30,35921.4,36289.95,36250.15,35812.2,15370.37,256728587,2024-06-14
NIFTY200MOMENTM30,36501.0,36522.85,36360.25,36216.15,16818.01,213201185,2024-06-18
NIFTY200MOMENTM30,36485.45,36496.55,35721.85,35692.25,14587.47,233993477,2024-06-19
NIFTY200MOMENTM30,35743.5,35787.45,35677.45,35362.4,13834.25,223700100,2024-06-20
NIFTY200MOMENTM30,35768.65,35884.8,35453.9,35388.85,14278.92,210419893,2024-06-21
NIFTY200MOMENTM30,35351.6,35694.7,35641.35,35100.95,11823.31,182702732,2024-06-24
NIFTY200MOMENTM30,35802.45,35852.55,35489.65,35380.8,11618.86,171176094,2024-06-25
NIFTY200MOMENTM30,35499.55,35547.65,35264.05,35228.1,10993.02,181379730,2024-06-26
NIFTY200MOMENTM30,35269.45,35497.3,35223.2,34969.05,23206.59,413805629,2024-06-27
NIFTY200MOMENTM30,35396.15,35481.35,35298.95,35229.7,24230.92,448716275,2024-06-28
NIFTY200MOMENTM30,35446.0,35699.6,35667.8,35364.75,17861.2,323543221,2024-07-01
NIFTY200MOMENTM30,35795.45,35795.9,35452.3,35163.8,16244.51,305185866,2024-07-02
NIFTY200MOMENTM30,35658.4,35937.25,35913.95,35585.35,16712.38,307012452,2024-07-03
NIFTY200MOMENTM30,36104.3,36341.3,36277.95,36017.3,18797.93,285063506,2024-07-04
NIFTY200MOMENTM30,36332.65,36486.05,36453.8,36198.45,15865.07,277830662,2024-07-05
NIFTY200MOMENTM30,36593.3,36686.0,36423.0,36305.2,16976.78,294941270,2024-07-08
NIFTY200MOMENTM30,36559.15,36686.35,36572.85,36311.5,13683.35,242690989,2024-07-09
NIFTY200MOMENTM30,36722.95,36725.25,36450.6,35627.85,19263.75,308583064,2024-07-10
NIFTY200MOMENTM30,36575.85,36702.05,36538.65,36404.45,14184.77,236677551,2024-07-11
NIFTY200MOMENTM30,36656.2,36721.1,36270.15,36121.95,12592.92,191340901,2024-07-12
NIFTY200MOMENTM30,36430.15,36586.5,36561.4,36268.15,11526.4,181585255,2024-07-15
NIFTY200MOMENTM30,36711.4,36750.95,36409.45,36364.7,14040.74,208642042,2024-07-16
NIFTY200MOMENTM30,36418.6,36441.5,35828.15,35524.9,23033.86,322348599,2024-07-18
NIFTY200MOMENTM30,35809.05,35819.4,34722.4,34656.4,17435.2,261962409,2024-07-19
NIFTY200MOMENTM30,34598.65,35361.75,35271.7,34367.3,15895.82,226538830,2024-07-22
NIFTY200MOMENTM30,35470.25,35470.25,34992.95,33481.3,25594.65,432567913,2024-07-23
NIFTY200MOMENTM30,35034.9,35324.35,35044.0,34923.6,18247.47,320163764,2024-07-24
NIFTY200MOMENTM30,34784.45,35338.85,35253.25,34639.8,15540.26,234395366,2024-07-25
NIFTY200MOMENTM30,35532.85,36218.9,36180.35,35448.55,17648.39,278288891,2024-07-26
NIFTY200MOMENTM30,36445.3,36668.25,36637.15,36301.95,19407.51,423332155,2024-07-29
NIFTY200MOMENTM30,36722.75,36920.15,36735.9,36618.25,17406.72,260667101,2024-07-30
NIFTY200MOMENTM30,36917.55,37080.85,37012.75,36784.0,18273.2,267666670,2024-07-31
NIFTY200MOMENTM30,37202.15,37203.15,36792.7,36642.4,19484.54,286091115,2024-08-01
NIFTY200MOMENTM30,36322.9,36415.75,35950.7,35908.5,17829.02,245671452,2024-08-02
NIFTY200MOMENTM30,34904.4,35148.1,34620.15,34277.5,23508.52,443093807,2024-08-05
NIFTY200MOMENTM30,34922.85,35519.45,34295.0,34201.6,17086.97,293737777,2024-08-06
NIFTY200MOMENTM30,34993.9,35414.6,35364.2,34659.2,17338.26,265199251,2024-08-07
NIFTY200MOMENTM30,35378.85,35632.35,35183.95,35115.7,15874.47,227190758,2024-08-08
NIFTY200MOMENTM30,35650.95,35911.25,35834.0,35541.3,16822.41,178062835,2024-08-09
NIFTY200MOMENTM30,35683.45,35818.1,35678.45,35469.75,14428.61,176113908,2024-08-12
NIFTY200MOMENTM30,35761.15,35787.75,35270.15,35226.8,12318.42,184458070,2024-08-13
NIFTY200MOMENTM30,35400.35,35436.45,35178.7,34909.9,14722.59,211855509,2024-08-14
NIFTY200MOMENTM30,35502.9,35913.0,35879.4,35358.1,13976.04,185257647,2024-08-16
NIFTY200MOMENTM30,36122.45,36143.6,35989.45,35926.45,11753.72,151860421,2024-08-19
NIFTY200MOMENTM30,36151.05,36243.9,36219.15,35894.05,11884.83,179865635,2024-08-20
NIFTY200MOMENTM30,36293.9,36400.3,36362.85,36215.95,9749.56,163055536,2024-08-21
NIFTY200MOMENTM30,36502.15,36510.95,36432.8,36328.7,10131.66,139264614,2024-08-22
NIFTY200MOMENTM30,36512.7,36696.45,36554.7,36430.75,12440.84,154545676,2024-08-23
NIFTY200MOMENTM30,36722.4,36791.65,36719.6,36595.35,11676.69,151025994,2024-08-26
NIFTY200MOMENTM30,36791.25,36810.4,36717.65,36655.85,11681.65,161342260,2024-08-27
NIFTY200MOMENTM30,36872.8,37008.15,36847.95,36720.65,13101.42,166931774,2024-08-28
NIFTY200MOMENTM30,36899.05,36976.55,36895.0,36466.6,18051.02,227221600,2024-08-29
NIFTY200MOMENTM30,37041.65,37208.25,37102.65,36932.55,35275.32,315439756,2024-08-30
NIFTY200MOMENTM30,37258.8,37259.05,36855.05,36743.75,11750.1,141877781,2024-09-02
NIFTY200MOMENTM30,37047.25,37047.25,36941.75,36892.45,12204.42,144373469,2024-09-03
NIFTY200MOMENTM30,36707.35,36804.95,36765.45,36571.6,12075.77,181315931,2024-09-04
NIFTY200MOMENTM30,36862.1,36883.7,36612.7,36565.15,12270.28,175402374,2024-09-05
NIFTY200MOMENTM30,36586.05,36607.65,35954.3,35871.2,13264.23,224075142,2024-09-06
NIFTY200MOMENTM30,35828.3,35839.0,35757.8,35423.4,11279.05,195893729,2024-09-09
NIFTY200MOMENTM30,35926.1,36130.5,36012.3,35783.15,12684.68,192406239,2024-09-10
NIFTY200MOMENTM30,36027.95,36114.7,35699.3,35592.9,15619.67,215758104,2024-09-11
NIFTY200MOMENTM30,35958.4,36462.45,36431.15,35868.05,16925.49,215102981,2024-09-12
NIFTY200MOMENTM30,36569.9,36592.05,36445.85,36399.95,12408.91,199629243,2024-09-13
NIFTY200MOMENTM30,36560.05,36656.5,36552.45,36485.5,11620.92,161547071,2024-09-16
NIFTY200MOMENTM30,36649.4,36654.6,36574.4,36348.65,16218.14,219287409,2024-09-17
NIFTY200MOMENTM30,36644.6,36773.95,36400.0,36232.8,13225.52,235337308,2024-09-18
NIFTY200MOMENTM30,36638.65,36693.7,36037.3,35561.15,23059.68,383779807,2024-09-19
NIFTY200MOMENTM30,36199.2,36646.75,36583.15,36020.05,26340.23,346949605,2024-09-20
NIFTY200MOMENTM30,36816.25,37321.85,37295.3,36791.9,14789.53,231807796,2024-09-23
NIFTY200MOMENTM30,37310.65,37603.35,37543.05,37296.3,17100.31,319689744,2024-09-24
NIFTY200MOMENTM30,37595.8,37674.6,37479.65,37274.05,14208.39,255390669,2024-09-25
NIFTY200MOMENTM30,37578.25,37847.5,37820.35,37421.05,19257.3,303772457,2024-09-26
NIFTY200MOMENTM30,37912.25,38177.65,38115.25,37856.2,34764.15,553878835,2024-09-27
NIFTY200MOMENTM30,37996.3,38068.35,37588.9,37456.45,16620.51,279311272,2024-09-30
NIFTY200MOMENTM30,37652.7,37886.45,37735.85,37620.6,13585.86,279062898,2024-10-01
NIFTY200MOMENTM30,37090.35,37542.5,36838.05,36719.9,17580.3,320096049,2024-10-03
NIFTY200MOMENTM30,36755.25,37032.2,36407.4,36250.2,15647.86,255633484,2024-10-04
NIFTY200MOMENTM30,36499.4,36638.6,35707.55,35428.9,15359.97,301566657,2024-10-07
NIFTY200MOMENTM30,35651.2,36909.3,36826.0,35525.85,18438.97,263768596,2024-10-08
NIFTY200MOMENTM30,36986.95,37507.2,37206.25,36921.15,13143.88,203380531,2024-10-09
NIFTY200MOMENTM30,37305.85,37606.2,37281.7,37197.6,13052.68,192051440,2024-10-10
NIFTY200MOMENTM30,37300.7,37386.6,37347.0,37032.8,8347.55,118188638,2024-10-11
NIFTY200MOMENTM30,37481.7,37625.7,37526.15,37390.4,8405.86,118486323,2024-10-14
NIFTY200MOMENTM30,37695.5,37701.2,37529.35,37345.35,9839.98,129504333,2024-10-15
NIFTY200MOMENTM30,37490.95,37650.75,37349.05,37184.35,11673.56,132416192,2024-10-16
NIFTY200MOMENTM30,37315.7,37329.5,36372.15,36342.45,16020.56,169357621,2024-10-17
NIFTY200MOMENTM30,36301.5,36708.2,36643.4,35910.75,11301.77,150103217,2024-10-18
NIFTY200MOMENTM30,36718.55,36811.2,36212.65,36144.6,12180.21,133914941,2024-10-21
NIFTY200MOMENTM30,36212.1,36277.35,35236.4,35166.75,13103.64,213283320,2024-10-22
NIFTY200MOMENTM30,35218.6,35426.6,34969.1,34778.2,15265.75,255046481,2024-10-23
NIFTY200MOMENTM30,35005.7,35230.6,35021.9,34843.35,10420.21,186392045,2024-10-24
NIFTY200MOMENTM30,35086.95,35112.5,34278.0,33736.25,19101.91,271071775,2024-10-25
NIFTY200MOMENTM30,34340.05,34765.3,34513.9,33968.75,13245.8,277563817,2024-10-28
NIFTY200MOMENTM30,34647.8,34905.1,34871.0,34020.8,16552.84,311912241,2024-10-29
NIFTY200MOMENTM30,34843.6,35025.2,34691.85,34643.6,13649.2,221282798,2024-10-30
NIFTY200MOMENTM30,34755.65,34822.4,34516.1,34382.95,13453.48,263580871,2024-10-31
NIFTY200MOMENTM30,34764.95,34915.1,34784.6,34727.65,2190.13,53532732,2024-11-01
NIFTY200MOMENTM30,34872.8,34875.05,34324.55,33861.8,16004.0,316289827,2024-11-04
NIFTY200MOMENTM30,34275.9,34577.55,34535.1,33827.05,14877.79,242686896,2024-11-05
NIFTY200MOMENTM30,34690.5,35262.3,35216.5,34553.7,16541.54,257894379,2024-11-06
NIFTY200MOMENTM30,35348.3,35348.3,34681.5,34623.5,14468.64,195810520,2024-11-07
NIFTY200MOMENTM30,34756.7,34800.35,34388.65,34272.45,14187.15,199901325,2024-11-08
NIFTY200MOMENTM30,34302.95,34786.5,34445.15,34158.05,14441.17,214810049,2024-11-11
NIFTY200MOMENTM30,34525.3,34657.95,33645.75,33556.55,12280.57,207282219,2024-11-12
NIFTY200MOMENTM30,33633.05,33683.5,32983.45,32904.6,14072.92,247059801,2024-11-13
NIFTY200MOMENTM30,33019.7,33227.1,32921.1,32676.8,12298.49,193667165,2024-11-14
NIFTY200MOMENTM30,33207.85,33261.35,32888.9,32788.35,12071.72,194117409,2024-11-18
NIFTY200MOMENTM30,33075.25,33616.1,33127.55,33024.45,12320.94,184065018,2024-11-19
NIFTY200MOMENTM30,32976.9,32977.15,32603.7,32331.8,20006.24,322501700,2024-11-21
NIFTY200MOMENTM30,32687.55,33418.7,33317.3,32624.35,15295.81,224027503,2024-11-22
NIFTY200MOMENTM30,34059.3,34302.75,33998.65,33921.95,25688.25,374633386,2024-11-25
NIFTY200MOMENTM30,34129.6,34188.7,33748.45,33716.4,11001.27,176633002,2024-11-26
NIFTY200MOMENTM30,33912.7,34311.4,34208.2,33770.7,14487.86,201468264,2024-11-27
NIFTY200MOMENTM30,34261.9,34466.95,33940.45,33853.5,14591.13,213230843,2024-11-28
NIFTY200MOMENTM30,33993.85,34388.05,34248.85,33970.2,12387.23,182195168,2024-11-29
NIFTY200MOMENTM30,34288.75,34514.35,34500.15,34204.5,11061.05,134170874,2024-12-02
NIFTY200MOMENTM30,34676.3,34937.5,34912.4,34605.3,13701.26,194360600,2024-12-03
NIFTY200MOMENTM30,35076.0,35228.15,34904.7,34720.4,15693.74,241605697,2024-12-04
NIFTY200MOMENTM30,35098.7,35141.25,35072.25,34625.05,15829.01,221280957,2024-12-05
NIFTY200MOMENTM30,35217.5,35390.3,35303.7,35122.75,13750.63,260320994,2024-12-06
NIFTY200MOMENTM30,35312.25,35467.45,35250.5,35177.65,11059.91,187357865,2024-12-09
NIFTY200MOMENTM30,35320.3,35342.5,35234.5,35055.2,12332.25,191958334,2024-12-10
NIFTY200MOMENTM30,35281.85,35410.1,35372.05,35217.0,9990.92,160551132,2024-12-11
NIFTY200MOMENTM30,35400.75,35456.25,35147.55,35112.85,12522.68,179308172,2024-12-12
NIFTY200MOMENTM30,35127.25,35294.45,35267.5,34540.65,12674.19,189793919,2024-12-13
NIFTY200MOMENTM30,35352.45,35428.45,35393.6,35213.35,10985.3,129204795,2024-12-16
NIFTY200MOMENTM30,35340.3,35490.75,34860.85,34796.0,11268.76,156962908,2024-12-17
NIFTY200MOMENTM30,34837.4,34871.2,34468.65,34358.75,10855.03,182653493,2024-12-18
NIFTY200MOMENTM30,33873.5,34286.6,34165.7,33831.6,11793.62,180350190,2024-12-19
NIFTY200MOMENTM30,34223.25,34406.15,33126.55,33047.5,16300.37,230617940,2024-12-20
NIFTY200MOMENTM30,33374.9,33530.75,33245.3,32979.8,9591.49,147105484,2024-12-23
NIFTY200MOMENTM30,33314.8,33447.4,33185.5,33088.75,7869.69,116354229,2024-12-24
NIFTY200MOMENTM30,33272.05,33526.25,33489.15,33174.4,8056.13,123236196,2024-12-26
NIFTY200MOMENTM30,33590.65,33813.0,33342.0,33284.1,8640.45,138259754,2024-12-27
NIFTY200MOMENTM30,33376.45,33430.65,32847.05,32729.35,23212.14,452502283,2024-12-30
NIFTY200MOMENTM30,32603.95,32917.0,32825.0,32271.65,10864.13,114279137,2024-12-31
NIFTY200MOMENTM30,32822.7,32949.1,32911.4,32697.75,6031.44,63391571,2025-01-01
NIFTY200MOMENTM30,32997.15,33536.3,33507.15,32908.65,12336.37,126530859,2025-01-02
NIFTY200MOMENTM30,33557.4,33590.45,33222.15,33183.25,11959.91,138630358,2025-01-03
NIFTY200MOMENTM30,33291.95,33357.15,32509.8,32420.45,11485.99,135856624,2025-01-06
NIFTY200MOMENTM30,32547.25,32761.15,32432.65,32378.6,13077.34,197175927,2025-01-07
NIFTY200MOMENTM30,32458.05,32462.8,31908.95,31584.7,14653.2,164991823,2025-01-08
NIFTY200MOMENTM30,31921.25,31928.2,31517.5,31478.05,11699.83,138324490,2025-01-09
NIFTY200MOMENTM30,31511.3,31674.3,31277.35,31103.6,13429.58,158255585,2025-01-10
NIFTY200MOMENTM30,30929.65,30954.75,30125.5,30064.0,15322.41,193803835,2025-01-13
NIFTY200MOMENTM30,30231.55,30470.65,30377.05,30062.6,17852.99,208456512,2025-01-14
NIFTY200MOMENTM30,30542.8,30772.3,30648.65,30254.9,15553.64,172808972,2025-01-15
NIFTY200MOMENTM30,30919.95,31013.5,30761.1,30716.7,16569.37,195964277,2025-01-16
NIFTY200MOMENTM30,30726.2,30785.7,30645.55,30441.55,13007.84,145148363,2025-01-17
NIFTY200MOMENTM30,30759.25,30841.85,30693.5,30385.7,15319.48,228177334,2025-01-20
NIFTY200MOMENTM30,30612.5,30647.05,29609.7,29586.35,22977.18,427326010,2025-01-21
NIFTY200MOMENTM30,29640.8,29702.8,29532.2,29157.05,19290.15,328332138,2025-01-22
NIFTY200MOMENTM30,29591.9,30332.1,30231.35,29585.25,17837.23,191074414,2025-01-23
NIFTY200MOMENTM30,30215.8,30340.1,29919.4,29857.15,13208.11,147669142,2025-01-24
NIFTY200MOMENTM30,29628.0,29650.8,29039.35,28993.7,13289.09,167017908,2025-01-27
NIFTY200MOMENTM30,29074.9,29114.6,28670.1,28491.95,16744.58,237865330,2025-01-28
NIFTY200MOMENTM30,28734.75,29456.8,29403.5,28728.5,10964.75,141063772,2025-01-29
NIFTY200MOMENTM30,29453.95,29536.7,29210.65,29058.55,14206.53,196737048,2025-01-30
NIFTY200MOMENTM30,29318.7,29610.65,29528.55,29231.5,16298.06,232424994,2025-01-31
NIFTY200MOMENTM30,29609.65,29789.5,29621.0,29191.3,14155.76,246238710,2025-02-01
NIFTY200MOMENTM30,29411.7,29677.2,29657.7,29052.85,16674.19,256342931,2025-02-03
NIFTY200MOMENTM30,29952.2,30147.2,30050.8,29726.75,18258.71,257181270,2025-02-04
NIFTY200MOMENTM30,30117.4,30389.0,30229.7,30062.75,14204.01,176616416,2025-02-05
NIFTY200MOMENTM30,30409.9,30413.55,29844.85,29807.4,14701.59,138531024,2025-02-06
NIFTY200MOMENTM30,29930.75,30223.5,30161.3,29794.65,14949.72,156441431,2025-02-07
NIFTY200MOMENTM30,30195.2,30249.7,29608.65,29522.2,10636.85,132539202,2025-02-10
NIFTY200MOMENTM30,29637.15,29655.3,28908.7,28753.95,12939.52,182512134,2025-02-11
NIFTY200MOMENTM30,28882.75,29040.15,28825.9,28337.15,16209.21,226423384,2025-02-12
NIFTY200MOMENTM30,28893.25,29191.95,28867.55,28779.45,11330.99,133350091,2025-02-13
NIFTY200MOMENTM30,28988.85,29029.1,28280.85,28060.85,10979.15,147658906,2025-02-14
NIFTY200MOMENTM30,28099.3,28256.3,28202.55,27731.3,11906.48,167005444,2025-02-17
NIFTY200MOMENTM30,28267.85,28346.6,28238.85,27945.8,10635.72,151363957,2025-02-18
NIFTY200MOMENTM30,28047.35,28572.5,28451.2,27950.7,12672.37,161908897,2025-02-19
NIFTY200MOMENTM30,28358.2,28717.9,28695.35,28278.5,11547.63,121494344,2025-02-20
NIFTY200MOMENTM30,28656.95,28795.0,28216.4,28134.0,13306.57,138848040,2025-02-21
NIFTY200MOMENTM30,27883.7,27959.4,27842.9,27766.1,12153.13,139790669,2025-02-24
NIFTY200MOMENTM30,27806.3,28027.3,27767.2,27698.95,11199.28,155713989,2025-02-25
NIFTY200MOMENTM30,27800.15,27887.75,27524.0,27411.45,11353.4,144226601,2025-02-27
NIFTY200MOMENTM30,27298.3,27309.3,26676.7,26506.6,26129.02,304851028,2025-02-28
NIFTY200MOMENTM30,26729.75,27008.55,26870.35,26442.35,14572.58,161987127,2025-03-03
NIFTY200MOMENTM30,26577.15,26896.35,26760.2,26410.6,13319.19,164062317,2025-03-04
NIFTY200MOMENTM30,26738.6,27445.85,27409.15,26738.1,19518.29,165781265,2025-03-05
NIFTY200MOMENTM30,27634.3,27664.45,27405.7,27301.5,14198.96,161289755,2025-03-06
NIFTY200MOMENTM30,27389.15,27463.55,27181.95,27113.35,10757.92,145350934,2025-03-07
NIFTY200MOMENTM30,27193.6,27339.6,26775.0,26718.3,11822.75,164193576,2025-03-10
NIFTY200MOMENTM30,26498.2,26989.15,26944.3,26384.15,17610.76,270922513,2025-03-11
NIFTY200MOMENTM30,26986.8,27073.25,26767.8,26436.65,16202.53,192465711,2025-03-12
NIFTY200MOMENTM30,26914.25,26930.65,26613.15,26572.1,12440.3,179198336,2025-03-13
NIFTY200MOMENTM30,26570.75,26851.9,26829.25,26570.75,10775.4,133093370,2025-03-17
NIFTY200MOMENTM30,26967.15,27537.4,27495.85,26888.2,13388.6,184870607,2025-03-18
NIFTY200MOMENTM30,27551.85,27812.15,27761.7,27326.65,14519.44,180110403,2025-03-19
NIFTY200MOMENTM30,27966.2,28069.35,28016.5,27764.15,15036.52,181791336,2025-03-20
NIFTY200MOMENTM30,27946.7,28301.85,28205.75,27843.8,22015.11,281315128,2025-03-21
NIFTY200MOMENTM30,28374.4,28644.4,28540.55,28205.85,14806.97,162163159,2025-03-24
NIFTY200MOMENTM30,28730.35,28754.7,28282.25,28178.45,16188.77,194406560,2025-03-25
NIFTY200MOMENTM30,28353.05,28481.45,28149.25,28082.2,15507.38,228069505,2025-03-26
NIFTY200MOMENTM30,28082.35,28353.25,28317.35,28063.2,26364.15,576455830,2025-03-27
NIFTY200MOMENTM30,28414.9,28492.45,28166.9,28027.9,22374.29,198833283,2025-03-28
NIFTY200MOMENTM30,28053.7,28257.0,27655.55,27612.7,15759.2,179374061,2025-04-01
NIFTY200MOMENTM30,27677.95,28152.7,28129.7,27636.35,16477.0,216445540,2025-04-02
NIFTY200MOMENTM30,27969.1,28149.0,27804.6,27755.2,16488.42,176875466,2025-04-03
NIFTY200MOMENTM30,27720.35,27727.8,26935.1,26839.25,18833.97,229115350,2025-04-04
NIFTY200MOMENTM30,25133.95,26158.8,25997.45,25133.95,25402.36,270817319,2025-04-07
NIFTY200MOMENTM30,26528.9,26775.0,26582.65,26196.85,17280.49,211551737,2025-04-08
NIFTY200MOMENTM30,26422.55,26432.15,26210.45,26054.3,13304.88,132569150,2025-04-09
NIFTY200MOMENTM30,26821.4,26965.55,26824.6,26679.6,16354.69,159252986,2025-04-11
NIFTY200MOMENTM30,27473.1,27626.15,27576.3,27239.45,15468.33,201357465,2025-04-15
NIFTY200MOMENTM30,27613.65,27707.45,27689.15,27465.8,13013.95,133859581,2025-04-16
NIFTY200MOMENTM30,27630.0,28002.2,27976.45,27475.45,15567.87,175813813,2025-04-17
NIFTY200MOMENTM30,28145.75,28688.6,28628.6,28080.85,15920.01,177202650,2025-04-21
NIFTY200MOMENTM30,28693.35,28890.65,28779.15,28559.8,14920.32,164593972,2025-04-22
NIFTY200MOMENTM30,29088.4,29339.35,29320.5,28888.15,19871.23,179322834,2025-04-23
NIFTY200MOMENTM30,29351.8,29472.0,29332.35,29263.15,15696.68,165946670,2025-04-24
NIFTY200MOMENTM30,29418.65,29508.7,28822.1,28591.0,16278.83,160963654,2025-04-25
NIFTY200MOMENTM30,28847.15,29163.1,29141.9,28839.95,11802.27,132587424,2025-04-28
NIFTY200MOMENTM30,29268.1,29416.1,29367.7,29185.95,14410.98,182433289,2025-04-29
NIFTY200MOMENTM30,29407.45,29409.0,29270.6,29112.35,15014.91,170723580,2025-04-30
NIFTY200MOMENTM30,29180.7,29613.75,29190.8,29062.05,14938.98,223340363,2025-05-02
NIFTY200MOMENTM30,29360.9,29647.95,29618.65,29325.85,10296.41,115601612,2025-05-05
NIFTY200MOMENTM30,29769.2,29776.3,29183.8,29128.55,13975.56,126765134,2025-05-06
NIFTY200MOMENTM30,28909.15,29499.15,29476.55,28901.75,19611.47,175172152,2025-05-07
NIFTY200MOMENTM30,29541.4,29597.95,29072.25,28893.7,16407.22,184159593,2025-05-08
NIFTY200MOMENTM30,28501.85,28981.2,28878.0,28501.85,12464.39,157201293,2025-05-09
NIFTY200MOMENTM30,29533.75,30120.0,30093.1,29431.55,18336.0,193305140,2025-05-12
NIFTY200MOMENTM30,30140.85,30266.5,29985.75,29941.0,20979.5,218419910,2025-05-13
NIFTY200MOMENTM30,30075.5,30321.55,30278.15,29974.95,13756.93,146137444,2025-05-14
NIFTY200MOMENTM30,30337.8,30647.15,30602.5,30102.45,17452.38,164064932,2025-05-15
NIFTY200MOMENTM30,30631.65,30704.65,30642.1,30517.85,30360.75,258997243,2025-05-16
NIFTY200MOMENTM30,30732.3,30764.55,30570.3,30495.5,13732.61,147510323,2025-05-19
NIFTY200MOMENTM30,30763.95,30763.95,30159.65,30117.7,17520.63,200430874,2025-05-20
NIFTY200MOMENTM30,30234.35,30498.1,30446.25,30054.75,17403.66,205346424,2025-05-21
NIFTY200MOMENTM30,30351.3,30352.4,30156.9,30010.75,15986.87,154311684,2025-05-22
NIFTY200MOMENTM30,30200.85,30457.2,30371.85,30097.0,14695.62,160874266,2025-05-23
NIFTY200MOMENTM30,30490.2,30624.25,30562.6,30470.55,12728.36,185125911,2025-05-26
NIFTY200MOMENTM30,30580.6,30607.6,30426.65,30315.95,16162.92,333005561,2025-05-27
NIFTY200MOMENTM30,30529.25,30536.85,30286.25,30260.35,10093.99,140882386,2025-05-28
NIFTY200MOMENTM30,30434.2,30579.35,30547.05,30377.95,12832.54,179976787,2025-05-29
NIFTY200MOMENTM30,30538.5,30615.85,30506.1,30396.3,32493.19,660895132,2025-05-30
NIFTY200MOMENTM30,30469.45,30542.15,30512.05,30301.75,12315.31,155081795,2025-06-02
NIFTY200MOMENTM30,30712.6,30751.8,30434.9,30418.8,14620.82,209505760,2025-06-03
NIFTY200MOMENTM30,30482.8,30764.05,30738.45,30416.1,12747.23,170141071,2025-06-04
NIFTY200MOMENTM30,30856.6,31192.35,31085.0,30825.95,17494.15,237578576,2025-06-05
NIFTY200MOMENTM30,31142.0,31318.95,31299.85,31011.9,13080.63,168021329,2025-06-06
NIFTY200MOMENTM30,31470.6,31551.75,31519.55,31407.4,10926.49,124054128,2025-06-09
NIFTY200MOMENTM30,31639.1,31784.2,31656.65,31575.4,14600.05,151418590,2025-06-10
NIFTY200MOMENTM30,31689.35,31710.45,31605.8,31467.95,17724.74,183941013,2025-06-11
NIFTY200MOMENTM30,31616.5,31620.6,31133.95,31073.05,16857.81,160811104,2025-06-12
NIFTY200MOMENTM30,30539.65,31113.0,31023.75,30536.2,12935.54,148720675,2025-06-13
NIFTY200MOMENTM30,31039.1,31406.6,31385.45,30901.7,11769.84,135056571,2025-06-16
NIFTY200MOMENTM30,31468.35,31471.05,31240.65,31210.6,12964.03,128598856,2025-06-17
NIFTY200MOMENTM30,31121.85,31408.6,31230.55,31113.15,12012.07,118448216,2025-06-18
NIFTY200MOMENTM30,31241.2,31276.4,30975.45,30909.1,11905.03,133055118,2025-06-19
NIFTY200MOMENTM30,30975.3,31576.35,31506.45,30962.95,31102.11,309795068,2025-06-20
NIFTY200MOMENTM30,31269.2,31661.7,31529.6,31189.8,14672.84,146575542,2025-06-23
NIFTY200MOMENTM30,31827.35,31877.75,31542.6,31520.55,15033.71,158323043,2025-06-24
NIFTY200MOMENTM30,31706.1,31771.9,31732.15,31649.0,12010.67,133849433,2025-06-25
NIFTY200MOMENTM30,31793.7,31910.85,31899.35,31548.2,16178.01,172450198,2025-06-26
NIFTY200MOMENTM30,31975.25,32163.15,31852.15,31777.15,26627.88,294940078,2025-06-27
NIFTY200MOMENTM30,31913.5,31953.55,31901.15,31755.45,15966.3,94064884,2025-06-30
NIFTY200MOMENTM30,31906.7,32022.2,31912.0,31801.25,15144.86,105448061,2025-07-01
NIFTY200MOMENTM30,31875.05,31958.25,31722.7,31584.25,15293.83,104815558,2025-07-02
NIFTY200MOMENTM30,31727.0,31749.0,31512.3,31485.9,14933.99,144097467,2025-07-03
NIFTY200MOMENTM30,31569.95,31603.35,31443.05,31307.7,12720.64,84401611,2025-07-04
NIFTY200MOMENTM30,31436.15,31470.4,31384.05,31325.75,10350.47,84594404,2025-07-07
NIFTY200MOMENTM30,31407.5,31519.85,31430.15,31230.9,15305.99,91984937,2025-07-08
NIFTY200MOMENTM30,31439.25,31524.55,31476.1,31393.3,12801.34,92310563,2025-07-09
NIFTY200MOMENTM30,31521.1,31546.1,31249.1,31223.65,13263.14,98814945,2025-07-10
NIFTY200MOMENTM30,31153.35,31228.6,30919.5,30871.7,13824.09,90541662,2025-07-11
NIFTY200MOMENTM30,30945.9,31018.3,30980.5,30739.7,12840.89,88018089,2025-07-14
NIFTY200MOMENTM30,31026.35,31174.5,31148.3,31008.7,11065.83,72876669,2025-07-15
NIFTY200MOMENTM30,31200.25,31226.8,31130.15,31071.1,11784.58,72255333,2025-07-16
NIFTY200MOMENTM30,31186.95,31190.3,30897.75,30864.6,12579.33,80581616,2025-07-17
NIFTY200MOMENTM30,30896.3,30925.9,30690.5,30580.95,12449.31,93049921,2025-07-18
NIFTY200MOMENTM30,30734.55,31036.05,31012.95,30649.5,13001.52,79841012,2025-07-21
NIFTY200MOMENTM30,31127.05,31143.05,31066.3,30957.1,11321.92,81200570,2025-07-22
NIFTY200MOMENTM30,31161.7,31208.0,31198.4,30965.55,14667.57,97096203,2025-07-23
NIFTY200MOMENTM30,31176.45,31181.25,30911.55,30884.85,14992.42,87151281,2025-07-24
NIFTY200MOMENTM30,30771.05,30772.35,30599.35,30488.6,14213.83,96823906,2025-07-25
NIFTY200MOMENTM30,30455.65,30708.3,30317.15,30220.75,13986.17,101417117,2025-07-28
NIFTY200MOMENTM30,30230.4,30403.4,30350.0,30111.2,13455.03,99103587,2025-07-29
NIFTY200MOMENTM30,30408.1,30420.15,30306.85,30202.1,9892.94,64102654,2025-07-30
NIFTY200MOMENTM30,29958.9,30425.0,30226.65,29956.45,15748.17,93360229,2025-07-31
NIFTY200MOMENTM30,30214.9,30261.65,29863.45,29816.6,10222.92,62671519,2025-08-01
NIFTY200MOMENTM30,29893.85,30261.45,30233.2,29858.35,9863.64,64094525,2025-08-04
NIFTY200MOMENTM30,30236.6,30252.05,30179.85,30039.35,15736.13,103727565,2025-08-05
NIFTY200MOMENTM30,30220.15,30273.5,30048.45,29923.0,13350.42,85414691,2025-08-06
NIFTY200MOMENTM30,29910.25,30193.75,30144.95,29789.95,13095.88,81886303,2025-08-07
NIFTY200MOMENTM30,30140.45,30163.95,29703.3,29668.2,27541.84,156741823,2025-08-08
NIFTY200MOMENTM30,29695.1,30010.25,29975.5,29655.15,10535.21,67653224,2025-08-11
NIFTY200MOMENTM30,29977.9,30020.5,29783.6,29756.85,9464.44,63447172,2025-08-12
NIFTY200MOMENTM30,29915.6,30208.05,30158.9,29912.4,14791.96,137518024,2025-08-13
NIFTY200MOMENTM30,30228.2,30280.5,30218.85,30134.2,13025.89,82175174,2025-08-14
NIFTY200MOMENTM30,30609.05,30942.35,30663.5,30574.9,14941.56,98170963,2025-08-18
NIFTY200MOMENTM30,30677.65,30714.5,30685.25,30511.7,11096.04,78434799,2025-08-19
NIFTY200MOMENTM30,30696.9,30736.9,30695.4,30606.5,11443.29,87103277,2025-08-20
NIFTY200MOMENTM30,30802.75,30853.95,30696.4,30671.75,12868.34,83578929,2025-08-21
NIFTY200MOMENTM30,30685.25,30748.35,30620.75,30598.45,11497.45,75543955,2025-08-22
NIFTY200MOMENTM30,30745.3,30753.15,30611.25,30573.05,11160.79,75200447,2025-08-25
NIFTY200MOMENTM30,30536.8,30563.6,30121.15,30077.95,14732.6,123722417,2025-08-26
NIFTY200MOMENTM30,30067.0,30067.8,29752.7,29726.5,23890.74,124999727,2025-08-28
NIFTY200MOMENTM30,29709.3,29890.8,29637.3,29598.35,12112.69,90608900,2025-08-29
NIFTY200MOMENTM30,29691.7,30073.3,30053.85,29691.3,11029.23,74329215,2025-09-01
NIFTY200MOMENTM30,30123.25,30212.55,30016.4,29949.4,10282.55,78561754,2025-09-02
NIFTY200MOMENTM30,30039.4,30194.6,30176.25,29931.0,10915.24,83167647,2025-09-03
NIFTY200MOMENTM30,30592.8,30592.8,30076.15,30034.05,13910.16,111617255,2025-09-04
NIFTY200MOMENTM30,30228.7,30292.5,30150.75,30027.95,9519.09,68288621,2025-09-05
NIFTY200MOMENTM30,30213.95,30336.1,30207.9,30095.55,8647.38,65397932,2025-09-08
NIFTY200MOMENTM30,30270.5,30318.7,30290.85,30169.6,9333.21,76767805,2025-09-09
NIFTY200MOMENTM30,30424.8,30593.0,30564.65,30396.45,13493.92,103665334,2025-09-10
NIFTY200MOMENTM30,30538.0,30599.9,30483.7,30407.75,11715.31,88061366,2025-09-11
NIFTY200MOMENTM30,30576.2,30795.95,30758.2,30515.8,12516.92,102833038,2025-09-12
NIFTY200MOMENTM30,30789.15,30848.95,30798.4,30710.0,9984.0,85729705,2025-09-15
NIFTY200MOMENTM30,30791.9,30961.5,30933.05,30775.2,11790.79,88423037,2025-09-16
NIFTY200MOMENTM30,30989.8,31094.75,30947.45,30902.1,12367.13,103957779,2025-09-17
NIFTY200MOMENTM30,31017.85,31096.55,31077.75,30935.55,12157.23,91835397,2025-09-18
NIFTY200MOMENTM30,31064.7,31101.05,30945.95,30894.2,16452.58,125523624,2025-09-19
NIFTY200MOMENTM30,30921.5,31051.9,30915.55,30849.4,10889.75,76990802,2025-09-22
NIFTY200MOMENTM30,30928.7,30987.7,30759.55,30707.0,13002.79,98767885,2025-09-23
NIFTY200MOMENTM30,30713.15,30743.15,30531.45,30506.3,10903.88,79716915,2025-09-24
NIFTY200MOMENTM30,30500.45,30637.0,30313.05,30280.2,16900.74,140206977,2025-09-25
NIFTY200MOMENTM30,30258.7,30299.75,29826.85,29802.8,12132.48,91367548,2025-09-26
NIFTY200MOMENTM30,29930.85,30032.7,29884.95,29717.95,30436.39,191303382,2025-09-29
NIFTY200MOMENTM30,29905.15,29990.4,29844.65,29745.95,17262.34,128571227,2025-09-30
NIFTY200MOMENTM30,29798.5,30157.6,30133.8,29736.95,14476.11,110104093,2025-10-01
NIFTY200MOMENTM30,30079.4,30263.0,30238.5,30022.1,13679.36,108289788,2025-10-03
NIFTY200MOMENTM30,30302.0,30719.4,30709.2,30268.1,14688.35,132041194,2025-10-06
NIFTY200MOMENTM30,30752.05,30887.65,30837.75,30655.2,14297.7,130007373,2025-10-07
NIFTY200MOMENTM30,30806.85,30906.65,30712.7,30679.7,10271.84,82579820,2025-10-08
NIFTY200MOMENTM30,30737.5,31026.1,31010.4,30646.05,10732.77,82800770,2025-10-09
NIFTY200MOMENTM30,31028.6,31194.55,31106.75,31011.35,11218.1,80535383,2025-10-10
NIFTY200MOMENTM30,31019.6,31236.85,31213.7,30987.4,11767.65,80516604,2025-10-13
NIFTY200MOMENTM30,31292.3,31354.25,31086.2,31008.8,12896.3,93239495,2025-10-14
NIFTY200MOMENTM30,31188.6,31607.15,31580.25,31163.15,14007.08,94536689,2025-10-15
NIFTY200MOMENTM30,31616.55,31769.25,31720.4,31528.85,15821.77,113737360,2025-10-16
NIFTY200MOMENTM30,31701.2,31962.85,31805.55,31649.8,14836.39,116748924,2025-10-17
NIFTY200MOMENTM30,31946.55,32051.35,31895.7,31856.05,13760.25,95501036,2025-10-20
NIFTY200MOMENTM30,32000.05,32014.8,31882.9,31823.75,2012.41,15608856,2025-10-21
NIFTY200MOMENTM30,32053.4,32081.05,31754.95,31720.95,19507.9,146824190,2025-10-23
NIFTY200MOMENTM30,31832.25,31850.95,31683.5,31572.6,11165.9,86085294,2025-10-24
NIFTY200MOMENTM30,31797.6,31855.1,31796.9,31734.6,13348.9,95540209,2025-10-27
NIFTY200MOMENTM30,31790.8,31859.95,31669.4,31523.2,19939.25,141040858,2025-10-28
NIFTY200MOMENTM30,31711.05,31794.6,31756.35,31648.4,12082.46,90674603,2025-10-29
NIFTY200MOMENTM30,31733.7,31768.35,31630.25,31550.15,10303.8,75236853,2025-10-30
NIFTY200MOMENTM30,31647.25,31704.65,31443.35,31420.5,17160.95,149206538,2025-10-31
NIFTY200MOMENTM30,31412.45,31659.15,31606.7,31361.3,11804.8,95351626,2025-11-03
NIFTY200MOMENTM30,31597.75,31649.0,31476.1,31447.6,14751.44,101644595,2025-11-04
NIFTY200MOMENTM30,31433.2,31536.2,31213.95,31182.25,17264.92,125502544,2025-11-06
NIFTY200MOMENTM30,31083.0,31457.4,31417.05,30919.15,29152.22,165520190,2025-11-07
NIFTY200MOMENTM30,31480.4,31650.5,31538.1,31417.45,13099.52,113771747,2025-11-10
NIFTY200MOMENTM30,31521.5,31548.6,31529.55,31223.4,16630.07,125682884,2025-11-11
NIFTY200MOMENTM30,31733.9,31842.5,31783.85,31676.95,17251.57,111788903,2025-11-12
NIFTY200MOMENTM30,31811.7,31953.0,31788.2,31684.45,13254.32,94850723,2025-11-13
NIFTY200MOMENTM30,31738.75,31919.7,31884.15,31707.65,15515.84,109007962,2025-11-14
NIFTY200MOMENTM30,31972.05,32047.6,32033.25,31868.3,12769.35,97966567,2025-11-17
NIFTY200MOMENTM30,32020.75,32043.45,31824.45,31793.45,15386.77,113639066,2025-11-18
NIFTY200MOMENTM30,31830.15,31982.4,31968.45,31712.95,13328.56,90384526,2025-11-19
NIFTY200MOMENTM30,32078.55,32278.85,32170.0,31958.6,14308.78,96309000,2025-11-20
NIFTY200MOMENTM30,32087.5,32111.4,31866.55,31838.6,12683.41,90688791,2025-11-21
NIFTY200MOMENTM30,31944.9,31955.35,31641.9,31601.3,25575.41,203702524,2025-11-24
NIFTY200MOMENTM30,31674.7,31796.95,31692.7,31621.95,12682.99,100334111,2025-11-25
NIFTY200MOMENTM30,31694.5,32169.8,32153.05,31676.0,18867.84,117689621,2025-11-26
NIFTY200MOMENTM30,32219.35,32314.95,32218.6,32128.25,13046.38,92943947,2025-11-27
NIFTY200MOMENTM30,32280.45,32305.7,32145.85,32121.35,10677.32,80868533,2025-11-28
NIFTY200MOMENTM30,32290.95,32295.4,32128.5,32053.25,11235.93,81503773,2025-12-01
NIFTY200MOMENTM30,32035.05,32146.35,31960.65,31891.4,12964.87,97116080,2025-12-02
NIFTY200MOMENTM30,31903.25,31962.65,31615.8,31536.65,10707.51,78612067,2025-12-03
NIFTY200MOMENTM30,31617.6,31719.35,31695.45,31512.75,12165.64,76526755,2025-12-04
NIFTY200MOMENTM30,31663.7,32033.7,31955.15,31629.25,13058.47,81150776,2025-12-05
NIFTY200MOMENTM30,31877.95,31956.25,31397.85,31304.55,19486.02,109606600,2025-12-08
NIFTY200MOMENTM30,31293.4,31337.65,31297.7,30945.55,18323.78,115855780,2025-12-09
NIFTY200MOMENTM30,31288.3,31397.1,30982.8,30959.9,14306.43,80141111,2025-12-10
NIFTY200MOMENTM30,30956.4,31261.95,31216.85,30900.65,13900.43,71034957,2025-12-11
NIFTY200MOMENTM30,31277.05,31470.8,31449.2,31273.55,10639.26,67270891,2025-12-12
NIFTY200MOMENTM30,31381.9,31402.05,31375.85,31233.15,10292.36,66602444,2025-12-15
NIFTY200MOMENTM30,31358.85,31371.8,31155.35,31097.3,11773.25,82142612,2025-12-16
NIFTY200MOMENTM30,31177.95,31234.05,30910.15,30845.4,10951.83,76663765,2025-12-17
NIFTY200MOMENTM30,30888.95,31123.6,31023.7,30774.85,11597.74,72002485,2025-12-18
NIFTY200MOMENTM30,31111.1,31315.45,31291.95,31097.75,19722.69,116825576,2025-12-19
NIFTY200MOMENTM30,31343.8,31529.3,31503.4,31283.15,12273.41,76193107,2025-12-22
NIFTY200MOMENTM30,31545.8,31569.4,31508.4,31429.15,11775.84,78194159,2025-12-23
NIFTY200MOMENTM30,31505.15,31669.5,31381.7,31349.25,10593.87,70109365,2025-12-24
NIFTY200MOMENTM30,31391.7,31480.75,31189.6,31130.2,8899.93,61639822,2025-12-26
NIFTY200MOMENTM30,31251.45,31265.6,30998.6,30971.6,11618.92,82064109,2025-12-29
NIFTY200MOMENTM30,30981.2,31034.8,30847.95,30656.55,29294.32,225103074,2025-12-30
NIFTY200MOMENTM30,30875.55,31205.3,31147.55,30844.05,9615.57,141532973,2025-12-31
NIFTY200MOMENTM30,31187.85,31343.25,31318.45,31102.65,6302.41,99628045,2026-01-01
NIFTY200MOMENTM30,31414.25,31650.9,31619.9,31386.75,9251.94,125835397,2026-01-02
NIFTY200MOMENTM30,31695.45,31854.05,31719.1,31589.7,9944.19,123674792,2026-01-05
NIFTY200MOMENTM30,31769.75,31930.85,31760.55,31644.85,11196.33,119687348,2026-01-06
NIFTY200MOMENTM30,31764.0,31783.55,31596.8,31530.3,9959.09,116388371,2026-01-07
NIFTY200MOMENTM30,31594.65,31595.4,31181.4,31124.4,9651.32,103006978,2026-01-08
NIFTY200MOMENTM30,31155.75,31354.4,30928.5,30826.9,10170.79,122428791,2026-01-09
NIFTY200MOMENTM30,30960.15,31061.45,31025.35,30559.15,11420.97,130881363,2026-01-12
NIFTY200MOMENTM30,31127.45,31206.0,30960.05,30712.15,12068.03,124031153,2026-01-13
NIFTY200MOMENTM30,30920.2,31029.05,30971.55,30769.95,10152.24,132189770,2026-01-14
NIFTY200MOMENTM30,30928.25,31274.95,31065.4,30926.85,15902.18,235898577,2026-01-16
NIFTY200MOMENTM30,31017.4,31314.0,31229.0,30976.4,10457.02,146016316,2026-01-19
NIFTY200MOMENTM30,31257.8,31265.65,30531.85,30429.85,10812.71,154922504,2026-01-20
NIFTY200MOMENTM30,30399.8,30677.75,30350.95,29992.05,13098.5,168694868,2026-01-21
NIFTY200MOMENTM30,30608.9,30914.15,30643.55,30438.6,12043.6,145803598,2026-01-22
NIFTY200MOMENTM30,30768.9,30812.7,30190.1,30148.0,14360.37,180829914,2026-01-23
NIFTY200MOMENTM30,30327.3,30407.85,30332.6,29989.6,15742.97,205324934,2026-01-27
NIFTY200MOMENTM30,30385.65,30647.05,30606.6,30195.7,15418.42,164403876,2026-01-28
NIFTY200MOMENTM30,30674.15,30678.95,30535.0,30376.6,16232.94,222765736,2026-01-29
NIFTY200MOMENTM30,30327.8,30449.95,30327.15,30048.25,15113.41,183171047,2026-01-30
NIFTY200MOMENTM30,30234.6,30295.95,29415.15,28916.1,12570.34,119922604,2026-02-01
NIFTY200MOMENTM30,29357.75,29818.95,29742.25,29073.95,14922.08,191892035,2026-02-02
NIFTY200MOMENTM30,30991.1,31252.45,30630.95,30471.75,17822.19,199787515,2026-02-03
NIFTY200MOMENTM30,30688.45,30987.0,30926.05,30496.55,12501.42,154893891,2026-02-04
NIFTY200MOMENTM30,30808.9,30814.6,30769.7,30551.25,10329.19,117334833,2026-02-05
NIFTY200MOMENTM30,30726.55,30909.85,30876.95,30436.15,12866.96,175142701,2026-02-06
NIFTY200MOMENTM30,31116.35,31430.25,31415.8,30982.45,14923.08,178460746,2026-02-09
NIFTY200MOMENTM30,31544.75,31544.75,31439.75,31336.7,17001.04,145475530,2026-02-10
NIFTY200MOMENTM30,31543.35,31705.15,31655.25,31438.75,17224.57,208850733,2026-02-11
NIFTY200MOMENTM30,31651.6,31908.55,31892.3,31529.2,14911.0,172925833,2026-02-12
NIFTY200MOMENTM30,31677.2,31679.75,31397.65,31343.55,15903.69,162668969,2026-02-13
NIFTY200MOMENTM30,31233.8,31478.65,31454.9,31117.0,12716.08,163342260,2026-02-16
NIFTY200MOMENTM30,31425.35,31595.9,31568.65,31294.75,10907.83,138002832,2026-02-17
NIFTY200MOMENTM30,31610.8,31777.7,31755.85,31578.5,9012.02,110823023,2026-02-18
NIFTY200MOMENTM30,31810.1,31819.55,31291.4,31197.15,9646.81,104343257,2026-02-19
NIFTY200MOMENTM30,31248.95,31663.75,31588.8,31208.1,10238.78,125612140,2026-02-20
NIFTY200MOMENTM30,31714.3,31793.65,31646.1,31532.1,12231.55,145052355,2026-02-23
NIFTY200MOMENTM30,31574.35,31608.7,31548.3,31341.75,12385.0,146536068,2026-02-24
NIFTY200MOMENTM30,31672.2,31915.5,31778.75,31579.25,12330.33,156808799,2026-02-25
NIFTY200MOMENTM30,31857.6,31955.2,31922.85,31666.35,13602.57,149622473,2026-02-26
NIFTY200MOMENTM30,31848.4,31854.65,31360.95,31303.9,23241.11,370368828,2026-02-27
NIFTY200MOMENTM30,30408.0,31228.1,30845.6,30395.65,15420.86,161260015,2026-03-02
NIFTY200MOMENTM30,30348.05,30352.4,30112.95,29818.6,17574.5,198099034,2026-03-04
NIFTY200MOMENTM30,30352.25,30744.9,30625.3,30224.3,16544.58,173062173,2026-03-05
NIFTY200MOMENTM30,30508.5,30593.35,30175.85,30135.6,13055.17,154437741,2026-03-06
NIFTY200MOMENTM30,29387.45,29524.6,29476.95,28882.65,15987.0,182804384,2026-03-09
NIFTY200MOMENTM30,29936.3,30273.05,30189.4,29735.45,14612.77,155702142,2026-03-10
NIFTY200MOMENTM30,30226.35,30291.05,29511.35,29470.5,12285.62,131939327,2026-03-11
NIFTY200MOMENTM30,29286.45,29413.8,29163.15,28939.9,15442.02,183959986,2026-03-12
NIFTY200MOMENTM30,28977.85,29011.1,28396.2,28313.85,14028.21,156684709,2026-03-13
NIFTY200MOMENTM30,28292.75,28750.9,28613.55,28102.0,16388.53,177798512,2026-03-16
NIFTY200MOMENTM30,28727.5,29035.3,28967.2,28551.2,13001.18,144364863,2026-03-17
NIFTY200MOMENTM30,29067.8,29469.45,29401.95,29066.85,11451.27,123079394,2026-03-18
NIFTY200MOMENTM30,28906.2,28932.3,28310.7,28165.05,12429.49,144867881,2026-03-19
NIFTY200MOMENTM30,28474.0,28762.25,28410.95,28356.6,18982.97,249953319,2026-03-20
NIFTY200MOMENTM30,28014.4,28014.4,27324.95,27186.05,14627.54,180669333,2026-03-23
NIFTY200MOMENTM30,27876.25,28156.3,28003.8,27529.1,15989.96,182845571,2026-03-24
NIFTY200MOMENTM30,28318.4,28931.0,28747.6,28298.5,15252.58,171014510,2026-03-25
NIFTY200MOMENTM30,28517.4,28521.05,27944.5,27908.15,20457.38,222224581,2026-03-27
NIFTY200MOMENTM30,27566.75,27719.45,27071.65,27000.4,19310.33,303038214,2026-03-30
NIFTY200MOMENTM30,27877.1,28087.2,27768.75,27671.45,17022.1,255669405,2026-04-01
NIFTY200MOMENTM30,27360.75,27690.0,27620.65,26869.25,13600.92,173990791,2026-04-02
NIFTY200MOMENTM30,27723.3,28271.15,28231.85,27430.95,14744.53,184909212,2026-04-06
NIFTY200MOMENTM30,28078.3,28328.15,28295.9,27814.15,12767.33,150459276,2026-04-07
NIFTY200MOMENTM30,29437.35,29971.7,29917.65,29386.8,25537.1,308941425,2026-04-08
NIFTY200MOMENTM30,29867.75,30043.8,29840.55,29638.25,17026.96,183992759,2026-04-09
NIFTY200MOMENTM30,30081.85,30540.25,30515.1,30060.5,15448.0,179896492,2026-04-10
NIFTY200MOMENTM30,29768.35,30126.65,30007.6,29578.25,15928.1,154225836,2026-04-13
NIFTY200MOMENTM30,30648.5,30754.8,30536.15,30507.45,15088.57,167957466,2026-04-15
NIFTY200MOMENTM30,30754.9,30826.4,30533.05,30364.4,16305.29,167523985,2026-04-16
NIFTY200MOMENTM30,30523.8,30812.5,30788.05,30348.7,11953.9,125884723,2026-04-17
NIFTY200MOMENTM30,30820.9,31001.0,30868.4,30563.05,13418.32,143410490,2026-04-20
NIFTY200MOMENTM30,30914.05,31117.8,30995.15,30897.0,12271.11,132944204,2026-04-21
NIFTY200MOMENTM30,30951.9,31079.4,30926.7,30863.75,10675.72,129488748,2026-04-22
NIFTY200MOMENTM30,30767.7,30770.6,30525.55,30454.8,13039.94,152028217,2026-04-23
NIFTY200MOMENTM30,30527.55,30677.3,30378.45,30167.35,11230.88,127514774,2026-04-24
NIFTY200MOMENTM30,30467.8,30587.6,30532.3,30341.3,13114.74,150346820,2026-04-27
NIFTY200MOMENTM30,30506.7,30660.65,30380.1,30348.9,13122.88,145940021,2026-04-28
NIFTY200MOMENTM30,30534.0,30780.2,30410.8,30359.2,11505.85,137795220,2026-04-29
NIFTY200MOMENTM30,30178.75,30294.25,30157.9,29830.4,15998.84,174512306,2026-04-30
NIFTY200MOMENTM30,30265.05,30694.95,30382.2,30193.25,12955.79,140692999,2026-05-04
NIFTY200MOMENTM30,30323.35,30501.05,30412.1,30141.8,11502.46,128729008,2026-05-05
NIFTY200MOMENTM30,30785.45,31149.05,31090.9,30619.45,14291.71,160035861,2026-05-06
NIFTY200MOMENTM30,31264.45,31469.45,31351.75,31199.55,15968.27,178386864,2026-05-07
NIFTY200MOMENTM30,31285.85,31361.5,31152.2,31111.0,16347.28,163454691,2026-05-08
NIFTY200MOMENTM30,30845.2,30856.2,30522.95,30488.5,17753.35,233037720,2026-05-11
